기준일,시도명,시군구명,65세이상1인세대,65세이상남자1인세대,65세이상여자1인세대
2022-12-31,서울특별시,종로구,8550,3434,5116
2022-12-31,서울특별시,중구,7709,3147,4562
2022-12-31,서울특별시,용산구,10453,3636,6817
2022-12-31,서울특별시,성동구,11642,3850,7792
2022-12-31,서울특별시,광진구,13161,4438,8723
2022-12-31,서울특별시,동대문구,17877,6514,11363
2022-12-31,서울특별시,중랑구,20935,7497,13438
2022-12-31,서울특별시,성북구,19007,5793,13214
2022-12-31,서울특별시,강북구,19140,6418,12722
2022-12-31,서울특별시,도봉구,16219,5347,10872
2022-12-31,서울특별시,노원구,24994,7225,17769
2022-12-31,서울특별시,은평구,22310,6957,15353
2022-12-31,서울특별시,서대문구,14021,4322,9699
2022-12-31,서울특별시,마포구,13657,3885,9772
2022-12-31,서울특별시,양천구,16744,5339,11405
2022-12-31,서울특별시,강서구,24691,8238,16453
2022-12-31,서울특별시,구로구,17463,5975,11488
2022-12-31,서울특별시,금천구,11609,4246,7363
2022-12-31,서울특별시,영등포구,15845,5779,10066
2022-12-31,서울특별시,동작구,15657,4673,10984
2022-12-31,서울특별시,관악구,21438,7423,14015
2022-12-31,서울특별시,서초구,10708,3377,7331
2022-12-31,서울특별시,강남구,15974,4937,11037
2022-12-31,서울특별시,송파구,19684,6488,13196
2022-12-31,서울특별시,강동구,17556,6003,11553
2022-12-31,부산광역시,중구,4524,1648,2876
2022-12-31,부산광역시,서구,9678,3175,6503
2022-12-31,부산광역시,동구,8797,2861,5936
2022-12-31,부산광역시,영도구,10653,3436,7217
2022-12-31,부산광역시,부산진구,22029,6874,15155
2022-12-31,부산광역시,동래구,14014,4183,9831
2022-12-31,부산광역시,남구,14457,4104,10353
2022-12-31,부산광역시,북구,16022,5115,10907
2022-12-31,부산광역시,해운대구,20238,5701,14537
2022-12-31,부산광역시,사하구,19081,6294,12787
2022-12-31,부산광역시,금정구,14593,4536,10057
2022-12-31,부산광역시,강서구,5214,2110,3104
2022-12-31,부산광역시,연제구,11690,3606,8084
2022-12-31,부산광역시,수영구,10737,3104,7633
2022-12-31,부산광역시,사상구,12894,4345,8549
2022-12-31,부산광역시,기장군,9383,3098,6285
2022-12-31,대구광역시,중구,5207,1636,3571
2022-12-31,대구광역시,동구,21969,6583,15386
2022-12-31,대구광역시,서구,13563,4089,9474
2022-12-31,대구광역시,남구,12219,3665,8554
2022-12-31,대구광역시,북구,19620,5522,14098
2022-12-31,대구광역시,수성구,18207,4805,13402
2022-12-31,대구광역시,달서구,24714,7089,17625
2022-12-31,대구광역시,달성군,10397,3404,6993
2022-12-31,인천광역시,중구,7458,2976,4482
2022-12-31,인천광역시,동구,4501,1452,3049
2022-12-31,인천광역시,미추홀구,21737,7509,14228
2022-12-31,인천광역시,연수구,9818,3081,6737
2022-12-31,인천광역시,남동구,22210,7275,14935
2022-12-31,인천광역시,부평구,21800,7020,14780
2022-12-31,인천광역시,계양구,11938,3916,8022
2022-12-31,인천광역시,서구,17627,6172,11455
2022-12-31,인천광역시,강화군,7168,2723,4445
2022-12-31,인천광역시,옹진군,2227,948,1279
2022-12-31,광주광역시,동구,7428,2496,4932
2022-12-31,광주광역시,서구,13032,3914,9118
2022-12-31,광주광역시,남구,11475,3377,8098
2022-12-31,광주광역시,북구,21591,6778,14813
2022-12-31,광주광역시,광산구,12476,3854,8622
2022-12-31,대전광역시,동구,14627,5096,9531
2022-12-31,대전광역시,중구,14387,4911,9476
2022-12-31,대전광역시,서구,16981,5162,11819
2022-12-31,대전광역시,유성구,8938,2936,6002
2022-12-31,대전광역시,대덕구,9054,3005,6049
2022-12-31,울산광역시,중구,10800,3582,7218
2022-12-31,울산광역시,남구,11587,3895,7692
2022-12-31,울산광역시,동구,5388,1769,3619
2022-12-31,울산광역시,북구,5139,1704,3435
2022-12-31,울산광역시,울주군,11647,4429,7218
2022-12-31,세종특별자치시,,9407,3243,6164
2022-12-31,경기도,수원시 장안구,10898,3593,7305
2022-12-31,경기도,수원시 권선구,11310,3750,7560
2022-12-31,경기도,수원시 팔달구,9023,3180,5843
2022-12-31,경기도,수원시 영통구,6640,1884,4756
2022-12-31,경기도,성남시 수정구,12518,4524,7994
2022-12-31,경기도,성남시 중원구,10278,3758,6520
2022-12-31,경기도,성남시 분당구,12864,3448,9416
2022-12-31,경기도,의정부시,21586,7060,14526
2022-12-31,경기도,안양시 만안구,10226,3568,6658
2022-12-31,경기도,안양시 동안구,8614,2268,6346
2022-12-31,경기도,부천시,31856,10627,21229
2022-12-31,경기도,광명시,10622,3125,7497
2022-12-31,경기도,평택시,21102,7517,13585
2022-12-31,경기도,동두천시,7037,2429,4608
2022-12-31,경기도,안산시 상록구,12782,4284,8498
2022-12-31,경기도,안산시 단원구,10490,3868,6622
2022-12-31,경기도,고양시 덕양구,20994,7064,13930
2022-12-31,경기도,고양시 일산동구,9617,3025,6592
2022-12-31,경기도,고양시 일산서구,9350,2566,6784
2022-12-31,경기도,과천시,1916,536,1380
2022-12-31,경기도,구리시,7234,2484,4750
2022-12-31,경기도,남양주시,27537,9579,17958
2022-12-31,경기도,오산시,6618,2396,4222
2022-12-31,경기도,시흥시,14804,5624,9180
2022-12-31,경기도,군포시,10249,3144,7105
2022-12-31,경기도,의왕시,4993,1495,3498
2022-12-31,경기도,하남시,9916,3695,6221
2022-12-31,경기도,용인시 처인구,10291,3860,6431
2022-12-31,경기도,용인시 기흥구,11793,3354,8439
2022-12-31,경기도,용인시 수지구,8134,2057,6077
2022-12-31,경기도,파주시,19567,6908,12659
2022-12-31,경기도,이천시,9182,3427,5755
2022-12-31,경기도,안성시,10564,3801,6763
2022-12-31,경기도,김포시,15362,5550,9812
2022-12-31,경기도,화성시,21493,8379,13114
2022-12-31,경기도,광주시,13414,5404,8010
2022-12-31,경기도,양주시,11894,4638,7256
2022-12-31,경기도,포천시,10719,4622,6097
2022-12-31,경기도,여주시,7901,3146,4755
2022-12-31,경기도,연천군,4230,1625,2605
2022-12-31,경기도,가평군,6010,2469,3541
2022-12-31,경기도,양평군,10290,4162,6128
2022-12-31,강원도,춘천시,15744,4950,10794
2022-12-31,강원도,원주시,17945,6086,11859
2022-12-31,강원도,강릉시,15713,4890,10823
2022-12-31,강원도,동해시,6569,2074,4495
2022-12-31,강원도,태백시,4087,1322,2765
2022-12-31,강원도,속초시,6116,2050,4066
2022-12-31,강원도,삼척시,6438,2032,4406
2022-12-31,강원도,홍천군,6229,2506,3723
2022-12-31,강원도,횡성군,4724,1873,2851
2022-12-31,강원도,영월군,4607,1685,2922
2022-12-31,강원도,평창군,4409,1709,2700
2022-12-31,강원도,정선군,4189,1568,2621
2022-12-31,강원도,철원군,3447,1073,2374
2022-12-31,강원도,화천군,2022,754,1268
2022-12-31,강원도,양구군,1644,581,1063
2022-12-31,강원도,인제군,2410,963,1447
2022-12-31,강원도,고성군,3245,1026,2219
2022-12-31,강원도,양양군,3110,1135,1975
2022-12-31,충청북도,청주시 상당구,9842,3271,6571
2022-12-31,충청북도,청주시 서원구,9610,3059,6551
2022-12-31,충청북도,청주시 흥덕구,8918,2889,6029
2022-12-31,충청북도,청주시 청원구,8043,2528,5515
2022-12-31,충청북도,충주시,14059,4629,9430
2022-12-31,충청북도,제천시,10433,3527,6906
2022-12-31,충청북도,보은군,4157,1334,2823
2022-12-31,충청북도,옥천군,5560,1951,3609
2022-12-31,충청북도,영동군,5482,1820,3662
2022-12-31,충청북도,증평군,2410,818,1592
2022-12-31,충청북도,진천군,4749,1726,3023
2022-12-31,충청북도,괴산군,4796,1801,2995
2022-12-31,충청북도,음성군,7147,2761,4386
2022-12-31,충청북도,단양군,3407,1258,2149
2022-12-31,충청남도,천안시 동남구,11971,4342,7629
2022-12-31,충청남도,천안시 서북구,10565,3645,6920
2022-12-31,충청남도,공주시,9105,3105,6000
2022-12-31,충청남도,보령시,9075,2933,6142
2022-12-31,충청남도,아산시,14032,4917,9115
2022-12-31,충청남도,서산시,9964,3373,6591
2022-12-31,충청남도,논산시,11433,3633,7800
2022-12-31,충청남도,계룡시,1521,462,1059
2022-12-31,충청남도,당진시,9953,3689,6264
2022-12-31,충청남도,금산군,5912,2013,3899
2022-12-31,충청남도,부여군,7877,2442,5435
2022-12-31,충청남도,서천군,6629,1963,4666
2022-12-31,충청남도,청양군,3806,1286,2520
2022-12-31,충청남도,홍성군,7502,2293,5209
2022-12-31,충청남도,예산군,7868,2577,5291
2022-12-31,충청남도,태안군,6804,2287,4517
2022-12-31,전라북도,전주시 완산구,17479,5330,12149
2022-12-31,전라북도,전주시 덕진구,13799,4335,9464
2022-12-31,전라북도,군산시,17402,5972,11430
2022-12-31,전라북도,익산시,19224,6083,13141
2022-12-31,전라북도,정읍시,11833,3556,8277
2022-12-31,전라북도,남원시,8629,2425,6204
2022-12-31,전라북도,김제시,10327,3071,7256
2022-12-31,전라북도,완주군,7496,2717,4779
2022-12-31,전라북도,진안군,3385,1161,2224
2022-12-31,전라북도,무주군,3214,975,2239
2022-12-31,전라북도,장수군,2975,867,2108
2022-12-31,전라북도,임실군,4038,1318,2720
2022-12-31,전라북도,순창군,3612,996,2616
2022-12-31,전라북도,고창군,7475,2047,5428
2022-12-31,전라북도,부안군,7054,2140,4914
2022-12-31,전라남도,목포시,14518,4655,9863
2022-12-31,전라남도,여수시,17923,5695,12228
2022-12-31,전라남도,순천시,14917,4539,10378
2022-12-31,전라남도,나주시,10665,3382,7283
2022-12-31,전라남도,광양시,7049,2403,4646
2022-12-31,전라남도,담양군,5359,1676,3683
2022-12-31,전라남도,곡성군,4192,1193,2999
2022-12-31,전라남도,구례군,3421,939,2482
2022-12-31,전라남도,고흥군,10618,2839,7779
2022-12-31,전라남도,보성군,6606,1818,4788
2022-12-31,전라남도,화순군,7199,2219,4980
2022-12-31,전라남도,장흥군,5364,1347,4017
2022-12-31,전라남도,강진군,4960,1310,3650
2022-12-31,전라남도,해남군,8627,2371,6256
2022-12-31,전라남도,영암군,5861,1750,4111
2022-12-31,전라남도,무안군,6528,1997,4531
2022-12-31,전라남도,함평군,5023,1450,3573
2022-12-31,전라남도,영광군,6140,1786,4354
2022-12-31,전라남도,장성군,5234,1680,3554
2022-12-31,전라남도,완도군,6279,1695,4584
2022-12-31,전라남도,진도군,4424,1200,3224
2022-12-31,전라남도,신안군,5486,1743,3743
2022-12-31,경상북도,포항시 남구,13995,4792,9203
2022-12-31,경상북도,포항시 북구,15851,4880,10971
2022-12-31,경상북도,경주시,20921,6664,14257
2022-12-31,경상북도,김천시,11404,3381,8023
2022-12-31,경상북도,안동시,13888,4206,9682
2022-12-31,경상북도,구미시,12909,4098,8811
2022-12-31,경상북도,영주시,10120,2994,7126
2022-12-31,경상북도,영천시,11292,3902,7390
2022-12-31,경상북도,상주시,11155,3080,8075
2022-12-31,경상북도,문경시,8257,2373,5884
2022-12-31,경상북도,경산시,14540,4616,9924
2022-12-31,경상북도,군위군,3646,1350,2296
2022-12-31,경상북도,의성군,8263,2446,5817
2022-12-31,경상북도,청송군,3678,1128,2550
2022-12-31,경상북도,영양군,2404,693,1711
2022-12-31,경상북도,영덕군,5631,1446,4185
2022-12-31,경상북도,청도군,6332,2099,4233
2022-12-31,경상북도,고령군,4068,1462,2606
2022-12-31,경상북도,성주군,5464,2056,3408
2022-12-31,경상북도,칠곡군,6627,2343,4284
2022-12-31,경상북도,예천군,6149,1785,4364
2022-12-31,경상북도,봉화군,4393,1489,2904
2022-12-31,경상북도,울진군,5931,1746,4185
2022-12-31,경상북도,울릉군,981,388,593
2022-12-31,경상남도,창원시 의창구,9193,3196,5997
2022-12-31,경상남도,창원시 성산구,5744,1869,3875
2022-12-31,경상남도,창원시 마산합포구,12936,4160,8776
2022-12-31,경상남도,창원시 마산회원구,11046,3539,7507
2022-12-31,경상남도,창원시 진해구,8968,2915,6053
2022-12-31,경상남도,진주시,20268,5887,14381
2022-12-31,경상남도,통영시,9112,3026,6086
2022-12-31,경상남도,사천시,9317,2725,6592
2022-12-31,경상남도,김해시,20060,6797,13263
2022-12-31,경상남도,밀양시,11872,3740,8132
2022-12-31,경상남도,거제시,8748,3126,5622
2022-12-31,경상남도,양산시,16049,5321,10728
2022-12-31,경상남도,의령군,4448,1320,3128
2022-12-31,경상남도,함안군,6568,2222,4346
2022-12-31,경상남도,창녕군,7848,2388,5460
2022-12-31,경상남도,고성군,6391,2051,4340
2022-12-31,경상남도,남해군,6181,1611,4570
2022-12-31,경상남도,하동군,6195,1944,4251
2022-12-31,경상남도,산청군,5572,1769,3803
2022-12-31,경상남도,함양군,5604,1566,4038
2022-12-31,경상남도,거창군,6664,1755,4909
2022-12-31,경상남도,합천군,7373,2020,5353
2022-12-31,제주특별자치도,제주시,22668,7730,14938
2022-12-31,제주특별자치도,서귀포시,11642,3935,7707
2023-12-31,서울특별시,종로구,8762,3536,5226
2023-12-31,서울특별시,중구,8009,3252,4757
2023-12-31,서울특별시,용산구,10562,3728,6834
2023-12-31,서울특별시,성동구,12156,4073,8083
2023-12-31,서울특별시,광진구,13896,4746,9150
2023-12-31,서울특별시,동대문구,18625,6808,11817
2023-12-31,서울특별시,중랑구,22269,8138,14131
2023-12-31,서울특별시,성북구,19850,6133,13717
2023-12-31,서울특별시,강북구,20457,6974,13483
2023-12-31,서울특별시,도봉구,17344,5725,11619
2023-12-31,서울특별시,노원구,26467,7744,18723
2023-12-31,서울특별시,은평구,23556,7396,16160
2023-12-31,서울특별시,서대문구,14480,4475,10005
2023-12-31,서울특별시,마포구,14167,4041,10126
2023-12-31,서울특별시,양천구,17825,5744,12081
2023-12-31,서울특별시,강서구,26348,8851,17497
2023-12-31,서울특별시,구로구,18598,6454,12144
2023-12-31,서울특별시,금천구,12440,4604,7836
2023-12-31,서울특별시,영등포구,16548,6045,10503
2023-12-31,서울특별시,동작구,16170,4838,11332
2023-12-31,서울특별시,관악구,22776,7979,14797
2023-12-31,서울특별시,서초구,11197,3510,7687
2023-12-31,서울특별시,강남구,16878,5187,11691
2023-12-31,서울특별시,송파구,20866,6926,13940
2023-12-31,서울특별시,강동구,18821,6532,12289
2023-12-31,부산광역시,중구,4766,1741,3025
2023-12-31,부산광역시,서구,10124,3363,6761
2023-12-31,부산광역시,동구,9316,3068,6248
2023-12-31,부산광역시,영도구,11261,3733,7528
2023-12-31,부산광역시,부산진구,23496,7444,16052
2023-12-31,부산광역시,동래구,15030,4507,10523
2023-12-31,부산광역시,남구,15259,4368,10891
2023-12-31,부산광역시,북구,17269,5592,11677
2023-12-31,부산광역시,해운대구,21435,6122,15313
2023-12-31,부산광역시,사하구,20395,6802,13593
2023-12-31,부산광역시,금정구,15571,4932,10639
2023-12-31,부산광역시,강서구,5557,2319,3238
2023-12-31,부산광역시,연제구,12501,3847,8654
2023-12-31,부산광역시,수영구,11557,3348,8209
2023-12-31,부산광역시,사상구,13924,4797,9127
2023-12-31,부산광역시,기장군,10077,3405,6672
2023-12-31,대구광역시,중구,5475,1705,3770
2023-12-31,대구광역시,동구,23369,7160,16209
2023-12-31,대구광역시,서구,14590,4457,10133
2023-12-31,대구광역시,남구,12774,3902,8872
2023-12-31,대구광역시,북구,20980,6038,14942
2023-12-31,대구광역시,수성구,19238,5142,14096
2023-12-31,대구광역시,달서구,26680,7877,18803
2023-12-31,대구광역시,달성군,11249,3724,7525
2023-12-31,대구광역시,군위군,3791,1475,2316
2023-12-31,인천광역시,중구,7972,3241,4731
2023-12-31,인천광역시,동구,4642,1532,3110
2023-12-31,인천광역시,미추홀구,23463,8167,15296
2023-12-31,인천광역시,연수구,10577,3384,7193
2023-12-31,인천광역시,남동구,24365,8128,16237
2023-12-31,인천광역시,부평구,23719,7753,15966
2023-12-31,인천광역시,계양구,13083,4402,8681
2023-12-31,인천광역시,서구,19725,7005,12720
2023-12-31,인천광역시,강화군,7475,2884,4591
2023-12-31,인천광역시,옹진군,2410,1040,1370
2023-12-31,광주광역시,동구,7859,2667,5192
2023-12-31,광주광역시,서구,14037,4275,9762
2023-12-31,광주광역시,남구,12256,3661,8595
2023-12-31,광주광역시,북구,23345,7457,15888
2023-12-31,광주광역시,광산구,13262,4263,8999
2023-12-31,대전광역시,동구,15434,5471,9963
2023-12-31,대전광역시,중구,15160,5256,9904
2023-12-31,대전광역시,서구,18135,5591,12544
2023-12-31,대전광역시,유성구,9692,3257,6435
2023-12-31,대전광역시,대덕구,9804,3293,6511
2023-12-31,울산광역시,중구,11624,3970,7654
2023-12-31,울산광역시,남구,12441,4235,8206
2023-12-31,울산광역시,동구,6034,2044,3990
2023-12-31,울산광역시,북구,5574,1862,3712
2023-12-31,울산광역시,울주군,12547,4925,7622
2023-12-31,세종특별자치시,,10137,3525,6612
2023-12-31,경기도,수원시 장안구,11722,3910,7812
2023-12-31,경기도,수원시 권선구,12463,4210,8253
2023-12-31,경기도,수원시 팔달구,9680,3469,6211
2023-12-31,경기도,수원시 영통구,7074,2063,5011
2023-12-31,경기도,성남시 수정구,13466,4978,8488
2023-12-31,경기도,성남시 중원구,10924,4042,6882
2023-12-31,경기도,성남시 분당구,13255,3566,9689
2023-12-31,경기도,의정부시,23088,7647,15441
2023-12-31,경기도,안양시 만안구,10894,3878,7016
2023-12-31,경기도,안양시 동안구,9131,2467,6664
2023-12-31,경기도,부천시,34536,11649,22887
2023-12-31,경기도,광명시,10786,3175,7611
2023-12-31,경기도,평택시,22671,8304,14367
2023-12-31,경기도,동두천시,7535,2687,4848
2023-12-31,경기도,안산시 상록구,13809,4779,9030
2023-12-31,경기도,안산시 단원구,11311,4209,7102
2023-12-31,경기도,고양시 덕양구,22345,7620,14725
2023-12-31,경기도,고양시 일산동구,10492,3410,7082
2023-12-31,경기도,고양시 일산서구,9872,2776,7096
2023-12-31,경기도,과천시,1928,556,1372
2023-12-31,경기도,구리시,7837,2750,5087
2023-12-31,경기도,남양주시,29878,10541,19337
2023-12-31,경기도,오산시,7236,2640,4596
2023-12-31,경기도,시흥시,16517,6401,10116
2023-12-31,경기도,군포시,11055,3409,7646
2023-12-31,경기도,의왕시,5249,1589,3660
2023-12-31,경기도,하남시,10600,3928,6672
2023-12-31,경기도,용인시 처인구,11235,4296,6939
2023-12-31,경기도,용인시 기흥구,12754,3661,9093
2023-12-31,경기도,용인시 수지구,8480,2123,6357
2023-12-31,경기도,파주시,21097,7585,13512
2023-12-31,경기도,이천시,9904,3825,6079
2023-12-31,경기도,안성시,11196,4183,7013
2023-12-31,경기도,김포시,16863,6179,10684
2023-12-31,경기도,화성시,23939,9497,14442
2023-12-31,경기도,광주시,14488,5903,8585
2023-12-31,경기도,양주시,13104,5138,7966
2023-12-31,경기도,포천시,11606,5109,6497
2023-12-31,경기도,여주시,8519,3439,5080
2023-12-31,경기도,연천군,4491,1765,2726
2023-12-31,경기도,가평군,6441,2675,3766
2023-12-31,경기도,양평군,11143,4598,6545
2023-12-31,충청북도,청주시 상당구,10614,3569,7045
2023-12-31,충청북도,청주시 서원구,10182,3276,6906
2023-12-31,충청북도,청주시 흥덕구,9641,3192,6449
2023-12-31,충청북도,청주시 청원구,8611,2792,5819
2023-12-31,충청북도,충주시,14881,5037,9844
2023-12-31,충청북도,제천시,11056,3818,7238
2023-12-31,충청북도,보은군,4301,1440,2861
2023-12-31,충청북도,옥천군,5811,2119,3692
2023-12-31,충청북도,영동군,5646,1951,3695
2023-12-31,충청북도,증평군,2587,901,1686
2023-12-31,충청북도,진천군,5010,1877,3133
2023-12-31,충청북도,괴산군,5117,2016,3101
2023-12-31,충청북도,음성군,7609,3026,4583
2023-12-31,충청북도,단양군,3624,1344,2280
2023-12-31,충청남도,천안시 동남구,12925,4736,8189
2023-12-31,충청남도,천안시 서북구,11457,3979,7478
2023-12-31,충청남도,공주시,9541,3352,6189
2023-12-31,충청남도,보령시,9541,3152,6389
2023-12-31,충청남도,아산시,15058,5455,9603
2023-12-31,충청남도,서산시,10533,3713,6820
2023-12-31,충청남도,논산시,11880,3917,7963
2023-12-31,충청남도,계룡시,1746,559,1187
2023-12-31,충청남도,당진시,10661,4105,6556
2023-12-31,충청남도,금산군,6185,2165,4020
2023-12-31,충청남도,부여군,8037,2566,5471
2023-12-31,충청남도,서천군,6883,2138,4745
2023-12-31,충청남도,청양군,3970,1393,2577
2023-12-31,충청남도,홍성군,7935,2535,5400
2023-12-31,충청남도,예산군,8149,2739,5410
2023-12-31,충청남도,태안군,7125,2465,4660
2023-12-31,전라북도,전주시 완산구,18584,5687,12897
2023-12-31,전라북도,전주시 덕진구,14745,4695,10050
2023-12-31,전라북도,군산시,18341,6389,11952
2023-12-31,전라북도,익산시,20215,6479,13736
2023-12-31,전라북도,정읍시,12259,3801,8458
2023-12-31,전라북도,남원시,8916,2626,6290
2023-12-31,전라북도,김제시,10687,3280,7407
2023-12-31,전라북도,완주군,7981,2948,5033
2023-12-31,전라북도,진안군,3519,1249,2270
2023-12-31,전라북도,무주군,3335,1041,2294
2023-12-31,전라북도,장수군,3019,943,2076
2023-12-31,전라북도,임실군,4196,1440,2756
2023-12-31,전라북도,순창군,3720,1081,2639
2023-12-31,전라북도,고창군,7810,2271,5539
2023-12-31,전라북도,부안군,7342,2300,5042
2023-12-31,전라남도,목포시,15468,5037,10431
2023-12-31,전라남도,여수시,18945,6186,12759
2023-12-31,전라남도,순천시,16046,5050,10996
2023-12-31,전라남도,나주시,11011,3630,7381
2023-12-31,전라남도,광양시,7556,2676,4880
2023-12-31,전라남도,담양군,5509,1782,3727
2023-12-31,전라남도,곡성군,4320,1308,3012
2023-12-31,전라남도,구례군,3534,1037,2497
2023-12-31,전라남도,고흥군,10866,3075,7791
2023-12-31,전라남도,보성군,6702,1917,4785
2023-12-31,전라남도,화순군,7394,2424,4970
2023-12-31,전라남도,장흥군,5490,1455,4035
2023-12-31,전라남도,강진군,5077,1375,3702
2023-12-31,전라남도,해남군,8822,2531,6291
2023-12-31,전라남도,영암군,6088,1909,4179
2023-12-31,전라남도,무안군,6716,2161,4555
2023-12-31,전라남도,함평군,5177,1615,3562
2023-12-31,전라남도,영광군,6357,1956,4401
2023-12-31,전라남도,장성군,5403,1822,3581
2023-12-31,전라남도,완도군,6417,1786,4631
2023-12-31,전라남도,진도군,4519,1288,3231
2023-12-31,전라남도,신안군,5615,1893,3722
2023-12-31,경상북도,포항시 남구,14944,5175,9769
2023-12-31,경상북도,포항시 북구,16834,5312,11522
2023-12-31,경상북도,경주시,21850,7123,14727
2023-12-31,경상북도,김천시,11955,3660,8295
2023-12-31,경상북도,안동시,14601,4548,10053
2023-12-31,경상북도,구미시,13970,4583,9387
2023-12-31,경상북도,영주시,10365,3156,7209
2023-12-31,경상북도,영천시,11964,4274,7690
2023-12-31,경상북도,상주시,11556,3343,8213
2023-12-31,경상북도,문경시,8598,2531,6067
2023-12-31,경상북도,경산시,15617,5066,10551
2023-12-31,경상북도,의성군,8590,2679,5911
2023-12-31,경상북도,청송군,3759,1194,2565
2023-12-31,경상북도,영양군,2480,740,1740
2023-12-31,경상북도,영덕군,5839,1588,4251
2023-12-31,경상북도,청도군,6561,2284,4277
2023-12-31,경상북도,고령군,4332,1613,2719
2023-12-31,경상북도,성주군,5742,2257,3485
2023-12-31,경상북도,칠곡군,7020,2575,4445
2023-12-31,경상북도,예천군,6326,1926,4400
2023-12-31,경상북도,봉화군,4554,1604,2950
2023-12-31,경상북도,울진군,6068,1828,4240
2023-12-31,경상북도,울릉군,1043,419,624
2023-12-31,경상남도,창원시 의창구,9958,3515,6443
2023-12-31,경상남도,창원시 성산구,6237,2036,4201
2023-12-31,경상남도,창원시 마산합포구,13881,4533,9348
2023-12-31,경상남도,창원시 마산회원구,11862,3836,8026
2023-12-31,경상남도,창원시 진해구,9555,3172,6383
2023-12-31,경상남도,진주시,21502,6338,15164
2023-12-31,경상남도,통영시,9743,3307,6436
2023-12-31,경상남도,사천시,9847,3011,6836
2023-12-31,경상남도,김해시,21826,7509,14317
2023-12-31,경상남도,밀양시,12382,4057,8325
2023-12-31,경상남도,거제시,9588,3561,6027
2023-12-31,경상남도,양산시,17537,5870,11667
2023-12-31,경상남도,의령군,4579,1440,3139
2023-12-31,경상남도,함안군,6775,2380,4395
2023-12-31,경상남도,창녕군,8198,2620,5578
2023-12-31,경상남도,고성군,6682,2244,4438
2023-12-31,경상남도,남해군,6269,1712,4557
2023-12-31,경상남도,하동군,6399,2085,4314
2023-12-31,경상남도,산청군,5777,1928,3849
2023-12-31,경상남도,함양군,5681,1651,4030
2023-12-31,경상남도,거창군,6919,1889,5030
2023-12-31,경상남도,합천군,7470,2198,5272
2023-12-31,제주특별자치도,제주시,24037,8444,15593
2023-12-31,제주특별자치도,서귀포시,12238,4255,7983
2023-12-31,강원특별자치도,춘천시,16827,5460,11367
2023-12-31,강원특별자치도,원주시,19378,6675,12703
2023-12-31,강원특별자치도,강릉시,16584,5246,11338
2023-12-31,강원특별자치도,동해시,6945,2230,4715
2023-12-31,강원특별자치도,태백시,4305,1420,2885
2023-12-31,강원특별자치도,속초시,6470,2168,4302
2023-12-31,강원특별자치도,삼척시,6703,2176,4527
2023-12-31,강원특별자치도,홍천군,6702,2788,3914
2023-12-31,강원특별자치도,횡성군,4967,2013,2954
2023-12-31,강원특별자치도,영월군,4822,1831,2991
2023-12-31,강원특별자치도,평창군,4656,1883,2773
2023-12-31,강원특별자치도,정선군,4380,1691,2689
2023-12-31,강원특별자치도,철원군,3558,1129,2429
2023-12-31,강원특별자치도,화천군,2132,851,1281
2023-12-31,강원특별자치도,양구군,1739,643,1096
2023-12-31,강원특별자치도,인제군,2541,1056,1485
2023-12-31,강원특별자치도,고성군,3417,1133,2284
2023-12-31,강원특별자치도,양양군,3303,1266,2037
2024-12-31,서울특별시,종로구,9076,3703,5373
2024-12-31,서울특별시,중구,8395,3384,5011
2024-12-31,서울특별시,용산구,10285,3683,6602
2024-12-31,서울특별시,성동구,12612,4325,8287
2024-12-31,서울특별시,광진구,14716,5116,9600
2024-12-31,서울특별시,동대문구,19400,7214,12186
2024-12-31,서울특별시,중랑구,23979,8923,15056
2024-12-31,서울특별시,성북구,20715,6470,14245
2024-12-31,서울특별시,강북구,21789,7486,14303
2024-12-31,서울특별시,도봉구,18584,6254,12330
2024-12-31,서울특별시,노원구,27817,8185,19632
2024-12-31,서울특별시,은평구,24878,7959,16919
2024-12-31,서울특별시,서대문구,15132,4776,10356
2024-12-31,서울특별시,마포구,14774,4292,10482
2024-12-31,서울특별시,양천구,19007,6249,12758
2024-12-31,서울특별시,강서구,28202,9609,18593
2024-12-31,서울특별시,구로구,19722,6854,12868
2024-12-31,서울특별시,금천구,13500,5139,8361
2024-12-31,서울특별시,영등포구,17379,6479,10900
2024-12-31,서울특별시,동작구,16892,5091,11801
2024-12-31,서울특별시,관악구,24154,8588,15566
2024-12-31,서울특별시,서초구,11748,3708,8040
2024-12-31,서울특별시,강남구,17900,5525,12375
2024-12-31,서울특별시,송파구,22066,7277,14789
2024-12-31,서울특별시,강동구,20454,7165,13289
2024-12-31,부산광역시,중구,5055,1909,3146
2024-12-31,부산광역시,서구,10570,3510,7060
2024-12-31,부산광역시,동구,9673,3252,6421
2024-12-31,부산광역시,영도구,11768,3949,7819
2024-12-31,부산광역시,부산진구,24774,7857,16917
2024-12-31,부산광역시,동래구,16227,4914,11313
2024-12-31,부산광역시,남구,16043,4632,11411
2024-12-31,부산광역시,북구,18512,6048,12464
2024-12-31,부산광역시,해운대구,22825,6626,16199
2024-12-31,부산광역시,사하구,21808,7285,14523
2024-12-31,부산광역시,금정구,16511,5264,11247
2024-12-31,부산광역시,강서구,5945,2514,3431
2024-12-31,부산광역시,연제구,13443,4102,9341
2024-12-31,부산광역시,수영구,12283,3516,8767
2024-12-31,부산광역시,사상구,15079,5312,9767
2024-12-31,부산광역시,기장군,10707,3623,7084
2024-12-31,대구광역시,중구,5756,1806,3950
2024-12-31,대구광역시,동구,25024,7755,17269
2024-12-31,대구광역시,서구,15678,4900,10778
2024-12-31,대구광역시,남구,13401,4143,9258
2024-12-31,대구광역시,북구,22729,6719,16010
2024-12-31,대구광역시,수성구,20548,5549,14999
2024-12-31,대구광역시,달서구,29140,8725,20415
2024-12-31,대구광역시,달성군,12311,4162,8149
2024-12-31,대구광역시,군위군,3952,1602,2350
2024-12-31,인천광역시,중구,8541,3565,4976
2024-12-31,인천광역시,동구,4899,1651,3248
2024-12-31,인천광역시,미추홀구,25285,8886,16399
2024-12-31,인천광역시,연수구,11360,3717,7643
2024-12-31,인천광역시,남동구,26582,8942,17640
2024-12-31,인천광역시,부평구,25487,8392,17095
2024-12-31,인천광역시,계양구,14369,4933,9436
2024-12-31,인천광역시,서구,21936,8061,13875
2024-12-31,인천광역시,강화군,7938,3117,4821
2024-12-31,인천광역시,옹진군,2600,1148,1452
2024-12-31,광주광역시,동구,8253,2818,5435
2024-12-31,광주광역시,서구,14702,4474,10228
2024-12-31,광주광역시,남구,13085,3927,9158
2024-12-31,광주광역시,북구,25218,8214,17004
2024-12-31,광주광역시,광산구,14341,4760,9581
2024-12-31,대전광역시,동구,16482,5933,10549
2024-12-31,대전광역시,중구,16153,5621,10532
2024-12-31,대전광역시,서구,19497,6048,13449
2024-12-31,대전광역시,유성구,10672,3635,7037
2024-12-31,대전광역시,대덕구,10732,3687,7045
2024-12-31,울산광역시,중구,12522,4351,8171
2024-12-31,울산광역시,남구,13623,4656,8967
2024-12-31,울산광역시,동구,6671,2346,4325
2024-12-31,울산광역시,북구,6132,2085,4047
2024-12-31,울산광역시,울주군,13417,5359,8058
2024-12-31,세종특별자치시,,10847,3849,6998
2024-12-31,경기도,수원시 장안구,12666,4232,8434
2024-12-31,경기도,수원시 권선구,13607,4712,8895
2024-12-31,경기도,수원시 팔달구,10195,3743,6452
2024-12-31,경기도,수원시 영통구,7558,2210,5348
2024-12-31,경기도,성남시 수정구,14323,5434,8889
2024-12-31,경기도,성남시 중원구,11789,4452,7337
2024-12-31,경기도,성남시 분당구,14010,3856,10154
2024-12-31,경기도,의정부시,24820,8258,16562
2024-12-31,경기도,안양시 만안구,11809,4223,7586
2024-12-31,경기도,안양시 동안구,9897,2708,7189
2024-12-31,경기도,부천시 원미구,16879,5800,11079
2024-12-31,경기도,부천시 소사구,11620,3856,7764
2024-12-31,경기도,부천시 오정구,8710,3133,5577
2024-12-31,경기도,광명시,11325,3368,7957
2024-12-31,경기도,평택시,24435,9085,15350
2024-12-31,경기도,동두천시,8026,2920,5106
2024-12-31,경기도,안산시 상록구,14968,5416,9552
2024-12-31,경기도,안산시 단원구,12242,4685,7557
2024-12-31,경기도,고양시 덕양구,23857,8250,15607
2024-12-31,경기도,고양시 일산동구,11415,3798,7617
2024-12-31,경기도,고양시 일산서구,10558,3088,7470
2024-12-31,경기도,과천시,2124,605,1519
2024-12-31,경기도,구리시,8424,3018,5406
2024-12-31,경기도,남양주시,32458,11546,20912
2024-12-31,경기도,오산시,8046,2923,5123
2024-12-31,경기도,시흥시,18175,7214,10961
2024-12-31,경기도,군포시,11930,3771,8159
2024-12-31,경기도,의왕시,5421,1655,3766
2024-12-31,경기도,하남시,11425,4256,7169
2024-12-31,경기도,용인시 처인구,12354,4808,7546
2024-12-31,경기도,용인시 기흥구,13784,3994,9790
2024-12-31,경기도,용인시 수지구,8832,2211,6621
2024-12-31,경기도,파주시,22703,8305,14398
2024-12-31,경기도,이천시,10823,4251,6572
2024-12-31,경기도,안성시,12194,4615,7579
2024-12-31,경기도,김포시,18451,6842,11609
2024-12-31,경기도,화성시,26393,10646,15747
2024-12-31,경기도,광주시,15930,6514,9416
2024-12-31,경기도,양주시,14548,5696,8852
2024-12-31,경기도,포천시,12714,5687,7027
2024-12-31,경기도,여주시,9092,3749,5343
2024-12-31,경기도,연천군,4777,1941,2836
2024-12-31,경기도,가평군,6862,2903,3959
2024-12-31,경기도,양평군,12028,5029,6999
2024-12-31,충청북도,청주시 상당구,11393,3899,7494
2024-12-31,충청북도,청주시 서원구,10941,3592,7349
2024-12-31,충청북도,청주시 흥덕구,10486,3477,7009
2024-12-31,충청북도,청주시 청원구,9223,3063,6160
2024-12-31,충청북도,충주시,15837,5484,10353
2024-12-31,충청북도,제천시,11759,4149,7610
2024-12-31,충청북도,보은군,4440,1564,2876
2024-12-31,충청북도,옥천군,6070,2306,3764
2024-12-31,충청북도,영동군,5857,2129,3728
2024-12-31,충청북도,증평군,2781,1004,1777
2024-12-31,충청북도,진천군,5313,2032,3281
2024-12-31,충청북도,괴산군,5369,2201,3168
2024-12-31,충청북도,음성군,8104,3353,4751
2024-12-31,충청북도,단양군,3841,1473,2368
2024-12-31,충청남도,천안시 동남구,14016,5229,8787
2024-12-31,충청남도,천안시 서북구,12533,4479,8054
2024-12-31,충청남도,공주시,10092,3664,6428
2024-12-31,충청남도,보령시,10054,3414,6640
2024-12-31,충청남도,아산시,16320,6103,10217
2024-12-31,충청남도,서산시,11212,4072,7140
2024-12-31,충청남도,논산시,12364,4229,8135
2024-12-31,충청남도,계룡시,1908,623,1285
2024-12-31,충청남도,당진시,11377,4556,6821
2024-12-31,충청남도,금산군,6457,2355,4102
2024-12-31,충청남도,부여군,8337,2723,5614
2024-12-31,충청남도,서천군,7085,2289,4796
2024-12-31,충청남도,청양군,4118,1486,2632
2024-12-31,충청남도,홍성군,8417,2807,5610
2024-12-31,충청남도,예산군,8554,2994,5560
2024-12-31,충청남도,태안군,7578,2693,4885
2024-12-31,전라남도,목포시,16496,5482,11014
2024-12-31,전라남도,여수시,19962,6697,13265
2024-12-31,전라남도,순천시,17013,5483,11530
2024-12-31,전라남도,나주시,11319,3938,7381
2024-12-31,전라남도,광양시,8239,3041,5198
2024-12-31,전라남도,담양군,5709,1920,3789
2024-12-31,전라남도,곡성군,4434,1417,3017
2024-12-31,전라남도,구례군,3652,1116,2536
2024-12-31,전라남도,고흥군,11141,3311,7830
2024-12-31,전라남도,보성군,6901,2089,4812
2024-12-31,전라남도,화순군,7608,2613,4995
2024-12-31,전라남도,장흥군,5598,1574,4024
2024-12-31,전라남도,강진군,5146,1498,3648
2024-12-31,전라남도,해남군,9048,2739,6309
2024-12-31,전라남도,영암군,6269,2083,4186
2024-12-31,전라남도,무안군,7058,2342,4716
2024-12-31,전라남도,함평군,5274,1720,3554
2024-12-31,전라남도,영광군,6559,2065,4494
2024-12-31,전라남도,장성군,5514,1946,3568
2024-12-31,전라남도,완도군,6552,1914,4638
2024-12-31,전라남도,진도군,4562,1348,3214
2024-12-31,전라남도,신안군,5679,2048,3631
2024-12-31,경상북도,포항시 남구,15985,5644,10341
2024-12-31,경상북도,포항시 북구,18164,5813,12351
2024-12-31,경상북도,경주시,23097,7773,15324
2024-12-31,경상북도,김천시,12617,4075,8542
2024-12-31,경상북도,안동시,15246,4871,10375
2024-12-31,경상북도,구미시,15476,5201,10275
2024-12-31,경상북도,영주시,10772,3345,7427
2024-12-31,경상북도,영천시,12776,4749,8027
2024-12-31,경상북도,상주시,11984,3663,8321
2024-12-31,경상북도,문경시,8970,2743,6227
2024-12-31,경상북도,경산시,16726,5593,11133
2024-12-31,경상북도,의성군,8889,2931,5958
2024-12-31,경상북도,청송군,3853,1261,2592
2024-12-31,경상북도,영양군,2563,812,1751
2024-12-31,경상북도,영덕군,5983,1693,4290
2024-12-31,경상북도,청도군,6882,2510,4372
2024-12-31,경상북도,고령군,4704,1831,2873
2024-12-31,경상북도,성주군,6099,2475,3624
2024-12-31,경상북도,칠곡군,7487,2844,4643
2024-12-31,경상북도,예천군,6539,2098,4441
2024-12-31,경상북도,봉화군,4677,1711,2966
2024-12-31,경상북도,울진군,6243,1953,4290
2024-12-31,경상북도,울릉군,1104,439,665
2024-12-31,경상남도,창원시 의창구,10792,3844,6948
2024-12-31,경상남도,창원시 성산구,6920,2309,4611
2024-12-31,경상남도,창원시 마산합포구,14915,4957,9958
2024-12-31,경상남도,창원시 마산회원구,12584,4123,8461
2024-12-31,경상남도,창원시 진해구,10187,3414,6773
2024-12-31,경상남도,진주시,22652,6861,15791
2024-12-31,경상남도,통영시,10387,3632,6755
2024-12-31,경상남도,사천시,10294,3232,7062
2024-12-31,경상남도,김해시,23676,8344,15332
2024-12-31,경상남도,밀양시,12969,4389,8580
2024-12-31,경상남도,거제시,10496,3991,6505
2024-12-31,경상남도,양산시,19152,6568,12584
2024-12-31,경상남도,의령군,4704,1541,3163
2024-12-31,경상남도,함안군,6999,2567,4432
2024-12-31,경상남도,창녕군,8659,2876,5783
2024-12-31,경상남도,고성군,6913,2418,4495
2024-12-31,경상남도,남해군,6370,1780,4590
2024-12-31,경상남도,하동군,6617,2223,4394
2024-12-31,경상남도,산청군,5967,2038,3929
2024-12-31,경상남도,함양군,5741,1721,4020
2024-12-31,경상남도,거창군,7145,2020,5125
2024-12-31,경상남도,합천군,7681,2374,5307
2024-12-31,제주특별자치도,제주시,25660,9264,16396
2024-12-31,제주특별자치도,서귀포시,13038,4633,8405
2024-12-31,강원특별자치도,춘천시,17824,5882,11942
2024-12-31,강원특별자치도,원주시,20965,7365,13600
2024-12-31,강원특별자치도,강릉시,17644,5769,11875
2024-12-31,강원특별자치도,동해시,7363,2430,4933
2024-12-31,강원특별자치도,태백시,4559,1532,3027
2024-12-31,강원특별자치도,속초시,6852,2349,4503
2024-12-31,강원특별자치도,삼척시,7029,2349,4680
2024-12-31,강원특별자치도,홍천군,7178,3093,4085
2024-12-31,강원특별자치도,횡성군,5292,2226,3066
2024-12-31,강원특별자치도,영월군,5094,2017,3077
2024-12-31,강원특별자치도,평창군,4912,2045,2867
2024-12-31,강원특별자치도,정선군,4542,1785,2757
2024-12-31,강원특별자치도,철원군,3720,1218,2502
2024-12-31,강원특별자치도,화천군,2229,919,1310
2024-12-31,강원특별자치도,양구군,1809,703,1106
2024-12-31,강원특별자치도,인제군,2684,1151,1533
2024-12-31,강원특별자치도,고성군,3530,1205,2325
2024-12-31,강원특별자치도,양양군,3432,1320,2112
2024-12-31,전북특별자치도,전주시 완산구,19917,6172,13745
2024-12-31,전북특별자치도,전주시 덕진구,15750,5047,10703
2024-12-31,전북특별자치도,군산시,19530,7009,12521
2024-12-31,전북특별자치도,익산시,21509,7083,14426
2024-12-31,전북특별자치도,정읍시,12680,4122,8558
2024-12-31,전북특별자치도,남원시,9210,2828,6382
2024-12-31,전북특별자치도,김제시,11042,3525,7517
2024-12-31,전북특별자치도,완주군,8364,3200,5164
2024-12-31,전북특별자치도,진안군,3713,1398,2315
2024-12-31,전북특별자치도,무주군,3443,1135,2308
2024-12-31,전북특별자치도,장수군,3122,1005,2117
2024-12-31,전북특별자치도,임실군,4402,1584,2818
2024-12-31,전북특별자치도,순창군,3847,1173,2674
2024-12-31,전북특별자치도,고창군,8035,2482,5553
2024-12-31,전북특별자치도,부안군,7592,2480,5112
2025-12-31,서울특별시,종로구,9466,3869,5597
2025-12-31,서울특별시,중구,8707,3586,5121
2025-12-31,서울특별시,용산구,10608,3867,6741
2025-12-31,서울특별시,성동구,13174,4640,8534
2025-12-31,서울특별시,광진구,15640,5516,10124
2025-12-31,서울특별시,동대문구,20153,7509,12644
2025-12-31,서울특별시,중랑구,25746,9727,16019
2025-12-31,서울특별시,성북구,21961,6939,15022
2025-12-31,서울특별시,강북구,23187,8086,15101
2025-12-31,서울특별시,도봉구,20038,6848,13190
2025-12-31,서울특별시,노원구,29200,8721,20479
2025-12-31,서울특별시,은평구,26415,8580,17835
2025-12-31,서울특별시,서대문구,15775,4995,10780
2025-12-31,서울특별시,마포구,15382,4506,10876
2025-12-31,서울특별시,양천구,20248,6692,13556
2025-12-31,서울특별시,강서구,30270,10402,19868
2025-12-31,서울특별시,구로구,21168,7422,13746
2025-12-31,서울특별시,금천구,14510,5642,8868
2025-12-31,서울특별시,영등포구,18106,6831,11275
2025-12-31,서울특별시,동작구,17681,5363,12318
2025-12-31,서울특별시,관악구,25742,9261,16481
2025-12-31,서울특별시,서초구,12510,3919,8591
2025-12-31,서울특별시,강남구,18952,5895,13057
2025-12-31,서울특별시,송파구,23382,7772,15610
2025-12-31,서울특별시,강동구,22448,7947,14501
2025-12-31,부산광역시,중구,5324,2037,3287
2025-12-31,부산광역시,서구,11161,3781,7380
2025-12-31,부산광역시,동구,9879,3387,6492
2025-12-31,부산광역시,영도구,12258,4149,8109
2025-12-31,부산광역시,부산진구,26432,8490,17942
2025-12-31,부산광역시,동래구,17307,5293,12014
2025-12-31,부산광역시,남구,16898,4901,11997
2025-12-31,부산광역시,북구,19956,6553,13403
2025-12-31,부산광역시,해운대구,24183,7170,17013
2025-12-31,부산광역시,사하구,23344,7866,15478
2025-12-31,부산광역시,금정구,17499,5570,11929
2025-12-31,부산광역시,강서구,6417,2769,3648
2025-12-31,부산광역시,연제구,14450,4477,9973
2025-12-31,부산광역시,수영구,12981,3809,9172
2025-12-31,부산광역시,사상구,16174,5784,10390
2025-12-31,부산광역시,기장군,11654,3981,7673
2025-12-31,대구광역시,중구,5942,1889,4053
2025-12-31,대구광역시,동구,26707,8400,18307
2025-12-31,대구광역시,서구,16686,5325,11361
2025-12-31,대구광역시,남구,14192,4438,9754
2025-12-31,대구광역시,북구,24575,7367,17208
2025-12-31,대구광역시,수성구,22052,6048,16004
2025-12-31,대구광역시,달서구,31437,9538,21899
2025-12-31,대구광역시,달성군,13358,4556,8802
2025-12-31,대구광역시,군위군,4100,1748,2352
2025-12-31,인천광역시,중구,9409,3984,5425
2025-12-31,인천광역시,동구,5158,1782,3376
2025-12-31,인천광역시,미추홀구,27377,9787,17590
2025-12-31,인천광역시,연수구,12472,4113,8359
2025-12-31,인천광역시,남동구,29106,9939,19167
2025-12-31,인천광역시,부평구,27561,9225,18336
2025-12-31,인천광역시,계양구,15932,5606,10326
2025-12-31,인천광역시,서구,24523,9146,15377
2025-12-31,인천광역시,강화군,8502,3374,5128
2025-12-31,인천광역시,옹진군,2778,1260,1518
2025-12-31,광주광역시,동구,8700,2981,5719
2025-12-31,광주광역시,서구,15883,4920,10963
2025-12-31,광주광역시,남구,14080,4260,9820
2025-12-31,광주광역시,북구,27213,9078,18135
2025-12-31,광주광역시,광산구,15652,5313,10339
2025-12-31,대전광역시,동구,17713,6425,11288
2025-12-31,대전광역시,중구,17215,6076,11139
2025-12-31,대전광역시,서구,21185,6659,14526
2025-12-31,대전광역시,유성구,11770,4044,7726
2025-12-31,대전광역시,대덕구,11603,4064,7539
2025-12-31,울산광역시,중구,13315,4654,8661
2025-12-31,울산광역시,남구,14840,5127,9713
2025-12-31,울산광역시,동구,7290,2570,4720
2025-12-31,울산광역시,북구,6736,2347,4389
2025-12-31,울산광역시,울주군,14456,5895,8561
2025-12-31,세종특별자치시,,11733,4249,7484
2025-12-31,경기도,수원시 장안구,13702,4671,9031
2025-12-31,경기도,수원시 권선구,14844,5256,9588
2025-12-31,경기도,수원시 팔달구,10924,4047,6877
2025-12-31,경기도,수원시 영통구,8097,2379,5718
2025-12-31,경기도,성남시 수정구,15434,5930,9504
2025-12-31,경기도,성남시 중원구,12699,4838,7861
2025-12-31,경기도,성남시 분당구,14882,4175,10707
2025-12-31,경기도,의정부시,26967,9219,17748
2025-12-31,경기도,안양시 만안구,12763,4602,8161
2025-12-31,경기도,안양시 동안구,10644,2987,7657
2025-12-31,경기도,부천시 원미구,18460,6424,12036
2025-12-31,경기도,부천시 소사구,12525,4184,8341
2025-12-31,경기도,부천시 오정구,9402,3450,5952
2025-12-31,경기도,광명시,12460,3732,8728
2025-12-31,경기도,평택시,26757,10165,16592
2025-12-31,경기도,동두천시,8585,3201,5384
2025-12-31,경기도,안산시 상록구,16441,6135,10306
2025-12-31,경기도,안산시 단원구,13471,5243,8228
2025-12-31,경기도,고양시 덕양구,25496,8904,16592
2025-12-31,경기도,고양시 일산동구,12522,4205,8317
2025-12-31,경기도,고양시 일산서구,11249,3298,7951
2025-12-31,경기도,과천시,2110,609,1501
2025-12-31,경기도,구리시,9107,3352,5755
2025-12-31,경기도,남양주시,35057,12612,22445
2025-12-31,경기도,오산시,8982,3273,5709
2025-12-31,경기도,시흥시,20167,8138,12029
2025-12-31,경기도,군포시,12946,4148,8798
2025-12-31,경기도,의왕시,5983,1832,4151
2025-12-31,경기도,하남시,12255,4633,7622
2025-12-31,경기도,용인시 처인구,13473,5368,8105
2025-12-31,경기도,용인시 기흥구,14816,4345,10471
2025-12-31,경기도,용인시 수지구,9248,2338,6910
2025-12-31,경기도,파주시,24998,9299,15699
2025-12-31,경기도,이천시,11602,4630,6972
2025-12-31,경기도,안성시,13048,5010,8038
2025-12-31,경기도,김포시,20141,7598,12543
2025-12-31,경기도,화성시,29516,12105,17411
2025-12-31,경기도,광주시,17570,7238,10332
2025-12-31,경기도,양주시,15950,6323,9627
2025-12-31,경기도,포천시,13797,6250,7547
2025-12-31,경기도,여주시,9754,4114,5640
2025-12-31,경기도,연천군,4986,2081,2905
2025-12-31,경기도,가평군,7392,3190,4202
2025-12-31,경기도,양평군,12941,5545,7396
2025-12-31,충청북도,청주시 상당구,12120,4241,7879
2025-12-31,충청북도,청주시 서원구,11738,3924,7814
2025-12-31,충청북도,청주시 흥덕구,11423,3835,7588
2025-12-31,충청북도,청주시 청원구,9835,3358,6477
2025-12-31,충청북도,충주시,16891,5980,10911
2025-12-31,충청북도,제천시,12488,4467,8021
2025-12-31,충청북도,보은군,4624,1716,2908
2025-12-31,충청북도,옥천군,6359,2467,3892
2025-12-31,충청북도,영동군,6177,2322,3855
2025-12-31,충청북도,증평군,2986,1136,1850
2025-12-31,충청북도,진천군,5673,2248,3425
2025-12-31,충청북도,괴산군,5583,2368,3215
2025-12-31,충청북도,음성군,8585,3647,4938
2025-12-31,충청북도,단양군,3964,1547,2417
2025-12-31,충청남도,천안시 동남구,15359,5779,9580
2025-12-31,충청남도,천안시 서북구,13898,5111,8787
2025-12-31,충청남도,공주시,10661,3956,6705
2025-12-31,충청남도,보령시,10486,3655,6831
2025-12-31,충청남도,아산시,17713,6796,10917
2025-12-31,충청남도,서산시,11952,4451,7501
2025-12-31,충청남도,논산시,12811,4488,8323
2025-12-31,충청남도,계룡시,2006,660,1346
2025-12-31,충청남도,당진시,12270,5134,7136
2025-12-31,충청남도,금산군,6747,2568,4179
2025-12-31,충청남도,부여군,8661,2951,5710
2025-12-31,충청남도,서천군,7268,2453,4815
2025-12-31,충청남도,청양군,4228,1563,2665
2025-12-31,충청남도,홍성군,8953,3110,5843
2025-12-31,충청남도,예산군,8936,3175,5761
2025-12-31,충청남도,태안군,8010,2983,5027
2025-12-31,전라남도,목포시,17586,5976,11610
2025-12-31,전라남도,여수시,21213,7311,13902
2025-12-31,전라남도,순천시,18344,6082,12262
2025-12-31,전라남도,나주시,11602,4207,7395
2025-12-31,전라남도,광양시,8996,3452,5544
2025-12-31,전라남도,담양군,5879,2096,3783
2025-12-31,전라남도,곡성군,4532,1527,3005
2025-12-31,전라남도,구례군,3838,1256,2582
2025-12-31,전라남도,고흥군,11387,3599,7788
2025-12-31,전라남도,보성군,7025,2244,4781
2025-12-31,전라남도,화순군,7842,2800,5042
2025-12-31,전라남도,장흥군,5747,1739,4008
2025-12-31,전라남도,강진군,5274,1619,3655
2025-12-31,전라남도,해남군,9263,2978,6285
2025-12-31,전라남도,영암군,6524,2298,4226
2025-12-31,전라남도,무안군,7423,2585,4838
2025-12-31,전라남도,함평군,5404,1867,3537
2025-12-31,전라남도,영광군,6713,2234,4479
2025-12-31,전라남도,장성군,5751,2155,3596
2025-12-31,전라남도,완도군,6695,2053,4642
2025-12-31,전라남도,진도군,4719,1510,3209
2025-12-31,전라남도,신안군,5493,2055,3438
2025-12-31,경상북도,포항시 남구,17068,6164,10904
2025-12-31,경상북도,포항시 북구,19643,6365,13278
2025-12-31,경상북도,경주시,24543,8492,16051
2025-12-31,경상북도,김천시,13178,4370,8808
2025-12-31,경상북도,안동시,16016,5225,10791
2025-12-31,경상북도,구미시,17073,5880,11193
2025-12-31,경상북도,영주시,11192,3552,7640
2025-12-31,경상북도,영천시,13321,5085,8236
2025-12-31,경상북도,상주시,12479,3978,8501
2025-12-31,경상북도,문경시,9274,2982,6292
2025-12-31,경상북도,경산시,17898,6069,11829
2025-12-31,경상북도,의성군,9232,3175,6057
2025-12-31,경상북도,청송군,3988,1358,2630
2025-12-31,경상북도,영양군,2560,829,1731
2025-12-31,경상북도,영덕군,6123,1821,4302
2025-12-31,경상북도,청도군,7247,2766,4481
2025-12-31,경상북도,고령군,5025,2008,3017
2025-12-31,경상북도,성주군,6361,2659,3702
2025-12-31,경상북도,칠곡군,8060,3152,4908
2025-12-31,경상북도,예천군,6705,2274,4431
2025-12-31,경상북도,봉화군,4791,1774,3017
2025-12-31,경상북도,울진군,6474,2113,4361
2025-12-31,경상북도,울릉군,1141,485,656
2025-12-31,경상남도,창원시 의창구,11947,4408,7539
2025-12-31,경상남도,창원시 성산구,7670,2594,5076
2025-12-31,경상남도,창원시 마산합포구,15906,5346,10560
2025-12-31,경상남도,창원시 마산회원구,13553,4458,9095
2025-12-31,경상남도,창원시 진해구,10881,3692,7189
2025-12-31,경상남도,진주시,24151,7499,16652
2025-12-31,경상남도,통영시,11169,3995,7174
2025-12-31,경상남도,사천시,10863,3520,7343
2025-12-31,경상남도,김해시,25914,9348,16566
2025-12-31,경상남도,밀양시,13583,4768,8815
2025-12-31,경상남도,거제시,11448,4448,7000
2025-12-31,경상남도,양산시,21026,7278,13748
2025-12-31,경상남도,의령군,4876,1690,3186
2025-12-31,경상남도,함안군,7242,2772,4470
2025-12-31,경상남도,창녕군,8987,3101,5886
2025-12-31,경상남도,고성군,7242,2628,4614
2025-12-31,경상남도,남해군,6396,1890,4506
2025-12-31,경상남도,하동군,6842,2440,4402
2025-12-31,경상남도,산청군,6141,2184,3957
2025-12-31,경상남도,함양군,5921,1867,4054
2025-12-31,경상남도,거창군,7442,2186,5256
2025-12-31,경상남도,합천군,7880,2583,5297
2025-12-31,제주특별자치도,제주시,27487,10148,17339
2025-12-31,제주특별자치도,서귀포시,13971,5156,8815
2025-12-31,강원특별자치도,춘천시,19178,6448,12730
2025-12-31,강원특별자치도,원주시,22818,8223,14595
2025-12-31,강원특별자치도,강릉시,18877,6334,12543
2025-12-31,강원특별자치도,동해시,7901,2702,5199
2025-12-31,강원특별자치도,태백시,4767,1638,3129
2025-12-31,강원특별자치도,속초시,7306,2576,4730
2025-12-31,강원특별자치도,삼척시,7259,2520,4739
2025-12-31,강원특별자치도,홍천군,7699,3343,4356
2025-12-31,강원특별자치도,횡성군,5670,2464,3206
2025-12-31,강원특별자치도,영월군,5353,2188,3165
2025-12-31,강원특별자치도,평창군,5173,2219,2954
2025-12-31,강원특별자치도,정선군,4772,1931,2841
2025-12-31,강원특별자치도,철원군,3919,1312,2607
2025-12-31,강원특별자치도,화천군,2344,983,1361
2025-12-31,강원특별자치도,양구군,1943,783,1160
2025-12-31,강원특별자치도,인제군,2880,1276,1604
2025-12-31,강원특별자치도,고성군,3684,1292,2392
2025-12-31,강원특별자치도,양양군,3566,1389,2177
2025-12-31,전북특별자치도,전주시 완산구,21258,6626,14632
2025-12-31,전북특별자치도,전주시 덕진구,17003,5577,11426
2025-12-31,전북특별자치도,군산시,21077,7697,13380
2025-12-31,전북특별자치도,익산시,23059,7823,15236
2025-12-31,전북특별자치도,정읍시,13155,4461,8694
2025-12-31,전북특별자치도,남원시,9684,3133,6551
2025-12-31,전북특별자치도,김제시,11487,3891,7596
2025-12-31,전북특별자치도,완주군,8823,3537,5286
2025-12-31,전북특별자치도,진안군,3889,1544,2345
2025-12-31,전북특별자치도,무주군,3582,1261,2321
2025-12-31,전북특별자치도,장수군,3207,1076,2131
2025-12-31,전북특별자치도,임실군,4561,1763,2798
2025-12-31,전북특별자치도,순창군,4061,1328,2733
2025-12-31,전북특별자치도,고창군,8236,2675,5561
2025-12-31,전북특별자치도,부안군,7816,2671,5145
