기준일,시도명,시군구명,총인구,65세이상인구,75세이상인구,85세이상인구,고령화율
2022-12-31,서울특별시,종로구,141379,27704,12618,3053,19.595555
2022-12-31,서울특별시,중구,120437,24660,10768,2624,20.475435
2022-12-31,서울특별시,용산구,218650,38478,17038,4435,17.597988
2022-12-31,서울특별시,성동구,281000,47530,19874,4336,16.914591
2022-12-31,서울특별시,광진구,337416,53737,21382,4557,15.926038
2022-12-31,서울특별시,동대문구,336644,64255,27211,5742,19.086929
2022-12-31,서울특별시,중랑구,385318,74790,29296,5932,19.409942
2022-12-31,서울특별시,성북구,430397,77293,33348,7288,17.958536
2022-12-31,서울특별시,강북구,293660,66170,28490,5627,22.532861
2022-12-31,서울특별시,도봉구,311694,66942,27697,6055,21.476833
2022-12-31,서울특별시,노원구,503734,91946,37971,8935,18.252887
2022-12-31,서울특별시,은평구,466746,89422,37752,7969,19.1586
2022-12-31,서울특별시,서대문구,306337,55502,25021,5754,18.117955
2022-12-31,서울특별시,마포구,364638,55533,24625,5782,15.229625
2022-12-31,서울특별시,양천구,440881,72235,26386,5819,16.38424
2022-12-31,서울특별시,강서구,569166,96880,36485,8183,17.021396
2022-12-31,서울특별시,구로구,395315,74491,29000,5709,18.843454
2022-12-31,서울특별시,금천구,229642,42226,16493,3224,18.387751
2022-12-31,서울특별시,영등포구,375675,63349,26304,5927,16.862714
2022-12-31,서울특별시,동작구,380596,67872,28405,6128,17.833083
2022-12-31,서울특별시,관악구,486752,81848,33656,6266,16.815134
2022-12-31,서울특별시,서초구,404325,62228,24411,5386,15.390589
2022-12-31,서울특별시,강남구,529102,81564,31386,6718,15.415553
2022-12-31,서울특별시,송파구,658801,103361,36652,8058,15.68926
2022-12-31,서울특별시,강동구,460067,78191,27601,5787,16.995568
2022-12-31,부산광역시,중구,39689,11468,4771,1016,28.894656
2022-12-31,부산광역시,서구,105192,28432,12220,2708,27.028671
2022-12-31,부산광역시,동구,86462,24354,10522,2296,28.167287
2022-12-31,부산광역시,영도구,108156,32778,13838,2747,30.306224
2022-12-31,부산광역시,부산진구,355917,75685,29995,6247,21.264789
2022-12-31,부산광역시,동래구,273226,54881,20667,4266,20.086302
2022-12-31,부산광역시,남구,256333,56961,22911,4596,22.221485
2022-12-31,부산광역시,북구,278857,55768,20122,4214,19.998781
2022-12-31,부산광역시,해운대구,386785,76256,29833,6758,19.715346
2022-12-31,부산광역시,사하구,301987,65745,24053,4878,21.770805
2022-12-31,부산광역시,금정구,221256,52128,20660,4465,23.560039
2022-12-31,부산광역시,강서구,143207,18996,6336,1444,13.264715
2022-12-31,부산광역시,연제구,203536,44099,17032,3448,21.666437
2022-12-31,부산광역시,수영구,174806,40697,16381,3459,23.281237
2022-12-31,부산광역시,사상구,203789,42960,14667,2775,21.080628
2022-12-31,부산광역시,기장군,178614,31204,12556,2811,17.470075
2022-12-31,대구광역시,중구,80199,16107,7322,1688,20.083792
2022-12-31,대구광역시,동구,339530,73354,29991,6705,21.604571
2022-12-31,대구광역시,서구,159827,40897,15893,3342,25.588292
2022-12-31,대구광역시,남구,141519,35590,15516,3791,25.148567
2022-12-31,대구광역시,북구,430912,70487,27998,6151,16.357632
2022-12-31,대구광역시,수성구,411553,72078,30120,7581,17.513662
2022-12-31,대구광역시,달서구,536989,89178,33302,7616,16.607044
2022-12-31,대구광역시,달성군,263162,38007,14064,3442,14.442435
2022-12-31,인천광역시,중구,152931,23366,9527,2209,15.278786
2022-12-31,인천광역시,동구,58999,14703,6443,1425,24.920761
2022-12-31,인천광역시,미추홀구,406004,75765,31273,7049,18.661146
2022-12-31,인천광역시,연수구,385796,44014,16664,4379,11.40862
2022-12-31,인천광역시,남동구,506181,80000,30493,7139,15.804623
2022-12-31,인천광역시,부평구,489118,81584,31964,7729,16.67982
2022-12-31,인천광역시,계양구,288856,43724,16561,4236,15.136954
2022-12-31,인천광역시,서구,589013,69831,25457,6291,11.855596
2022-12-31,인천광역시,강화군,69803,24763,11974,3336,35.475553
2022-12-31,인천광역시,옹진군,20613,6100,2646,784,29.592975
2022-12-31,광주광역시,동구,105909,23419,10677,2463,22.112379
2022-12-31,광주광역시,서구,287401,45985,19138,4375,16.000292
2022-12-31,광주광역시,남구,212379,40740,17472,3973,19.182688
2022-12-31,광주광역시,북구,424707,70834,29054,6559,16.678322
2022-12-31,광주광역시,광산구,400654,41992,17445,4189,10.480864
2022-12-31,대전광역시,동구,219751,45895,19122,4345,20.885002
2022-12-31,대전광역시,중구,227108,48714,20878,4937,21.449707
2022-12-31,대전광역시,서구,470374,67924,25905,6327,14.440424
2022-12-31,대전광역시,유성구,356093,38846,14154,3863,10.908948
2022-12-31,대전광역시,대덕구,172746,31284,12350,2971,18.109826
2022-12-31,울산광역시,중구,208132,37123,12741,2543,17.836277
2022-12-31,울산광역시,남구,310638,44319,14061,2830,14.267089
2022-12-31,울산광역시,동구,151711,23123,6752,1227,15.241479
2022-12-31,울산광역시,북구,218670,21490,7313,1710,9.827594
2022-12-31,울산광역시,울주군,221512,37757,14334,3653,17.045126
2022-12-31,세종특별자치시,,383591,40219,15676,4418,10.484865
2022-12-31,경기도,수원시 장안구,270524,40078,16958,4343,14.814952
2022-12-31,경기도,수원시 권선구,367446,46727,17664,4207,12.716699
2022-12-31,경기도,수원시 팔달구,192610,30134,12161,2736,15.645086
2022-12-31,경기도,수원시 영통구,360384,30183,11539,2883,8.375233
2022-12-31,경기도,성남시 수정구,230460,40767,15391,3156,17.689404
2022-12-31,경기도,성남시 중원구,210505,36883,13844,2861,17.521199
2022-12-31,경기도,성남시 분당구,481553,67150,28714,7903,13.944467
2022-12-31,경기도,의정부시,463724,77555,32728,7466,16.724388
2022-12-31,경기도,안양시 만안구,234394,41896,16257,3769,17.874178
2022-12-31,경기도,안양시 동안구,313834,42494,16059,4206,13.540279
2022-12-31,경기도,부천시,790128,125752,45773,10992,15.915396
2022-12-31,경기도,광명시,287945,45128,17105,3957,15.672437
2022-12-31,경기도,평택시,578529,73372,30997,7718,12.68251
2022-12-31,경기도,동두천시,91546,20464,9668,2245,22.353789
2022-12-31,경기도,안산시 상록구,344664,44874,18370,4740,13.019637
2022-12-31,경기도,안산시 단원구,296996,36637,13560,3615,12.335856
2022-12-31,경기도,고양시 덕양구,490088,78511,33973,8409,16.019776
2022-12-31,경기도,고양시 일산동구,296122,42362,18691,5378,14.30559
2022-12-31,경기도,고양시 일산서구,290325,42207,19463,5405,14.537846
2022-12-31,경기도,과천시,78137,11140,4528,1277,14.25701
2022-12-31,경기도,구리시,188701,29173,11463,2505,15.459907
2022-12-31,경기도,남양주시,737353,115165,46509,10418,15.618706
2022-12-31,경기도,오산시,229849,25237,9896,2120,10.979817
2022-12-31,경기도,시흥시,512912,54756,20835,5081,10.675515
2022-12-31,경기도,군포시,266213,40752,16631,4492,15.308043
2022-12-31,경기도,의왕시,160221,24954,9370,2475,15.574737
2022-12-31,경기도,하남시,326059,44618,15615,3480,13.684027
2022-12-31,경기도,용인시 처인구,259288,41823,17066,4308,16.12994
2022-12-31,경기도,용인시 기흥구,438235,62609,28050,6485,14.286627
2022-12-31,경기도,용인시 수지구,377448,52794,23857,5112,13.987092
2022-12-31,경기도,파주시,495315,73543,32891,8070,14.847723
2022-12-31,경기도,이천시,222721,34750,14504,3726,15.60248
2022-12-31,경기도,안성시,188842,36284,15785,4281,19.213946
2022-12-31,경기도,김포시,484267,66858,26148,5951,13.80602
2022-12-31,경기도,화성시,910814,89334,34244,8551,9.80815
2022-12-31,경기도,광주시,391462,59448,21579,4723,15.186148
2022-12-31,경기도,양주시,243432,41886,17789,4234,17.206448
2022-12-31,경기도,포천시,146701,32863,14148,3631,22.401347
2022-12-31,경기도,여주시,113150,27269,11730,3037,24.099867
2022-12-31,경기도,연천군,42062,12319,5900,1517,29.287718
2022-12-31,경기도,가평군,62150,17841,7776,1994,28.706356
2022-12-31,경기도,양평군,122323,34217,14440,3673,27.972663
2022-12-31,강원도,춘천시,286664,55802,25765,6688,19.465995
2022-12-31,강원도,원주시,360807,60755,26263,6817,16.838642
2022-12-31,강원도,강릉시,211381,49575,22193,5535,23.452912
2022-12-31,강원도,동해시,89426,19983,8625,2018,22.34585
2022-12-31,강원도,태백시,39428,10964,4639,930,27.807649
2022-12-31,강원도,속초시,82806,17551,7445,1807,21.195324
2022-12-31,강원도,삼척시,63455,17460,8183,2213,27.515562
2022-12-31,강원도,홍천군,67977,20163,8971,2411,29.661503
2022-12-31,강원도,횡성군,46532,15222,6837,1831,32.712972
2022-12-31,강원도,영월군,37728,12211,5580,1358,32.365882
2022-12-31,강원도,평창군,40990,12896,5681,1380,31.461332
2022-12-31,강원도,정선군,34931,10846,4832,1122,31.049784
2022-12-31,강원도,철원군,42256,10657,5183,1115,25.220087
2022-12-31,강원도,화천군,23388,5909,2944,751,25.265093
2022-12-31,강원도,양구군,21383,5072,2482,621,23.719777
2022-12-31,강원도,인제군,32206,7269,3264,812,22.570329
2022-12-31,강원도,고성군,27274,8517,4129,1019,31.227543
2022-12-31,강원도,양양군,27866,9022,4311,1062,32.376373
2022-12-31,충청북도,청주시 상당구,196425,33193,13845,3636,16.898562
2022-12-31,충청북도,청주시 서원구,191273,32645,13235,3402,17.067229
2022-12-31,충청북도,청주시 흥덕구,268051,33521,12904,3374,12.505456
2022-12-31,충청북도,청주시 청원구,193824,27695,11790,3086,14.288736
2022-12-31,충청북도,충주시,208277,45952,20598,5387,22.062926
2022-12-31,충청북도,제천시,130988,32145,13732,3314,24.540416
2022-12-31,충청북도,보은군,31455,11795,5833,1803,37.498013
2022-12-31,충청북도,옥천군,49520,16265,7475,2243,32.845315
2022-12-31,충청북도,영동군,44956,15767,7600,2096,35.07207
2022-12-31,충청북도,증평군,37262,7264,3134,807,19.494391
2022-12-31,충청북도,진천군,86147,15286,6868,2055,17.744089
2022-12-31,충청북도,괴산군,37055,13947,6510,1831,37.638645
2022-12-31,충청북도,음성군,92058,21808,9644,2638,23.689413
2022-12-31,충청북도,단양군,27767,9656,4302,1087,34.775093
2022-12-31,충청남도,천안시 동남구,255647,41199,16936,4582,16.115581
2022-12-31,충청남도,천안시 서북구,401912,39567,15790,4078,9.844692
2022-12-31,충청남도,공주시,102571,29452,13700,4177,28.713769
2022-12-31,충청남도,보령시,97157,27741,12812,3605,28.552755
2022-12-31,충청남도,아산시,334539,47012,20456,5563,14.052771
2022-12-31,충청남도,서산시,176413,35323,16494,5042,20.022901
2022-12-31,충청남도,논산시,112617,32616,15609,4749,28.96188
2022-12-31,충청남도,계룡시,44475,5974,2329,667,13.432265
2022-12-31,충청남도,당진시,168253,33915,15836,4687,20.157144
2022-12-31,충청남도,금산군,50092,17077,8284,2314,34.091272
2022-12-31,충청남도,부여군,62343,23657,11851,3770,37.946522
2022-12-31,충청남도,서천군,49964,19592,10080,3166,39.212233
2022-12-31,충청남도,청양군,30266,11506,5919,1997,38.016256
2022-12-31,충청남도,홍성군,98068,25234,12187,3772,25.731125
2022-12-31,충청남도,예산군,77385,26059,12743,3850,33.674485
2022-12-31,충청남도,태안군,61335,20971,9786,2683,34.190919
2022-12-31,전라북도,전주시 완산구,332573,58580,24406,6109,17.614178
2022-12-31,전라북도,전주시 덕진구,318922,48777,20811,5017,15.294335
2022-12-31,전라북도,군산시,262467,54997,23597,5763,20.953872
2022-12-31,전라북도,익산시,273697,60045,26681,7191,21.938494
2022-12-31,전라북도,정읍시,105081,31356,16245,4821,29.839838
2022-12-31,전라북도,남원시,77948,23691,12189,3649,30.393339
2022-12-31,전라북도,김제시,81455,27495,14247,4446,33.754834
2022-12-31,전라북도,완주군,92422,22950,10811,3124,24.83175
2022-12-31,전라북도,진안군,24550,9260,4824,1465,37.718941
2022-12-31,전라북도,무주군,23489,8393,4425,1333,35.731619
2022-12-31,전라북도,장수군,21336,7852,4003,1212,36.80165
2022-12-31,전라북도,임실군,26508,10270,5616,1750,38.743021
2022-12-31,전라북도,순창군,26727,9647,5332,1508,36.094586
2022-12-31,전라북도,고창군,52338,19364,10472,3021,36.997975
2022-12-31,전라북도,부안군,50094,17942,9213,2576,35.816665
2022-12-31,전라남도,목포시,216939,40805,17324,3594,18.809435
2022-12-31,전라남도,여수시,274765,58798,24837,5790,21.399378
2022-12-31,전라남도,순천시,278737,48061,21322,5874,17.242418
2022-12-31,전라남도,나주시,116456,27488,13610,3718,23.603765
2022-12-31,전라남도,광양시,152168,22331,9438,2774,14.675227
2022-12-31,전라남도,담양군,45792,15058,7815,2147,32.883473
2022-12-31,전라남도,곡성군,27060,10368,5878,1924,38.314856
2022-12-31,전라남도,구례군,24655,9069,5010,1433,36.783614
2022-12-31,전라남도,고흥군,61880,26717,14622,4460,43.175501
2022-12-31,전라남도,보성군,38471,15834,8847,2756,41.158275
2022-12-31,전라남도,화순군,62024,17681,9391,2643,28.506707
2022-12-31,전라남도,장흥군,35650,13061,7192,2203,36.636746
2022-12-31,전라남도,강진군,33177,12278,6741,1964,37.007565
2022-12-31,전라남도,해남군,65831,22912,11988,3228,34.804272
2022-12-31,전라남도,영암군,52395,14929,7771,2144,28.493177
2022-12-31,전라남도,무안군,90608,18423,8861,2229,20.332642
2022-12-31,전라남도,함평군,30784,12051,6661,1915,39.146959
2022-12-31,전라남도,영광군,52197,15999,8336,2112,30.651187
2022-12-31,전라남도,장성군,43146,13879,7253,2048,32.167524
2022-12-31,전라남도,완도군,47597,16544,8825,2239,34.758493
2022-12-31,전라남도,진도군,29507,10540,5748,1452,35.720338
2022-12-31,전라남도,신안군,37858,14655,7828,2049,38.710444
2022-12-31,경상북도,포항시 남구,227486,45555,16057,3508,20.025408
2022-12-31,경상북도,포항시 북구,269164,53129,19641,4696,19.738524
2022-12-31,경상북도,경주시,249607,61861,26809,7121,24.783359
2022-12-31,경상북도,김천시,139324,34794,15870,4580,24.973443
2022-12-31,경상북도,안동시,154610,41265,19381,5313,26.689735
2022-12-31,경상북도,구미시,408110,45239,16944,4498,11.085002
2022-12-31,경상북도,영주시,100749,29754,13607,3746,29.532799
2022-12-31,경상북도,영천시,101088,30867,14040,3726,30.534782
2022-12-31,경상북도,상주시,94823,31923,15751,4804,33.665883
2022-12-31,경상북도,문경시,70373,22867,10899,3022,32.493996
2022-12-31,경상북도,경산시,267725,49716,20374,4987,18.569801
2022-12-31,경상북도,군위군,23340,10065,4988,1453,43.123393
2022-12-31,경상북도,의성군,50186,22213,11264,3374,44.261348
2022-12-31,경상북도,청송군,24295,9822,4847,1330,40.428072
2022-12-31,경상북도,영양군,16022,6406,3303,942,39.982524
2022-12-31,경상북도,영덕군,34650,14006,7274,2003,40.421356
2022-12-31,경상북도,청도군,41614,16896,7970,2528,40.601721
2022-12-31,경상북도,고령군,30353,10497,4952,1437,34.583073
2022-12-31,경상북도,성주군,42566,14978,6675,2004,35.187708
2022-12-31,경상북도,칠곡군,112487,20009,8852,2476,17.787833
2022-12-31,경상북도,예천군,55755,17638,9024,2888,31.634831
2022-12-31,경상북도,봉화군,30139,11980,6019,1840,39.749162
2022-12-31,경상북도,울진군,47030,14284,7223,2244,30.372103
2022-12-31,경상북도,울릉군,8996,2511,1076,270,27.912406
2022-12-31,경상남도,창원시 의창구,215823,33338,11333,2732,15.446917
2022-12-31,경상남도,창원시 성산구,248512,26401,7951,2019,10.623632
2022-12-31,경상남도,창원시 마산합포구,179496,41854,16302,3835,23.317511
2022-12-31,경상남도,창원시 마산회원구,183662,37492,13268,2634,20.413586
2022-12-31,경상남도,창원시 진해구,193994,31188,12055,2904,16.076786
2022-12-31,경상남도,진주시,343782,64338,27088,6858,18.714767
2022-12-31,경상남도,통영시,122681,27521,10801,2460,22.432977
2022-12-31,경상남도,사천시,109369,26332,12059,3242,24.076292
2022-12-31,경상남도,김해시,535129,70208,26254,6071,13.119827
2022-12-31,경상남도,밀양시,102945,32434,14052,3770,31.506144
2022-12-31,경상남도,거제시,236662,31230,11078,2911,13.196035
2022-12-31,경상남도,양산시,353792,55667,21117,4659,15.734386
2022-12-31,경상남도,의령군,26061,10312,5405,1787,39.568704
2022-12-31,경상남도,함안군,61456,17378,7923,2302,28.277141
2022-12-31,경상남도,창녕군,58372,20157,9576,2638,34.531967
2022-12-31,경상남도,고성군,50448,17031,8291,2474,33.759515
2022-12-31,경상남도,남해군,41579,16712,8941,2965,40.193367
2022-12-31,경상남도,하동군,42465,16129,8247,2618,37.981867
2022-12-31,경상남도,산청군,34028,13518,6924,2099,39.726108
2022-12-31,경상남도,함양군,37708,13769,7219,2171,36.514798
2022-12-31,경상남도,거창군,60387,18035,9167,2803,29.8657
2022-12-31,경상남도,합천군,42142,17757,9521,2939,42.136111
2022-12-31,제주특별자치도,제주시,493389,77364,34143,9572,15.680123
2022-12-31,제주특별자치도,서귀포시,184770,38404,17815,5009,20.784759
2023-12-31,서울특별시,종로구,139417,28500,12925,3312,20.44227
2023-12-31,서울특별시,중구,121312,25525,11189,2795,21.040787
2023-12-31,서울특별시,용산구,213151,39239,17348,4743,18.409015
2023-12-31,서울특별시,성동구,277361,49260,20671,4722,17.760247
2023-12-31,서울특별시,광진구,335554,56461,22673,5022,16.826204
2023-12-31,서울특별시,동대문구,341149,66790,28484,6211,19.577956
2023-12-31,서울특별시,중랑구,382155,78791,31126,6510,20.61755
2023-12-31,서울특별시,성북구,425602,80232,34794,7879,18.851415
2023-12-31,서울특별시,강북구,288113,68473,30011,6202,23.766022
2023-12-31,서울특별시,도봉구,306948,70374,29312,6643,22.92701
2023-12-31,서울특별시,노원구,498213,96309,39767,9645,19.330889
2023-12-31,서울특별시,은평구,466770,93565,39838,8700,20.045204
2023-12-31,서울특별시,서대문구,306231,57588,25852,6246,18.805412
2023-12-31,서울특별시,마포구,363697,57504,25607,6210,15.810964
2023-12-31,서울특별시,양천구,436028,76126,28180,6238,17.458971
2023-12-31,서울특별시,강서구,563058,101808,38807,8713,18.081263
2023-12-31,서울특별시,구로구,392405,78377,30993,6320,19.973497
2023-12-31,서울특별시,금천구,227481,44531,17485,3535,19.575701
2023-12-31,서울특별시,영등포구,374794,65843,27578,6343,17.567784
2023-12-31,서울특별시,동작구,378769,70089,29777,6595,18.504418
2023-12-31,서울특별시,관악구,481956,84762,35569,6913,17.587083
2023-12-31,서울특별시,서초구,407664,65541,26382,5710,16.077211
2023-12-31,서울특별시,강남구,544873,86434,34102,7298,15.863146
2023-12-31,서울특별시,송파구,654166,108643,39185,8486,16.607864
2023-12-31,서울특별시,강동구,459167,82815,29774,6186,18.035922
2023-12-31,부산광역시,중구,38619,11866,5008,1137,30.725809
2023-12-31,부산광역시,서구,104089,29273,12651,2897,28.123049
2023-12-31,부산광역시,동구,87792,25093,11039,2475,28.582331
2023-12-31,부산광역시,영도구,106548,33675,14421,2943,31.605474
2023-12-31,부산광역시,부산진구,359508,79321,31844,6823,22.063765
2023-12-31,부산광역시,동래구,270815,57512,22172,4590,21.236638
2023-12-31,부산광역시,남구,254185,58953,24088,4944,23.19295
2023-12-31,부산광역시,북구,273596,59154,21444,4585,21.62093
2023-12-31,부산광역시,해운대구,380448,79666,31409,7203,20.94005
2023-12-31,부산광역시,사하구,297831,69050,25657,5293,23.184289
2023-12-31,부산광역시,금정구,215590,54066,21831,4831,25.078158
2023-12-31,부산광역시,강서구,142396,20180,6757,1520,14.171746
2023-12-31,부산광역시,연제구,205766,46217,18205,3714,22.460951
2023-12-31,부산광역시,수영구,174518,42528,17501,3741,24.368833
2023-12-31,부산광역시,사상구,202932,45700,15824,3039,22.519859
2023-12-31,부산광역시,기장군,178729,32945,13408,3056,18.432935
2023-12-31,대구광역시,중구,89064,17113,7937,1910,19.214273
2023-12-31,대구광역시,동구,342813,76756,31923,7273,22.390049
2023-12-31,대구광역시,서구,164088,42936,17099,3713,26.166447
2023-12-31,대구광역시,남구,139187,36561,16266,4066,26.267539
2023-12-31,대구광역시,북구,419624,73675,29736,6757,17.557385
2023-12-31,대구광역시,수성구,407331,75007,31640,8096,18.414263
2023-12-31,대구광역시,달서구,527781,93762,35413,8237,17.765323
2023-12-31,대구광역시,달성군,262084,40217,14905,3677,15.34508
2023-12-31,대구광역시,군위군,22988,10311,5067,1529,44.853837
2023-12-31,인천광역시,중구,158958,24912,10137,2402,15.672064
2023-12-31,인천광역시,동구,59482,15240,6766,1549,25.621196
2023-12-31,인천광역시,미추홀구,405995,79880,32938,7716,19.675119
2023-12-31,인천광역시,연수구,392416,47731,17676,4703,12.163367
2023-12-31,인천광역시,남동구,492415,85478,32482,7698,17.358935
2023-12-31,인천광역시,부평구,494138,87260,33838,8425,17.659035
2023-12-31,인천광역시,계양구,280266,47042,17416,4578,16.784769
2023-12-31,인천광역시,서구,624358,77384,27639,6930,12.394171
2023-12-31,인천광역시,강화군,69005,25691,12338,3550,37.230635
2023-12-31,인천광역시,옹진군,20377,6439,2716,798,31.599352
2023-12-31,광주광역시,동구,107176,24239,11119,2638,22.616071
2023-12-31,광주광역시,서구,283991,48395,20194,4769,17.041033
2023-12-31,광주광역시,남구,209646,42485,18385,4305,20.265114
2023-12-31,광주광역시,북구,421683,74406,30606,7067,17.645008
2023-12-31,광주광역시,광산구,396741,44353,18188,4438,11.179334
2023-12-31,대전광역시,동구,217628,47641,20011,4742,21.891025
2023-12-31,대전광역시,중구,223256,50631,22033,5375,22.67845
2023-12-31,대전광역시,서구,464634,71534,27288,6757,15.395774
2023-12-31,대전광역시,유성구,366845,41897,15069,4098,11.4209
2023-12-31,대전광역시,대덕구,169853,33053,13033,3225,19.459768
2023-12-31,울산광역시,중구,208668,39470,13661,2776,18.915215
2023-12-31,울산광역시,남구,307232,47347,15273,3013,15.41083
2023-12-31,울산광역시,동구,152287,25291,7454,1373,16.607458
2023-12-31,울산광역시,북구,216477,23347,7827,1825,10.784979
2023-12-31,울산광역시,울주군,218997,40254,15036,3835,18.381074
2023-12-31,세종특별자치시,,386525,42560,16333,4611,11.010931
2023-12-31,경기도,수원시 장안구,270849,42714,17769,4664,15.770411
2023-12-31,경기도,수원시 권선구,366167,50191,18678,4479,13.707134
2023-12-31,경기도,수원시 팔달구,197213,32032,12928,3045,16.242337
2023-12-31,경기도,수원시 영통구,363028,32399,12209,3098,8.924656
2023-12-31,경기도,성남시 수정구,235942,43502,16484,3450,18.437582
2023-12-31,경기도,성남시 중원구,210848,39162,14745,3118,18.57357
2023-12-31,경기도,성남시 분당구,472957,70191,29892,8397,14.840884
2023-12-31,경기도,의정부시,464213,82104,34444,8145,17.686708
2023-12-31,경기도,안양시 만안구,230664,44316,17095,4121,19.212361
2023-12-31,경기도,안양시 동안구,313996,45710,16915,4493,14.55751
2023-12-31,경기도,부천시,779968,134331,48387,11799,17.22263
2023-12-31,경기도,광명시,280197,46870,17671,4185,16.727517
2023-12-31,경기도,평택시,591022,77785,32217,8302,13.161101
2023-12-31,경기도,동두천시,88626,21372,10064,2478,24.11482
2023-12-31,경기도,안산시 상록구,334867,47817,19016,5073,14.2794
2023-12-31,경기도,안산시 단원구,294441,39572,14089,3782,13.439704
2023-12-31,경기도,고양시 덕양구,496438,82860,35515,9099,16.690906
2023-12-31,경기도,고양시 일산동구,291597,45286,19499,5830,15.530338
2023-12-31,경기도,고양시 일산서구,286872,44911,20172,5844,15.655414
2023-12-31,경기도,과천시,81000,11771,4698,1351,14.532099
2023-12-31,경기도,구리시,187093,31009,12080,2703,16.57411
2023-12-31,경기도,남양주시,732265,121931,49344,11241,16.651212
2023-12-31,경기도,오산시,229656,26964,10520,2389,11.741039
2023-12-31,경기도,시흥시,519715,59745,22125,5596,11.495724
2023-12-31,경기도,군포시,261229,43569,17428,4855,16.67847
2023-12-31,경기도,의왕시,158870,26477,9823,2609,16.665827
2023-12-31,경기도,하남시,329861,47583,16832,3782,14.425167
2023-12-31,경기도,용인시 처인구,261488,44640,17921,4554,17.071529
2023-12-31,경기도,용인시 기흥구,436656,66157,30128,7182,15.150828
2023-12-31,경기도,용인시 수지구,377422,54970,25297,5622,14.564599
2023-12-31,경기도,파주시,497753,78257,34457,8874,15.722055
2023-12-31,경기도,이천시,222098,36905,15038,3964,16.616539
2023-12-31,경기도,안성시,189034,38191,16300,4531,20.203244
2023-12-31,경기도,김포시,486172,71702,28114,6510,14.748278
2023-12-31,경기도,화성시,944342,97343,36671,9306,10.308024
2023-12-31,경기도,광주시,391377,64032,23284,5196,16.360696
2023-12-31,경기도,양주시,268026,46170,19266,4696,17.225941
2023-12-31,경기도,포천시,143323,34863,14606,3933,24.324777
2023-12-31,경기도,여주시,114412,28895,12182,3253,25.255218
2023-12-31,경기도,연천군,41584,12882,6094,1661,30.978261
2023-12-31,경기도,가평군,62302,18713,7971,2111,30.035954
2023-12-31,경기도,양평군,125238,36824,15306,4008,29.403216
2023-12-31,충청북도,청주시 상당구,200575,35407,14581,3931,17.652748
2023-12-31,충청북도,청주시 서원구,186302,34177,13702,3555,18.344945
2023-12-31,충청북도,청주시 흥덕구,274594,35884,13574,3549,13.06802
2023-12-31,충청북도,청주시 청원구,190718,29033,12132,3277,15.222999
2023-12-31,충청북도,충주시,207778,48022,21061,5792,23.112168
2023-12-31,충청북도,제천시,130194,33722,14151,3639,25.901347
2023-12-31,충청북도,보은군,31010,12177,5919,1904,39.267978
2023-12-31,충청북도,옥천군,48891,16665,7536,2292,34.086028
2023-12-31,충청북도,영동군,44195,16161,7696,2171,36.567485
2023-12-31,충청북도,증평군,37484,7694,3279,890,20.526091
2023-12-31,충청북도,진천군,86254,15933,6979,2160,18.472187
2023-12-31,충청북도,괴산군,36590,14476,6566,1921,39.562722
2023-12-31,충청북도,음성군,91183,22823,9833,2793,25.029885
2023-12-31,충청북도,단양군,27701,10063,4453,1153,36.327208
2023-12-31,충청남도,천안시 동남구,256691,43608,17769,4886,16.988519
2023-12-31,충청남도,천안시 서북구,399268,42267,16559,4323,10.586123
2023-12-31,충청남도,공주시,102104,30500,14051,4417,29.871504
2023-12-31,충청남도,보령시,95772,28525,13167,3853,29.784279
2023-12-31,충청남도,아산시,345796,49677,21419,5911,14.365985
2023-12-31,충청남도,서산시,176011,36822,17041,5404,20.920283
2023-12-31,충청남도,논산시,110423,33458,15819,4907,30.299847
2023-12-31,충청남도,계룡시,46667,6552,2459,707,14.0399
2023-12-31,충청남도,당진시,170302,35271,16289,5007,20.710855
2023-12-31,충청남도,금산군,50093,17579,8443,2454,35.092728
2023-12-31,충청남도,부여군,61046,24032,11986,3940,39.367035
2023-12-31,충청남도,서천군,49116,19942,10240,3309,40.601841
2023-12-31,충청남도,청양군,30168,11795,6001,2071,39.097719
2023-12-31,충청남도,홍성군,97524,25994,12535,4023,26.653952
2023-12-31,충청남도,예산군,78354,26776,13002,4091,34.173112
2023-12-31,충청남도,태안군,60784,21736,10224,2881,35.75941
2023-12-31,전라북도,전주시 완산구,327178,61027,25536,6516,18.652538
2023-12-31,전라북도,전주시 덕진구,315549,50590,21775,5364,16.032375
2023-12-31,전라북도,군산시,259980,57042,24358,6157,21.940919
2023-12-31,전라북도,익산시,270036,62046,27309,7456,22.976936
2023-12-31,전라북도,정읍시,103620,31905,16488,5028,30.790388
2023-12-31,전라북도,남원시,76781,24126,12429,3862,31.421836
2023-12-31,전라북도,김제시,81430,27950,14280,4629,34.323959
2023-12-31,전라북도,완주군,97827,24192,11165,3346,24.729369
2023-12-31,전라북도,진안군,24465,9433,4877,1532,38.557122
2023-12-31,전라북도,무주군,23251,8554,4429,1417,36.789815
2023-12-31,전라북도,장수군,20983,8030,4110,1264,38.269075
2023-12-31,전라북도,임실군,25956,10357,5683,1836,39.902142
2023-12-31,전라북도,순창군,26764,9779,5399,1629,36.537887
2023-12-31,전라북도,고창군,51750,19839,10642,3236,38.336232
2023-12-31,전라북도,부안군,49187,18258,9313,2705,37.119564
2023-12-31,전라남도,목포시,214156,42446,18036,3973,19.820131
2023-12-31,전라남도,여수시,271696,61135,25915,6104,22.501251
2023-12-31,전라남도,순천시,278137,50517,22096,6201,18.162632
2023-12-31,전라남도,나주시,117377,28254,13840,3948,24.071155
2023-12-31,전라남도,광양시,152666,23650,9796,2927,15.491334
2023-12-31,전라남도,담양군,45373,15373,7875,2303,33.881383
2023-12-31,전라남도,곡성군,26905,10576,5876,2024,39.308679
2023-12-31,전라남도,구례군,24314,9246,5039,1516,38.027474
2023-12-31,전라남도,고흥군,61113,27061,14763,4605,44.280268
2023-12-31,전라남도,보성군,37687,15952,8825,2870,42.327593
2023-12-31,전라남도,화순군,61254,18185,9531,2812,29.687857
2023-12-31,전라남도,장흥군,35046,13264,7265,2352,37.847401
2023-12-31,전라남도,강진군,32722,12505,6793,2103,38.215879
2023-12-31,전라남도,해남군,64575,23293,12086,3417,36.071235
2023-12-31,전라남도,영암군,52350,15298,7857,2314,29.222541
2023-12-31,전라남도,무안군,90296,19000,9090,2378,21.041907
2023-12-31,전라남도,함평군,30601,12326,6717,2086,40.279729
2023-12-31,전라남도,영광군,51750,16281,8341,2241,31.46087
2023-12-31,전라남도,장성군,42543,14143,7388,2176,33.244012
2023-12-31,전라남도,완도군,46641,16776,8939,2423,35.968354
2023-12-31,전라남도,진도군,28979,10679,5791,1627,36.850823
2023-12-31,전라남도,신안군,38037,14914,7813,2194,39.209191
2023-12-31,경상북도,포항시 남구,226278,48039,17132,3773,21.23008
2023-12-31,경상북도,포항시 북구,266755,56013,20745,4948,20.997919
2023-12-31,경상북도,경주시,247489,64296,27837,7528,25.979336
2023-12-31,경상북도,김천시,137515,35830,16313,4865,26.055339
2023-12-31,경상북도,안동시,152935,42408,19880,5578,27.729428
2023-12-31,경상북도,구미시,405506,48298,17837,4735,11.910551
2023-12-31,경상북도,영주시,100199,30454,14060,3977,30.393517
2023-12-31,경상북도,영천시,100212,31782,14481,3920,31.714765
2023-12-31,경상북도,상주시,93858,32749,16081,5089,34.892071
2023-12-31,경상북도,문경시,68755,23386,11156,3241,34.013526
2023-12-31,경상북도,경산시,266205,51977,21574,5360,19.525178
2023-12-31,경상북도,의성군,50086,22723,11419,3534,45.367967
2023-12-31,경상북도,청송군,24019,10043,4946,1434,41.812732
2023-12-31,경상북도,영양군,15661,6486,3339,992,41.41498
2023-12-31,경상북도,영덕군,34055,14211,7402,2189,41.729555
2023-12-31,경상북도,청도군,41316,17342,8163,2650,41.974054
2023-12-31,경상북도,고령군,30139,10862,5089,1530,36.039683
2023-12-31,경상북도,성주군,42086,15405,6852,2055,36.603621
2023-12-31,경상북도,칠곡군,110581,20840,9165,2609,18.845914
2023-12-31,경상북도,예천군,55325,17898,9068,3024,32.350655
2023-12-31,경상북도,봉화군,29603,12232,6096,1924,41.320136
2023-12-31,경상북도,울진군,46669,14583,7384,2379,31.247723
2023-12-31,경상북도,울릉군,9077,2629,1122,286,28.963314
2023-12-31,경상남도,창원시 의창구,213342,35650,12064,2850,16.710259
2023-12-31,경상남도,창원시 성산구,245259,28798,8436,2083,11.741873
2023-12-31,경상남도,창원시 마산합포구,179394,43757,17226,4023,24.391563
2023-12-31,경상남도,창원시 마산회원구,179818,39286,14267,2911,21.847646
2023-12-31,경상남도,창원시 진해구,191225,32828,12757,3147,17.167211
2023-12-31,경상남도,진주시,341073,67312,28271,7238,19.735365
2023-12-31,경상남도,통영시,120551,28780,11434,2583,23.873713
2023-12-31,경상남도,사천시,109030,27114,12425,3389,24.868385
2023-12-31,경상남도,김해시,533659,74830,27696,6443,14.022063
2023-12-31,경상남도,밀양시,102084,33742,14549,3963,33.053172
2023-12-31,경상남도,거제시,234038,33622,11746,3046,14.366043
2023-12-31,경상남도,양산시,355122,59643,22589,5086,16.795073
2023-12-31,경상남도,의령군,25475,10479,5379,1819,41.134446
2023-12-31,경상남도,함안군,60203,17961,8113,2399,29.834061
2023-12-31,경상남도,창녕군,57083,20640,9710,2829,36.157875
2023-12-31,경상남도,고성군,49468,17491,8418,2520,35.358211
2023-12-31,경상남도,남해군,40780,16889,9009,3061,41.414909
2023-12-31,경상남도,하동군,41606,16518,8366,2688,39.701005
2023-12-31,경상남도,산청군,33752,13847,6986,2254,41.025717
2023-12-31,경상남도,함양군,36945,14001,7247,2311,37.896874
2023-12-31,경상남도,거창군,60047,18536,9347,3013,30.869152
2023-12-31,경상남도,합천군,41203,17922,9491,3038,43.496833
2023-12-31,제주특별자치도,제주시,491654,81115,35547,10176,16.498391
2023-12-31,제주특별자치도,서귀포시,183598,40041,18572,5267,21.809061
2023-12-31,강원특별자치도,춘천시,286426,58611,26371,7269,20.462877
2023-12-31,강원특별자치도,원주시,361503,64487,26894,7402,17.838579
2023-12-31,강원특별자치도,강릉시,209439,51700,22934,5934,24.684992
2023-12-31,강원특별자치도,동해시,88625,20861,9013,2167,23.538505
2023-12-31,강원특별자치도,태백시,38702,11300,4836,1041,29.197457
2023-12-31,강원특별자치도,속초시,82054,18496,7682,1924,22.541253
2023-12-31,강원특별자치도,삼척시,62651,18014,8419,2378,28.752933
2023-12-31,강원특별자치도,홍천군,67309,21287,9141,2649,31.625786
2023-12-31,강원특별자치도,횡성군,46359,16038,7005,1978,34.595224
2023-12-31,강원특별자치도,영월군,37332,12705,5654,1481,34.032465
2023-12-31,강원특별자치도,평창군,40659,13501,5826,1443,33.20544
2023-12-31,강원특별자치도,정선군,34202,11250,4925,1186,32.892813
2023-12-31,강원특별자치도,철원군,41448,11093,5309,1221,26.763656
2023-12-31,강원특별자치도,화천군,23007,6136,2975,814,26.670144
2023-12-31,강원특별자치도,양구군,21056,5278,2459,635,25.066489
2023-12-31,강원특별자치도,인제군,32020,7627,3274,886,23.819488
2023-12-31,강원특별자치도,고성군,27305,8773,4177,1079,32.129647
2023-12-31,강원특별자치도,양양군,27710,9398,4398,1145,33.915554
2024-12-31,서울특별시,종로구,138336,29574,13373,3647,21.378383
2024-12-31,서울특별시,중구,120544,26408,11546,2975,21.907353
2024-12-31,서울특별시,용산구,203854,38894,16978,4808,19.079341
2024-12-31,서울특별시,성동구,273669,51030,21418,5069,18.646613
2024-12-31,서울특별시,광진구,331963,59334,23750,5535,17.873679
2024-12-31,서울특별시,동대문구,338735,69314,29509,6771,20.462604
2024-12-31,서울특별시,중랑구,379274,83299,32894,7197,21.96275
2024-12-31,서울특별시,성북구,421560,83353,36328,8694,19.772512
2024-12-31,서울특별시,강북구,283597,71227,31311,6829,25.115569
2024-12-31,서울특별시,도봉구,303228,74149,30717,7401,24.453217
2024-12-31,서울특별시,노원구,491247,100467,41445,10374,20.451423
2024-12-31,서울특별시,은평구,460919,97788,41712,9676,21.215875
2024-12-31,서울특별시,서대문구,302853,59685,26668,6829,19.707581
2024-12-31,서울특별시,마포구,361417,59612,26449,6729,16.493967
2024-12-31,서울특별시,양천구,430976,80174,29864,6707,18.602892
2024-12-31,서울특별시,강서구,556171,107246,41141,9435,19.282918
2024-12-31,서울특별시,구로구,388169,82027,32984,6988,21.131775
2024-12-31,서울특별시,금천구,225159,47037,18496,3962,20.890571
2024-12-31,서울특별시,영등포구,373773,68568,28862,6974,18.344824
2024-12-31,서울특별시,동작구,375799,72783,31225,7197,19.367534
2024-12-31,서울특별시,관악구,477812,88138,37526,7679,18.446167
2024-12-31,서울특별시,서초구,408376,68606,28150,6214,16.799714
2024-12-31,서울특별시,강남구,557345,91291,36758,7880,16.379621
2024-12-31,서울특별시,송파구,650110,113957,41664,9040,17.52888
2024-12-31,서울특별시,강동구,476942,89687,32550,6773,18.804593
2024-12-31,부산광역시,중구,37537,12167,5202,1235,32.413352
2024-12-31,부산광역시,서구,103188,30420,13160,3177,29.480172
2024-12-31,부산광역시,동구,85911,25661,11370,2674,29.869283
2024-12-31,부산광역시,영도구,103737,34671,15024,3243,33.422019
2024-12-31,부산광역시,부산진구,359281,82839,33427,7455,23.056883
2024-12-31,부산광역시,동래구,274370,60935,23782,5053,22.209061
2024-12-31,부산광역시,남구,254498,61542,25540,5467,24.181722
2024-12-31,부산광역시,북구,267692,62708,22682,4977,23.425429
2024-12-31,부산광역시,해운대구,376404,83543,33154,7772,22.195035
2024-12-31,부산광역시,사하구,292491,72601,27234,5779,24.821618
2024-12-31,부산광역시,금정구,209932,56243,22911,5184,26.791056
2024-12-31,부산광역시,강서구,142789,21360,7150,1685,14.959136
2024-12-31,부산광역시,연제구,212589,48982,19566,4186,23.040703
2024-12-31,부산광역시,수영구,171918,44086,18483,4168,25.643621
2024-12-31,부산광역시,사상구,198635,48490,16802,3308,24.411609
2024-12-31,부산광역시,기장군,175626,34328,13980,3298,19.546081
2024-12-31,대구광역시,중구,97711,17988,8336,2114,18.409391
2024-12-31,대구광역시,동구,342339,80902,33808,8076,23.632131
2024-12-31,대구광역시,서구,163135,45225,18044,4125,27.722438
2024-12-31,대구광역시,남구,136263,37735,16824,4420,27.692771
2024-12-31,대구광역시,북구,413010,78162,31401,7490,18.924965
2024-12-31,대구광역시,수성구,409107,79184,33299,8770,19.355328
2024-12-31,대구광역시,달서구,522021,100449,37605,9109,19.242329
2024-12-31,대구광역시,달성군,257580,42982,15870,3935,16.686855
2024-12-31,대구광역시,군위군,22463,10629,5122,1623,47.317812
2024-12-31,인천광역시,중구,167113,26621,10819,2622,15.92994
2024-12-31,인천광역시,동구,58296,15804,7019,1693,27.109922
2024-12-31,인천광역시,미추홀구,412274,84471,34746,8382,20.489044
2024-12-31,인천광역시,연수구,400213,52160,18651,5080,13.03306
2024-12-31,인천광역시,남동구,486225,91471,34469,8338,18.812484
2024-12-31,인천광역시,부평구,493200,93125,35640,9175,18.881792
2024-12-31,인천광역시,계양구,280227,51136,18364,5014,18.248063
2024-12-31,인천광역시,서구,634064,84811,29665,7508,13.375779
2024-12-31,인천광역시,강화군,69402,27022,12783,3798,38.935477
2024-12-31,인천광역시,옹진군,19996,6748,2832,842,33.746749
2024-12-31,광주광역시,동구,106203,25071,11675,2851,23.606678
2024-12-31,광주광역시,서구,279050,50571,21042,5060,18.122559
2024-12-31,광주광역시,남구,207597,44551,19475,4658,21.460329
2024-12-31,광주광역시,북구,423961,79388,32618,7728,18.725307
2024-12-31,광주광역시,광산구,391611,47399,19079,4747,12.103593
2024-12-31,대전광역시,동구,218513,50056,21011,5273,22.907562
2024-12-31,대전광역시,중구,225008,52849,23198,5859,23.487609
2024-12-31,대전광역시,서구,457951,75614,28689,7304,16.511373
2024-12-31,대전광역시,유성구,369468,45571,15887,4389,12.334221
2024-12-31,대전광역시,대덕구,168217,35155,13582,3454,20.898601
2024-12-31,울산광역시,중구,207000,42004,14641,3061,20.291787
2024-12-31,울산광역시,남구,304885,50834,16320,3262,16.673172
2024-12-31,울산광역시,동구,150836,27409,8099,1447,18.171391
2024-12-31,울산광역시,북구,216522,25461,8268,1958,11.759082
2024-12-31,울산광역시,울주군,218806,42994,15741,4091,19.64937
2024-12-31,세종특별자치시,,390685,45301,17190,4893,11.595275
2024-12-31,경기도,수원시 장안구,274661,45662,18632,4972,16.624858
2024-12-31,경기도,수원시 권선구,362642,54222,19778,4903,14.951936
2024-12-31,경기도,수원시 팔달구,194397,33564,13397,3253,17.265699
2024-12-31,경기도,수원시 영통구,361305,34874,12757,3291,9.652233
2024-12-31,경기도,성남시 수정구,234877,46084,17498,3755,19.620482
2024-12-31,경기도,성남시 중원구,206978,41360,15571,3419,19.9828
2024-12-31,경기도,성남시 분당구,471154,73855,31071,8912,15.675342
2024-12-31,경기도,의정부시,461271,87072,36101,8940,18.876539
2024-12-31,경기도,안양시 만안구,229971,47483,18044,4483,20.647386
2024-12-31,경기도,안양시 동안구,326521,49965,17982,4867,15.302232
2024-12-31,경기도,부천시 원미구,389983,68569,23573,5944,17.582561
2024-12-31,경기도,부천시 소사구,227911,45085,16318,3951,19.781845
2024-12-31,경기도,부천시 오정구,152024,30623,11181,2795,20.14353
2024-12-31,경기도,광명시,278167,49660,18486,4545,17.852585
2024-12-31,경기도,평택시,598556,82782,33514,9000,13.830285
2024-12-31,경기도,동두천시,86838,22464,10446,2765,25.868859
2024-12-31,경기도,안산시 상록구,327191,51240,19600,5404,15.660577
2024-12-31,경기도,안산시 단원구,293388,43022,14874,4055,14.663858
2024-12-31,경기도,고양시 덕양구,493097,87776,36838,10015,17.80096
2024-12-31,경기도,고양시 일산동구,294123,48717,20263,6322,16.563479
2024-12-31,경기도,고양시 일산서구,282900,47958,20863,6374,16.95228
2024-12-31,경기도,과천시,85512,12816,5000,1480,14.98737
2024-12-31,경기도,구리시,186882,33143,12634,2949,17.73472
2024-12-31,경기도,남양주시,732482,129635,52280,12586,17.698046
2024-12-31,경기도,오산시,242065,29606,11316,2683,12.230599
2024-12-31,경기도,시흥시,518132,65152,23376,6085,12.574402
2024-12-31,경기도,군포시,255931,46533,18128,5169,18.181854
2024-12-31,경기도,의왕시,154488,27980,10235,2777,18.111439
2024-12-31,경기도,하남시,329120,50742,18018,4076,15.417477
2024-12-31,경기도,용인시 처인구,274162,48459,19009,4938,17.675316
2024-12-31,경기도,용인시 기흥구,436351,70033,31798,7987,16.049694
2024-12-31,경기도,용인시 수지구,375351,57225,26708,6227,15.24573
2024-12-31,경기도,파주시,511308,83569,36156,9723,16.34416
2024-12-31,경기도,이천시,222443,39307,15591,4254,17.670594
2024-12-31,경기도,안성시,193949,40838,16972,4943,21.056051
2024-12-31,경기도,김포시,486853,76654,30119,7145,15.744794
2024-12-31,경기도,화성시,968821,105701,39134,10243,10.910271
2024-12-31,경기도,광주시,397605,69176,24918,5736,17.398172
2024-12-31,경기도,양주시,289005,50616,20735,5206,17.513884
2024-12-31,경기도,포천시,141463,37242,15276,4385,26.326319
2024-12-31,경기도,여주시,114610,30535,12556,3531,26.642527
2024-12-31,경기도,연천군,40866,13432,6226,1763,32.868399
2024-12-31,경기도,가평군,62527,19831,8183,2296,31.715899
2024-12-31,경기도,양평군,126804,39341,16023,4357,31.025047
2024-12-31,충청북도,청주시 상당구,197952,37195,14990,4216,18.789909
2024-12-31,충청북도,청주시 서원구,181621,35931,14220,3808,19.783505
2024-12-31,충청북도,청주시 흥덕구,285838,38849,14290,3844,13.591265
2024-12-31,충청북도,청주시 청원구,189126,30713,12500,3563,16.239438
2024-12-31,충청북도,충주시,207241,50480,21447,6338,24.358114
2024-12-31,충청북도,제천시,128569,35347,14546,3949,27.49263
2024-12-31,충청북도,보은군,30527,12537,5975,1995,41.068562
2024-12-31,충청북도,옥천군,48204,17216,7715,2403,35.714878
2024-12-31,충청북도,영동군,43551,16625,7805,2313,38.173636
2024-12-31,충청북도,증평군,37171,8044,3335,947,21.640526
2024-12-31,충청북도,진천군,86537,16767,7127,2332,19.375527
2024-12-31,충청북도,괴산군,36252,15024,6665,2017,41.443231
2024-12-31,충청북도,음성군,91236,23968,10009,2974,26.270332
2024-12-31,충청북도,단양군,27352,10491,4558,1220,38.355513
2024-12-31,충청남도,천안시 동남구,261172,46811,18616,5252,17.923437
2024-12-31,충청남도,천안시 서북구,398748,45667,17358,4733,11.452597
2024-12-31,충청남도,공주시,101285,31722,14352,4630,31.319544
2024-12-31,충청남도,보령시,93780,29461,13571,4053,31.415014
2024-12-31,충청남도,아산시,355014,52923,22334,6364,14.907299
2024-12-31,충청남도,서산시,174445,38611,17816,5705,22.133624
2024-12-31,충청남도,논산시,108529,34591,16071,5155,31.872587
2024-12-31,충청남도,계룡시,46540,7006,2618,774,15.053717
2024-12-31,충청남도,당진시,171931,36886,16745,5280,21.453955
2024-12-31,충청남도,금산군,49615,18012,8508,2610,36.303537
2024-12-31,충청남도,부여군,59550,24506,12105,4082,41.151973
2024-12-31,충청남도,서천군,48204,20288,10355,3458,42.087794
2024-12-31,충청남도,청양군,29658,12082,6068,2147,40.737744
2024-12-31,충청남도,홍성군,99198,27077,12975,4284,27.295913
2024-12-31,충청남도,예산군,78772,27566,13234,4311,34.994668
2024-12-31,충청남도,태안군,60133,22439,10581,3078,37.315617
2024-12-31,전라남도,목포시,209890,44454,18898,4246,21.179666
2024-12-31,전라남도,여수시,267816,63857,27090,6525,23.843609
2024-12-31,전라남도,순천시,276329,53410,22978,6649,19.328409
2024-12-31,전라남도,나주시,116654,29155,14070,4130,24.992713
2024-12-31,전라남도,광양시,154692,25136,10048,3074,16.249063
2024-12-31,전라남도,담양군,44623,15890,7981,2483,35.609439
2024-12-31,전라남도,곡성군,26566,10765,5898,2114,40.521719
2024-12-31,전라남도,구례군,24025,9477,5079,1624,39.44641
2024-12-31,전라남도,고흥군,60190,27498,14875,4880,45.68533
2024-12-31,전라남도,보성군,37045,16247,8875,3016,43.857471
2024-12-31,전라남도,화순군,60735,18776,9632,2957,30.914629
2024-12-31,전라남도,장흥군,34451,13479,7246,2449,39.125134
2024-12-31,전라남도,강진군,32189,12685,6754,2196,39.407872
2024-12-31,전라남도,해남군,63120,23771,12143,3566,37.660013
2024-12-31,전라남도,영암군,51391,15642,7925,2470,30.437236
2024-12-31,전라남도,무안군,92687,19592,9246,2505,21.137808
2024-12-31,전라남도,함평군,30010,12410,6634,2161,41.352882
2024-12-31,전라남도,영광군,52098,16677,8533,2428,32.010826
2024-12-31,전라남도,장성군,42026,14454,7443,2301,34.392995
2024-12-31,전라남도,완도군,45631,17080,9038,2605,37.430694
2024-12-31,전라남도,진도군,28478,10745,5755,1707,37.73088
2024-12-31,전라남도,신안군,38173,15292,7846,2314,40.059728
2024-12-31,경상북도,포항시 남구,220613,50657,18255,4054,22.961929
2024-12-31,경상북도,포항시 북구,270968,59655,21902,5408,22.015515
2024-12-31,경상북도,경주시,244769,67248,29048,8088,27.474067
2024-12-31,경상북도,김천시,135446,37426,16736,5147,27.631676
2024-12-31,경상북도,안동시,153159,43801,20316,6011,28.598385
2024-12-31,경상북도,구미시,404820,52744,18704,5202,13.029001
2024-12-31,경상북도,영주시,98870,31570,14437,4352,31.930818
2024-12-31,경상북도,영천시,98143,32977,14878,4170,33.60097
2024-12-31,경상북도,상주시,91850,33659,16374,5356,36.645618
2024-12-31,경상북도,문경시,67257,24095,11381,3472,35.825267
2024-12-31,경상북도,경산시,266398,55091,22765,5830,20.67996
2024-12-31,경상북도,의성군,48690,23118,11455,3815,47.479975
2024-12-31,경상북도,청송군,23716,10367,5040,1576,43.713105
2024-12-31,경상북도,영양군,15328,6601,3355,1052,43.064979
2024-12-31,경상북도,영덕군,33210,14452,7459,2339,43.517013
2024-12-31,경상북도,청도군,40582,17964,8354,2740,44.265931
2024-12-31,경상북도,고령군,30062,11392,5185,1663,37.895017
2024-12-31,경상북도,성주군,41452,16044,7024,2109,38.705008
2024-12-31,경상북도,칠곡군,107383,21825,9428,2813,20.324446
2024-12-31,경상북도,예천군,54609,18265,9103,3201,33.446868
2024-12-31,경상북도,봉화군,28836,12579,6100,2009,43.622555
2024-12-31,경상북도,울진군,46124,14955,7403,2467,32.423467
2024-12-31,경상북도,울릉군,9099,2742,1109,305,30.13518
2024-12-31,경상남도,창원시 의창구,209695,38165,12774,3033,18.200243
2024-12-31,경상남도,창원시 성산구,244489,31858,9054,2211,13.030443
2024-12-31,경상남도,창원시 마산합포구,178211,46004,18290,4307,25.814344
2024-12-31,경상남도,창원시 마산회원구,178724,41463,15257,3169,23.199458
2024-12-31,경상남도,창원시 진해구,188739,34540,13358,3365,18.300404
2024-12-31,경상남도,진주시,338785,70225,29421,7655,20.728486
2024-12-31,경상남도,통영시,118481,30233,12032,2799,25.517172
2024-12-31,경상남도,사천시,108504,28071,12803,3553,25.870936
2024-12-31,경상남도,김해시,531676,80326,29189,7013,15.108073
2024-12-31,경상남도,밀양시,100691,35004,14929,4211,34.763782
2024-12-31,경상남도,거제시,232972,36274,12436,3166,15.570111
2024-12-31,경상남도,양산시,359531,64107,23967,5591,17.830729
2024-12-31,경상남도,의령군,25150,10654,5364,1888,42.361829
2024-12-31,경상남도,함안군,58842,18566,8242,2532,31.552293
2024-12-31,경상남도,창녕군,56085,21387,9860,3016,38.133191
2024-12-31,경상남도,고성군,48005,17847,8521,2578,37.177377
2024-12-31,경상남도,남해군,39832,17045,9059,3120,42.792227
2024-12-31,경상남도,하동군,40765,16817,8372,2799,41.253526
2024-12-31,경상남도,산청군,33259,14142,6996,2331,42.520821
2024-12-31,경상남도,함양군,36131,14215,7299,2457,39.342947
2024-12-31,경상남도,거창군,59588,19182,9498,3199,32.191045
2024-12-31,경상남도,합천군,40225,18205,9423,3154,45.257924
2024-12-31,제주특별자치도,제주시,488348,85251,36544,10748,17.457018
2024-12-31,제주특별자치도,서귀포시,182020,41734,19110,5614,22.92825
2024-12-31,강원특별자치도,춘천시,286069,61370,26640,7802,21.452866
2024-12-31,강원특별자치도,원주시,362164,68912,27519,8102,19.027844
2024-12-31,강원특별자치도,강릉시,207731,54279,23571,6388,26.129466
2024-12-31,강원특별자치도,동해시,87675,21889,9279,2330,24.966068
2024-12-31,강원특별자치도,태백시,37936,11801,4980,1171,31.107655
2024-12-31,강원특별자치도,속초시,80933,19453,7905,2016,24.035931
2024-12-31,강원특별자치도,삼척시,61735,18709,8578,2512,30.305337
2024-12-31,강원특별자치도,홍천군,66717,22411,9243,2819,33.591139
2024-12-31,강원특별자치도,횡성군,46111,16949,7088,2111,36.756956
2024-12-31,강원특별자치도,영월군,36721,13164,5693,1574,35.848697
2024-12-31,강원특별자치도,평창군,40396,14167,5943,1615,35.070304
2024-12-31,강원특별자치도,정선군,33515,11691,4982,1273,34.882888
2024-12-31,강원특별자치도,철원군,40497,11487,5438,1375,28.365064
2024-12-31,강원특별자치도,화천군,22922,6380,2994,876,27.833522
2024-12-31,강원특별자치도,양구군,20621,5488,2472,685,26.613646
2024-12-31,강원특별자치도,인제군,31535,7993,3297,959,25.34644
2024-12-31,강원특별자치도,고성군,26999,9123,4246,1170,33.79014
2024-12-31,강원특별자치도,양양군,27489,9704,4461,1206,35.301393
2024-12-31,전북특별자치도,전주시 완산구,321910,64237,26876,6950,19.954956
2024-12-31,전북특별자치도,전주시 덕진구,313741,53258,22845,5849,16.975148
2024-12-31,전북특별자치도,군산시,258047,59458,25304,6424,23.041539
2024-12-31,전북특별자치도,익산시,268001,64800,28300,7968,24.179014
2024-12-31,전북특별자치도,정읍시,102127,32647,16741,5283,31.967061
2024-12-31,전북특별자치도,남원시,75647,24831,12636,4102,32.824831
2024-12-31,전북특별자치도,김제시,80635,28533,14427,4799,35.385379
2024-12-31,전북특별자치도,완주군,99279,25240,11487,3554,25.423302
2024-12-31,전북특별자치도,진안군,24161,9725,4941,1616,40.250817
2024-12-31,전북특별자치도,무주군,23032,8755,4413,1487,38.012331
2024-12-31,전북특별자치도,장수군,20663,8243,4132,1374,39.892562
2024-12-31,전북특별자치도,임실군,25577,10617,5699,1945,41.50995
2024-12-31,전북특별자치도,순창군,26822,10126,5461,1745,37.752591
2024-12-31,전북특별자치도,고창군,50982,20222,10798,3387,39.66498
2024-12-31,전북특별자치도,부안군,48066,18571,9471,2935,38.636458
2025-12-31,서울특별시,종로구,137048,30664,13563,3826,22.374642
2025-12-31,서울특별시,중구,117805,27157,11787,3133,23.052502
2025-12-31,서울특별시,용산구,201894,39913,17152,4982,19.769285
2025-12-31,서울특별시,성동구,274606,53232,22105,5494,19.384864
2025-12-31,서울특별시,광진구,331167,62317,24747,5949,18.817394
2025-12-31,서울특별시,동대문구,346241,72487,30581,7342,20.935418
2025-12-31,서울특별시,중랑구,376916,87928,34504,7862,23.328275
2025-12-31,서울특별시,성북구,422559,87297,37603,9393,20.659127
2025-12-31,서울특별시,강북구,278928,74210,32483,7496,26.605432
2025-12-31,서울특별시,도봉구,299899,78244,32154,8043,26.090117
2025-12-31,서울특별시,노원구,483541,104661,42929,10956,21.6447
2025-12-31,서울특별시,은평구,455137,102219,43341,10482,22.458952
2025-12-31,서울특별시,서대문구,300147,61941,27426,7330,20.636888
2025-12-31,서울특별시,마포구,357616,61725,27057,7162,17.260134
2025-12-31,서울특별시,양천구,425088,84351,31512,7088,19.843185
2025-12-31,서울특별시,강서구,549711,112966,43742,10256,20.550071
2025-12-31,서울특별시,구로구,383829,85949,34812,7559,22.392524
2025-12-31,서울특별시,금천구,223290,49561,19470,4267,22.195799
2025-12-31,서울특별시,영등포구,371362,71314,30043,7430,19.203365
2025-12-31,서울특별시,동작구,371924,75541,32384,7741,20.31087
2025-12-31,서울특별시,관악구,477605,92078,39442,8464,19.279111
2025-12-31,서울특별시,서초구,414428,72156,29886,6819,17.410986
2025-12-31,서울특별시,강남구,556330,95349,38815,8513,17.138928
2025-12-31,서울특별시,송파구,643350,118935,43920,9621,18.486827
2025-12-31,서울특별시,강동구,499127,97907,35310,7432,19.615649
2025-12-31,부산광역시,중구,36518,12471,5360,1264,34.150282
2025-12-31,부산광역시,서구,101892,31668,13617,3363,31.079967
2025-12-31,부산광역시,동구,83851,26104,11587,2803,31.131412
2025-12-31,부산광역시,영도구,101580,35615,15515,3479,35.061036
2025-12-31,부산광역시,부산진구,365378,87363,35052,8145,23.910307
2025-12-31,부산광역시,동래구,273277,64095,25167,5573,23.454224
2025-12-31,부산광역시,남구,250668,63975,26746,6028,25.521806
2025-12-31,부산광역시,북구,262862,66932,23972,5353,25.46279
2025-12-31,부산광역시,해운대구,372604,87737,34596,8354,23.546983
2025-12-31,부산광역시,사하구,286222,76444,28590,6160,26.70794
2025-12-31,부산광역시,금정구,206588,58583,23780,5609,28.357407
2025-12-31,부산광역시,강서구,150299,22908,7657,1780,15.241618
2025-12-31,부산광역시,연제구,211727,51244,20519,4612,24.202865
2025-12-31,부산광역시,수영구,169112,45673,19273,4456,27.007545
2025-12-31,부산광역시,사상구,194124,51544,17897,3617,26.552101
2025-12-31,부산광역시,기장군,174898,36479,14844,3550,20.8573
2025-12-31,대구광역시,중구,101007,18570,8587,2240,18.384864
2025-12-31,대구광역시,동구,339281,84594,35252,8732,24.933315
2025-12-31,대구광역시,서구,163956,47318,18846,4397,28.860182
2025-12-31,대구광역시,남구,135542,38922,17313,4674,28.715822
2025-12-31,대구광역시,북구,409854,82817,32804,8129,20.206464
2025-12-31,대구광역시,수성구,409222,83221,34717,9317,20.336394
2025-12-31,대구광역시,달서구,517059,107067,39644,9780,20.706921
2025-12-31,대구광역시,달성군,254659,45904,16781,4187,18.025674
2025-12-31,대구광역시,군위군,22452,10992,5166,1655,48.957777
2025-12-31,인천광역시,중구,176467,28899,11492,2813,16.376433
2025-12-31,인천광역시,동구,56477,16293,7209,1724,28.848912
2025-12-31,인천광역시,미추홀구,417578,89661,36402,8999,21.471677
2025-12-31,인천광역시,연수구,409437,57266,19624,5410,13.986523
2025-12-31,인천광역시,남동구,480147,98130,36351,9057,20.437491
2025-12-31,인천광역시,부평구,490442,99616,37254,9761,20.311474
2025-12-31,인천광역시,계양구,277721,55951,19162,5279,20.146478
2025-12-31,인천광역시,서구,654358,93707,32060,8080,14.320448
2025-12-31,인천광역시,강화군,69698,28402,13097,3938,40.750093
2025-12-31,인천광역시,옹진군,19636,7087,2896,851,36.091872
2025-12-31,광주광역시,동구,104888,25878,12080,3076,24.672031
2025-12-31,광주광역시,서구,275063,53606,22101,5363,19.488626
2025-12-31,광주광역시,남구,207596,46872,20406,4984,22.57847
2025-12-31,광주광역시,북구,416862,84137,34115,8228,20.183418
2025-12-31,광주광역시,광산구,387604,50766,19756,5043,13.097388
2025-12-31,대전광역시,동구,218664,52714,22018,5530,24.107306
2025-12-31,대전광역시,중구,225645,55091,24081,6205,24.4149
2025-12-31,대전광역시,서구,463351,80949,30402,7678,17.470341
2025-12-31,대전광역시,유성구,367534,49193,16837,4584,13.384612
2025-12-31,대전광역시,대덕구,165535,37459,14194,3580,22.629051
2025-12-31,울산광역시,중구,204169,44478,15360,3237,21.784894
2025-12-31,울산광역시,남구,304128,54612,17533,3603,17.956913
2025-12-31,울산광역시,동구,149257,29586,8757,1564,19.822186
2025-12-31,울산광역시,북구,215220,27983,8782,2070,13.002044
2025-12-31,울산광역시,울주군,219174,46241,16654,4372,21.097849
2025-12-31,세종특별자치시,,391965,48115,17888,5004,12.275331
2025-12-31,경기도,수원시 장안구,271136,48860,19484,5330,18.020477
2025-12-31,경기도,수원시 권선구,361064,58769,20765,5183,16.276616
2025-12-31,경기도,수원시 팔달구,191822,35377,13871,3461,18.442619
2025-12-31,경기도,수원시 영통구,362493,37786,13386,3520,10.423925
2025-12-31,경기도,성남시 수정구,232389,49024,18447,4091,21.095663
2025-12-31,경기도,성남시 중원구,203572,43962,16402,3706,21.595308
2025-12-31,경기도,성남시 분당구,469833,77801,32120,9434,16.559288
2025-12-31,경기도,의정부시,461572,92992,37582,9657,20.146803
2025-12-31,경기도,안양시 만안구,233749,51264,19124,4811,21.931217
2025-12-31,경기도,안양시 동안구,329530,53786,18875,5109,16.322034
2025-12-31,경기도,부천시 원미구,384561,74169,24932,6311,19.286667
2025-12-31,경기도,부천시 소사구,225458,47965,17137,4199,21.274472
2025-12-31,경기도,부천시 오정구,148777,32941,11664,2979,22.141191
2025-12-31,경기도,광명시,293947,54496,19827,4872,18.539397
2025-12-31,경기도,평택시,610402,89235,34913,9527,14.619054
2025-12-31,경기도,동두천시,86438,23606,10711,2949,27.309748
2025-12-31,경기도,안산시 상록구,322739,55577,20373,5787,17.220416
2025-12-31,경기도,안산시 단원구,289769,46933,15611,4253,16.196695
2025-12-31,경기도,고양시 덕양구,485546,93103,37976,10792,19.174908
2025-12-31,경기도,고양시 일산동구,296758,52982,21318,6797,17.853605
2025-12-31,경기도,고양시 일산서구,277777,51200,21319,6787,18.432052
2025-12-31,경기도,과천시,79908,12737,4946,1495,15.939581
2025-12-31,경기도,구리시,186090,35576,13142,3169,19.117631
2025-12-31,경기도,남양주시,729754,137932,54983,13767,18.901164
2025-12-31,경기도,오산시,249410,32351,11922,2921,12.971012
2025-12-31,경기도,시흥시,515032,70964,24545,6561,13.778561
2025-12-31,경기도,군포시,251367,49830,18820,5455,19.823605
2025-12-31,경기도,의왕시,160370,30859,10905,2974,19.242377
2025-12-31,경기도,하남시,327939,54355,19210,4238,16.574729
2025-12-31,경기도,용인시 처인구,282044,52451,20088,5281,18.596744
2025-12-31,경기도,용인시 기흥구,435048,73983,33392,8743,17.00571
2025-12-31,경기도,용인시 수지구,374094,59578,27798,6880,15.925944
2025-12-31,경기도,파주시,526005,90515,38084,10742,17.208011
2025-12-31,경기도,이천시,222967,41904,16043,4415,18.793813
2025-12-31,경기도,안성시,196592,43559,17565,5187,22.157056
2025-12-31,경기도,김포시,484792,81813,31896,7792,16.875897
2025-12-31,경기도,화성시,989969,115180,41276,10962,11.634708
2025-12-31,경기도,광주시,397346,74755,26428,6303,18.813578
2025-12-31,경기도,양주시,296224,54887,22014,5741,18.528884
2025-12-31,경기도,포천시,140452,39718,15662,4674,28.2787
2025-12-31,경기도,여주시,114002,32337,12878,3655,28.365292
2025-12-31,경기도,연천군,42340,14293,6335,1878,33.757676
2025-12-31,경기도,가평군,62125,20986,8461,2397,33.780282
2025-12-31,경기도,양평군,126933,41803,16659,4550,32.933122
2025-12-31,충청북도,청주시 상당구,194551,39166,15348,4365,20.131482
2025-12-31,충청북도,청주시 서원구,182689,38009,14686,3993,20.805303
2025-12-31,충청북도,청주시 흥덕구,292051,41667,14854,4005,14.267029
2025-12-31,충청북도,청주시 청원구,186861,32219,12782,3727,17.242228
2025-12-31,충청북도,충주시,206540,53128,21744,6647,25.722862
2025-12-31,충청북도,제천시,128003,37074,14796,4155,28.963384
2025-12-31,충청북도,보은군,30529,12944,5978,2045,42.39903
2025-12-31,충청북도,옥천군,49601,18171,7954,2430,36.634342
2025-12-31,충청북도,영동군,43032,17202,7888,2357,39.974902
2025-12-31,충청북도,증평군,36680,8457,3401,979,23.056161
2025-12-31,충청북도,진천군,86580,17782,7267,2427,20.538231
2025-12-31,충청북도,괴산군,38293,15948,6817,2107,41.647298
2025-12-31,충청북도,음성군,94280,25363,10137,3093,26.901782
2025-12-31,충청북도,단양군,26812,10870,4544,1255,40.541549
2025-12-31,충청남도,천안시 동남구,262470,50357,19474,5507,19.185812
2025-12-31,충청남도,천안시 서북구,401852,50005,18224,5035,12.443636
2025-12-31,충청남도,공주시,99979,33038,14798,4784,33.044939
2025-12-31,충청남도,보령시,92117,30604,13896,4105,33.222966
2025-12-31,충청남도,아산시,359378,56533,23296,6699,15.73079
2025-12-31,충청남도,서산시,172438,40659,18415,5843,23.57891
2025-12-31,충청남도,논산시,106777,35802,16422,5221,33.529693
2025-12-31,충청남도,계룡시,45846,7523,2725,773,16.409283
2025-12-31,충청남도,당진시,172564,38796,17334,5415,22.482094
2025-12-31,충청남도,금산군,48898,18707,8639,2694,38.257188
2025-12-31,충청남도,부여군,58377,25139,12249,4164,43.063193
2025-12-31,충청남도,서천군,47225,20700,10389,3461,43.832716
2025-12-31,충청남도,청양군,29986,12593,6164,2182,41.996265
2025-12-31,충청남도,홍성군,100557,28348,13304,4346,28.190976
2025-12-31,충청남도,예산군,78815,28513,13500,4356,36.177124
2025-12-31,충청남도,태안군,59474,23377,10934,3135,39.306251
2025-12-31,전라남도,목포시,202003,46318,19559,4567,22.929362
2025-12-31,전라남도,여수시,263284,66882,28203,6970,25.402987
2025-12-31,전라남도,순천시,275492,56914,23784,6945,20.659039
2025-12-31,전라남도,나주시,117076,30188,14197,4293,25.78496
2025-12-31,전라남도,광양시,155259,27036,10480,3176,17.413483
2025-12-31,전라남도,담양군,44177,16542,8108,2590,37.444824
2025-12-31,전라남도,곡성군,27287,11230,5927,2182,41.155129
2025-12-31,전라남도,구례군,23803,9828,5101,1679,41.288913
2025-12-31,전라남도,고흥군,59455,28091,15070,5057,47.247498
2025-12-31,전라남도,보성군,36858,16540,8870,3110,44.874925
2025-12-31,전라남도,화순군,60215,19437,9665,3132,32.279332
2025-12-31,전라남도,장흥군,34201,13822,7247,2540,40.414023
2025-12-31,전라남도,강진군,31799,12933,6750,2282,40.67109
2025-12-31,전라남도,해남군,62188,24303,12178,3686,39.079887
2025-12-31,전라남도,영암군,50069,16132,8001,2578,32.219537
2025-12-31,전라남도,무안군,95592,20443,9395,2617,21.385681
2025-12-31,전라남도,함평군,29458,12580,6590,2226,42.704868
2025-12-31,전라남도,영광군,53526,17368,8725,2563,32.447782
2025-12-31,전라남도,장성군,42958,15063,7541,2403,35.064482
2025-12-31,전라남도,완도군,44613,17398,8996,2731,38.997602
2025-12-31,전라남도,진도군,27964,11082,5814,1833,39.629524
2025-12-31,전라남도,신안군,41858,16146,7917,2435,38.573272
2025-12-31,경상북도,포항시 남구,215206,53310,19178,4336,24.771614
2025-12-31,경상북도,포항시 북구,273501,63633,23079,5748,23.266094
2025-12-31,경상북도,경주시,244055,70432,29857,8468,28.859069
2025-12-31,경상북도,김천시,133791,38720,17006,5389,28.940661
2025-12-31,경상북도,안동시,152610,45475,20548,6227,29.798178
2025-12-31,경상북도,구미시,403883,57260,19510,5449,14.177373
2025-12-31,경상북도,영주시,97162,32480,14729,4497,33.428707
2025-12-31,경상북도,영천시,95185,33929,15174,4304,35.645322
2025-12-31,경상북도,상주시,89888,34609,16445,5481,38.502358
2025-12-31,경상북도,문경시,65348,24731,11596,3626,37.845076
2025-12-31,경상북도,경산시,263853,58007,23683,6251,21.98459
2025-12-31,경상북도,의성군,47902,23570,11444,3833,49.204626
2025-12-31,경상북도,청송군,23363,10588,5066,1623,45.319522
2025-12-31,경상북도,영양군,15941,6850,3360,1101,42.970955
2025-12-31,경상북도,영덕군,32698,14718,7443,2407,45.011927
2025-12-31,경상북도,청도군,40117,18650,8572,2810,46.48902
2025-12-31,경상북도,고령군,29667,11872,5323,1720,40.017528
2025-12-31,경상북도,성주군,40720,16762,7243,2202,41.164047
2025-12-31,경상북도,칠곡군,104842,22933,9578,2924,21.873867
2025-12-31,경상북도,예천군,53887,18567,9051,3235,34.455435
2025-12-31,경상북도,봉화군,28315,12844,6089,2095,45.361116
2025-12-31,경상북도,울진군,45896,15436,7393,2532,33.632561
2025-12-31,경상북도,울릉군,8696,2796,1120,296,32.152714
2025-12-31,경상남도,창원시 의창구,207141,41399,13458,3236,19.985903
2025-12-31,경상남도,창원시 성산구,246904,35493,9539,2282,14.375223
2025-12-31,경상남도,창원시 마산합포구,175800,48257,19206,4638,27.449943
2025-12-31,경상남도,창원시 마산회원구,176275,43833,16160,3452,24.86626
2025-12-31,경상남도,창원시 진해구,184778,36474,13889,3551,19.739363
2025-12-31,경상남도,진주시,335939,74083,30452,8135,22.052515
2025-12-31,경상남도,통영시,116667,31979,12440,3003,27.410493
2025-12-31,경상남도,사천시,107935,29286,13094,3722,27.132997
2025-12-31,경상남도,김해시,533035,86871,30849,7583,16.297429
2025-12-31,경상남도,밀양시,99252,36256,15238,4321,36.529239
2025-12-31,경상남도,거제시,231178,39048,12968,3302,16.890881
2025-12-31,경상남도,양산시,361155,68929,25393,6124,19.085711
2025-12-31,경상남도,의령군,24636,10951,5360,1913,44.45121
2025-12-31,경상남도,함안군,57558,19303,8360,2622,33.536607
2025-12-31,경상남도,창녕군,54900,22059,9957,3071,40.180328
2025-12-31,경상남도,고성군,47099,18481,8592,2727,39.238625
2025-12-31,경상남도,남해군,40770,17729,9105,3228,43.485406
2025-12-31,경상남도,하동군,39974,17369,8384,2875,43.450743
2025-12-31,경상남도,산청군,32745,14674,7036,2444,44.812949
2025-12-31,경상남도,함양군,35472,14598,7252,2524,41.153586
2025-12-31,경상남도,거창군,58980,19792,9479,3307,33.557138
2025-12-31,경상남도,합천군,39190,18573,9343,3271,47.392192
2025-12-31,제주특별자치도,제주시,485182,89843,37721,11325,18.517381
2025-12-31,제주특별자치도,서귀포시,179610,43708,19561,5922,24.334948
2025-12-31,강원특별자치도,춘천시,285234,64332,26924,8291,22.554113
2025-12-31,강원특별자치도,원주시,363194,73482,28013,8597,20.232162
2025-12-31,강원특별자치도,강릉시,206237,56933,24233,6903,27.605619
2025-12-31,강원특별자치도,동해시,86333,22909,9480,2461,26.535624
2025-12-31,강원특별자치도,태백시,37088,12135,5146,1250,32.719478
2025-12-31,강원특별자치도,속초시,79636,20484,8017,2102,25.722035
2025-12-31,강원특별자치도,삼척시,60518,19458,8704,2636,32.152417
2025-12-31,강원특별자치도,홍천군,66109,23551,9388,2957,35.624499
2025-12-31,강원특별자치도,횡성군,45627,17841,7150,2169,39.101848
2025-12-31,강원특별자치도,영월군,36054,13728,5751,1662,38.076219
2025-12-31,강원특별자치도,평창군,39831,14871,5971,1700,37.335241
2025-12-31,강원특별자치도,정선군,34879,12562,5093,1382,36.015941
2025-12-31,강원특별자치도,철원군,39979,11931,5474,1474,29.843168
2025-12-31,강원특별자치도,화천군,22371,6658,2938,894,29.761745
2025-12-31,강원특별자치도,양구군,20410,5726,2461,752,28.054875
2025-12-31,강원특별자치도,인제군,30863,8381,3280,1025,27.155494
2025-12-31,강원특별자치도,고성군,26845,9487,4253,1263,35.339914
2025-12-31,강원특별자치도,양양군,27292,10020,4477,1272,36.714055
2025-12-31,전북특별자치도,전주시 완산구,316419,67602,28182,7268,21.364709
2025-12-31,전북특별자치도,전주시 덕진구,309018,56132,24060,6131,18.164638
2025-12-31,전북특별자치도,군산시,256291,62540,26522,6663,24.401949
2025-12-31,전북특별자치도,익산시,267066,68281,29526,8186,25.567088
2025-12-31,전북특별자치도,정읍시,101123,33658,17004,5457,33.284218
2025-12-31,전북특별자치도,남원시,74272,25624,12818,4170,34.500215
2025-12-31,전북특별자치도,김제시,81676,29522,14745,4838,36.145257
2025-12-31,전북특별자치도,완주군,100444,26818,11961,3614,26.699454
2025-12-31,전북특별자치도,진안군,24249,10131,5042,1656,41.779042
2025-12-31,전북특별자치도,무주군,22787,9032,4481,1552,39.636635
2025-12-31,전북특별자치도,장수군,20922,8529,4182,1405,40.765701
2025-12-31,전북특별자치도,임실군,25259,10944,5782,1996,43.327131
2025-12-31,전북특별자치도,순창군,27714,10644,5482,1802,38.406582
2025-12-31,전북특별자치도,고창군,50396,20636,10839,3448,40.947694
2025-12-31,전북특별자치도,부안군,47220,18882,9505,2927,39.987294
