기준일,시도,시군구,신청자_공개값합계,신청자_비공개셀수,신청자_추정하한,신청자_추정상한,인정자_공개값합계,인정자_비공개셀수,인정자_추정하한,인정자_추정상한,비공개규칙주의
2022-12-31,서울특별시,종로구,2830,0,2830,2830,2036,0,2036,2036,2022년 파일은 5명 미만 실제 숫자가 보이며 이후 파일과 공개규칙이 다를 수 있음
2022-12-31,서울특별시,중구,2521,0,2521,2521,1786,0,1786,1786,2022년 파일은 5명 미만 실제 숫자가 보이며 이후 파일과 공개규칙이 다를 수 있음
2022-12-31,서울특별시,용산구,3569,0,3569,3569,2640,0,2640,2640,2022년 파일은 5명 미만 실제 숫자가 보이며 이후 파일과 공개규칙이 다를 수 있음
2022-12-31,서울특별시,성동구,4787,0,4787,4787,3416,0,3416,3416,2022년 파일은 5명 미만 실제 숫자가 보이며 이후 파일과 공개규칙이 다를 수 있음
2022-12-31,서울특별시,광진구,5451,0,5451,5451,4136,0,4136,4136,2022년 파일은 5명 미만 실제 숫자가 보이며 이후 파일과 공개규칙이 다를 수 있음
2022-12-31,서울특별시,동대문구,7390,0,7390,7390,5296,0,5296,5296,2022년 파일은 5명 미만 실제 숫자가 보이며 이후 파일과 공개규칙이 다를 수 있음
2022-12-31,서울특별시,중랑구,8757,0,8757,8757,6581,0,6581,6581,2022년 파일은 5명 미만 실제 숫자가 보이며 이후 파일과 공개규칙이 다를 수 있음
2022-12-31,서울특별시,성북구,8709,0,8709,8709,6548,0,6548,6548,2022년 파일은 5명 미만 실제 숫자가 보이며 이후 파일과 공개규칙이 다를 수 있음
2022-12-31,서울특별시,강북구,7455,0,7455,7455,5283,0,5283,5283,2022년 파일은 5명 미만 실제 숫자가 보이며 이후 파일과 공개규칙이 다를 수 있음
2022-12-31,서울특별시,도봉구,7769,0,7769,7769,5770,0,5770,5770,2022년 파일은 5명 미만 실제 숫자가 보이며 이후 파일과 공개규칙이 다를 수 있음
2022-12-31,서울특별시,노원구,11170,0,11170,11170,8185,0,8185,8185,2022년 파일은 5명 미만 실제 숫자가 보이며 이후 파일과 공개규칙이 다를 수 있음
2022-12-31,서울특별시,은평구,10067,0,10067,10067,7506,0,7506,7506,2022년 파일은 5명 미만 실제 숫자가 보이며 이후 파일과 공개규칙이 다를 수 있음
2022-12-31,서울특별시,서대문구,6122,0,6122,6122,4503,0,4503,4503,2022년 파일은 5명 미만 실제 숫자가 보이며 이후 파일과 공개규칙이 다를 수 있음
2022-12-31,서울특별시,마포구,5590,0,5590,5590,4236,0,4236,4236,2022년 파일은 5명 미만 실제 숫자가 보이며 이후 파일과 공개규칙이 다를 수 있음
2022-12-31,서울특별시,양천구,7901,0,7901,7901,5958,0,5958,5958,2022년 파일은 5명 미만 실제 숫자가 보이며 이후 파일과 공개규칙이 다를 수 있음
2022-12-31,서울특별시,강서구,12539,0,12539,12539,9454,0,9454,9454,2022년 파일은 5명 미만 실제 숫자가 보이며 이후 파일과 공개규칙이 다를 수 있음
2022-12-31,서울특별시,구로구,8460,0,8460,8460,6396,0,6396,6396,2022년 파일은 5명 미만 실제 숫자가 보이며 이후 파일과 공개규칙이 다를 수 있음
2022-12-31,서울특별시,금천구,5086,0,5086,5086,3802,0,3802,3802,2022년 파일은 5명 미만 실제 숫자가 보이며 이후 파일과 공개규칙이 다를 수 있음
2022-12-31,서울특별시,영등포구,7159,0,7159,7159,5319,0,5319,5319,2022년 파일은 5명 미만 실제 숫자가 보이며 이후 파일과 공개규칙이 다를 수 있음
2022-12-31,서울특별시,동작구,6449,0,6449,6449,4596,0,4596,4596,2022년 파일은 5명 미만 실제 숫자가 보이며 이후 파일과 공개규칙이 다를 수 있음
2022-12-31,서울특별시,관악구,8500,0,8500,8500,6357,0,6357,6357,2022년 파일은 5명 미만 실제 숫자가 보이며 이후 파일과 공개규칙이 다를 수 있음
2022-12-31,서울특별시,서초구,5046,0,5046,5046,3782,0,3782,3782,2022년 파일은 5명 미만 실제 숫자가 보이며 이후 파일과 공개규칙이 다를 수 있음
2022-12-31,서울특별시,강남구,6931,0,6931,6931,5217,0,5217,5217,2022년 파일은 5명 미만 실제 숫자가 보이며 이후 파일과 공개규칙이 다를 수 있음
2022-12-31,서울특별시,송파구,9102,0,9102,9102,7066,0,7066,7066,2022년 파일은 5명 미만 실제 숫자가 보이며 이후 파일과 공개규칙이 다를 수 있음
2022-12-31,서울특별시,강동구,8045,0,8045,8045,6174,0,6174,6174,2022년 파일은 5명 미만 실제 숫자가 보이며 이후 파일과 공개규칙이 다를 수 있음
2022-12-31,부산광역시,중구,1549,0,1549,1549,1026,0,1026,1026,2022년 파일은 5명 미만 실제 숫자가 보이며 이후 파일과 공개규칙이 다를 수 있음
2022-12-31,부산광역시,서구,3927,0,3927,3927,2756,0,2756,2756,2022년 파일은 5명 미만 실제 숫자가 보이며 이후 파일과 공개규칙이 다를 수 있음
2022-12-31,부산광역시,동구,3633,0,3633,3633,2539,0,2539,2539,2022년 파일은 5명 미만 실제 숫자가 보이며 이후 파일과 공개규칙이 다를 수 있음
2022-12-31,부산광역시,영도구,4602,0,4602,4602,3140,0,3140,3140,2022년 파일은 5명 미만 실제 숫자가 보이며 이후 파일과 공개규칙이 다를 수 있음
2022-12-31,부산광역시,부산진구,9931,0,9931,9931,7057,0,7057,7057,2022년 파일은 5명 미만 실제 숫자가 보이며 이후 파일과 공개규칙이 다를 수 있음
2022-12-31,부산광역시,동래구,6881,0,6881,6881,5102,0,5102,5102,2022년 파일은 5명 미만 실제 숫자가 보이며 이후 파일과 공개규칙이 다를 수 있음
2022-12-31,부산광역시,남구,7055,0,7055,7055,5017,0,5017,5017,2022년 파일은 5명 미만 실제 숫자가 보이며 이후 파일과 공개규칙이 다를 수 있음
2022-12-31,부산광역시,북구,7775,0,7775,7775,5342,0,5342,5342,2022년 파일은 5명 미만 실제 숫자가 보이며 이후 파일과 공개규칙이 다를 수 있음
2022-12-31,부산광역시,해운대구,10261,0,10261,10261,7358,0,7358,7358,2022년 파일은 5명 미만 실제 숫자가 보이며 이후 파일과 공개규칙이 다를 수 있음
2022-12-31,부산광역시,사하구,8775,0,8775,8775,6030,0,6030,6030,2022년 파일은 5명 미만 실제 숫자가 보이며 이후 파일과 공개규칙이 다를 수 있음
2022-12-31,부산광역시,금정구,6910,0,6910,6910,4767,0,4767,4767,2022년 파일은 5명 미만 실제 숫자가 보이며 이후 파일과 공개규칙이 다를 수 있음
2022-12-31,부산광역시,강서구,1874,0,1874,1874,1354,0,1354,1354,2022년 파일은 5명 미만 실제 숫자가 보이며 이후 파일과 공개규칙이 다를 수 있음
2022-12-31,부산광역시,연제구,5524,0,5524,5524,4287,0,4287,4287,2022년 파일은 5명 미만 실제 숫자가 보이며 이후 파일과 공개규칙이 다를 수 있음
2022-12-31,부산광역시,수영구,5431,0,5431,5431,3894,0,3894,3894,2022년 파일은 5명 미만 실제 숫자가 보이며 이후 파일과 공개규칙이 다를 수 있음
2022-12-31,부산광역시,사상구,5781,0,5781,5781,4123,0,4123,4123,2022년 파일은 5명 미만 실제 숫자가 보이며 이후 파일과 공개규칙이 다를 수 있음
2022-12-31,부산광역시,기장군,4976,0,4976,4976,3942,0,3942,3942,2022년 파일은 5명 미만 실제 숫자가 보이며 이후 파일과 공개규칙이 다를 수 있음
2022-12-31,대구광역시,중구,2328,0,2328,2328,1708,0,1708,1708,2022년 파일은 5명 미만 실제 숫자가 보이며 이후 파일과 공개규칙이 다를 수 있음
2022-12-31,대구광역시,동구,10441,0,10441,10441,7920,0,7920,7920,2022년 파일은 5명 미만 실제 숫자가 보이며 이후 파일과 공개규칙이 다를 수 있음
2022-12-31,대구광역시,서구,5911,0,5911,5911,4629,0,4629,4629,2022년 파일은 5명 미만 실제 숫자가 보이며 이후 파일과 공개규칙이 다를 수 있음
2022-12-31,대구광역시,남구,5694,0,5694,5694,4210,0,4210,4210,2022년 파일은 5명 미만 실제 숫자가 보이며 이후 파일과 공개규칙이 다를 수 있음
2022-12-31,대구광역시,북구,10159,0,10159,10159,7856,0,7856,7856,2022년 파일은 5명 미만 실제 숫자가 보이며 이후 파일과 공개규칙이 다를 수 있음
2022-12-31,대구광역시,수성구,9398,0,9398,9398,7086,0,7086,7086,2022년 파일은 5명 미만 실제 숫자가 보이며 이후 파일과 공개규칙이 다를 수 있음
2022-12-31,대구광역시,달서구,12105,0,12105,12105,8908,0,8908,8908,2022년 파일은 5명 미만 실제 숫자가 보이며 이후 파일과 공개규칙이 다를 수 있음
2022-12-31,대구광역시,달성군,5498,0,5498,5498,4332,0,4332,4332,2022년 파일은 5명 미만 실제 숫자가 보이며 이후 파일과 공개규칙이 다를 수 있음
2022-12-31,인천광역시,중구,3459,0,3459,3459,2749,0,2749,2749,2022년 파일은 5명 미만 실제 숫자가 보이며 이후 파일과 공개규칙이 다를 수 있음
2022-12-31,인천광역시,동구,2156,0,2156,2156,1673,0,1673,1673,2022년 파일은 5명 미만 실제 숫자가 보이며 이후 파일과 공개규칙이 다를 수 있음
2022-12-31,인천광역시,미추홀구,11565,0,11565,11565,8841,0,8841,8841,2022년 파일은 5명 미만 실제 숫자가 보이며 이후 파일과 공개규칙이 다를 수 있음
2022-12-31,인천광역시,연수구,6046,0,6046,6046,4742,0,4742,4742,2022년 파일은 5명 미만 실제 숫자가 보이며 이후 파일과 공개규칙이 다를 수 있음
2022-12-31,인천광역시,남동구,13641,0,13641,13641,11050,0,11050,11050,2022년 파일은 5명 미만 실제 숫자가 보이며 이후 파일과 공개규칙이 다를 수 있음
2022-12-31,인천광역시,부평구,12449,0,12449,12449,9706,0,9706,9706,2022년 파일은 5명 미만 실제 숫자가 보이며 이후 파일과 공개규칙이 다를 수 있음
2022-12-31,인천광역시,계양구,7450,0,7450,7450,5918,0,5918,5918,2022년 파일은 5명 미만 실제 숫자가 보이며 이후 파일과 공개규칙이 다를 수 있음
2022-12-31,인천광역시,서구,11025,0,11025,11025,8870,0,8870,8870,2022년 파일은 5명 미만 실제 숫자가 보이며 이후 파일과 공개규칙이 다를 수 있음
2022-12-31,인천광역시,강화군,3712,0,3712,3712,2847,0,2847,2847,2022년 파일은 5명 미만 실제 숫자가 보이며 이후 파일과 공개규칙이 다를 수 있음
2022-12-31,인천광역시,옹진군,486,0,486,486,335,0,335,335,2022년 파일은 5명 미만 실제 숫자가 보이며 이후 파일과 공개규칙이 다를 수 있음
2022-12-31,광주광역시,동구,3993,0,3993,3993,2767,0,2767,2767,2022년 파일은 5명 미만 실제 숫자가 보이며 이후 파일과 공개규칙이 다를 수 있음
2022-12-31,광주광역시,서구,7559,0,7559,7559,5324,0,5324,5324,2022년 파일은 5명 미만 실제 숫자가 보이며 이후 파일과 공개규칙이 다를 수 있음
2022-12-31,광주광역시,남구,6915,0,6915,6915,4910,0,4910,4910,2022년 파일은 5명 미만 실제 숫자가 보이며 이후 파일과 공개규칙이 다를 수 있음
2022-12-31,광주광역시,북구,12566,0,12566,12566,8635,0,8635,8635,2022년 파일은 5명 미만 실제 숫자가 보이며 이후 파일과 공개규칙이 다를 수 있음
2022-12-31,광주광역시,광산구,8573,0,8573,8573,6060,0,6060,6060,2022년 파일은 5명 미만 실제 숫자가 보이며 이후 파일과 공개규칙이 다를 수 있음
2022-12-31,대전광역시,동구,7798,0,7798,7798,5558,0,5558,5558,2022년 파일은 5명 미만 실제 숫자가 보이며 이후 파일과 공개규칙이 다를 수 있음
2022-12-31,대전광역시,중구,8212,0,8212,8212,6095,0,6095,6095,2022년 파일은 5명 미만 실제 숫자가 보이며 이후 파일과 공개규칙이 다를 수 있음
2022-12-31,대전광역시,서구,10096,0,10096,10096,7816,0,7816,7816,2022년 파일은 5명 미만 실제 숫자가 보이며 이후 파일과 공개규칙이 다를 수 있음
2022-12-31,대전광역시,유성구,6065,0,6065,6065,4599,0,4599,4599,2022년 파일은 5명 미만 실제 숫자가 보이며 이후 파일과 공개규칙이 다를 수 있음
2022-12-31,대전광역시,대덕구,4881,0,4881,4881,3559,0,3559,3559,2022년 파일은 5명 미만 실제 숫자가 보이며 이후 파일과 공개규칙이 다를 수 있음
2022-12-31,울산광역시,중구,4427,0,4427,4427,3265,0,3265,3265,2022년 파일은 5명 미만 실제 숫자가 보이며 이후 파일과 공개규칙이 다를 수 있음
2022-12-31,울산광역시,남구,5299,0,5299,5299,3936,0,3936,3936,2022년 파일은 5명 미만 실제 숫자가 보이며 이후 파일과 공개규칙이 다를 수 있음
2022-12-31,울산광역시,동구,2577,0,2577,2577,1987,0,1987,1987,2022년 파일은 5명 미만 실제 숫자가 보이며 이후 파일과 공개규칙이 다를 수 있음
2022-12-31,울산광역시,북구,2809,0,2809,2809,2146,0,2146,2146,2022년 파일은 5명 미만 실제 숫자가 보이며 이후 파일과 공개규칙이 다를 수 있음
2022-12-31,울산광역시,울주군,5880,0,5880,5880,4530,0,4530,4530,2022년 파일은 5명 미만 실제 숫자가 보이며 이후 파일과 공개규칙이 다를 수 있음
2022-12-31,세종특별자치시,세종시,4867,0,4867,4867,3814,0,3814,3814,2022년 파일은 5명 미만 실제 숫자가 보이며 이후 파일과 공개규칙이 다를 수 있음
2022-12-31,경기도,수원시,21088,0,21088,21088,16344,0,16344,16344,2022년 파일은 5명 미만 실제 숫자가 보이며 이후 파일과 공개규칙이 다를 수 있음
2022-12-31,경기도,성남시,17539,0,17539,17539,13714,0,13714,13714,2022년 파일은 5명 미만 실제 숫자가 보이며 이후 파일과 공개규칙이 다를 수 있음
2022-12-31,경기도,의정부시,12738,0,12738,12738,10128,0,10128,10128,2022년 파일은 5명 미만 실제 숫자가 보이며 이후 파일과 공개규칙이 다를 수 있음
2022-12-31,경기도,안양시,10520,0,10520,10520,8021,0,8021,8021,2022년 파일은 5명 미만 실제 숫자가 보이며 이후 파일과 공개규칙이 다를 수 있음
2022-12-31,경기도,부천시,18810,0,18810,18810,14434,0,14434,14434,2022년 파일은 5명 미만 실제 숫자가 보이며 이후 파일과 공개규칙이 다를 수 있음
2022-12-31,경기도,광명시,5420,0,5420,5420,4034,0,4034,4034,2022년 파일은 5명 미만 실제 숫자가 보이며 이후 파일과 공개규칙이 다를 수 있음
2022-12-31,경기도,평택시,11001,0,11001,11001,8979,0,8979,8979,2022년 파일은 5명 미만 실제 숫자가 보이며 이후 파일과 공개규칙이 다를 수 있음
2022-12-31,경기도,동두천시,3951,0,3951,3951,2847,0,2847,2847,2022년 파일은 5명 미만 실제 숫자가 보이며 이후 파일과 공개규칙이 다를 수 있음
2022-12-31,경기도,안산시,13101,0,13101,13101,9863,0,9863,9863,2022년 파일은 5명 미만 실제 숫자가 보이며 이후 파일과 공개규칙이 다를 수 있음
2022-12-31,경기도,고양시,26404,0,26404,26404,20720,0,20720,20720,2022년 파일은 5명 미만 실제 숫자가 보이며 이후 파일과 공개규칙이 다를 수 있음
2022-12-31,경기도,과천시,1000,0,1000,1000,767,0,767,767,2022년 파일은 5명 미만 실제 숫자가 보이며 이후 파일과 공개규칙이 다를 수 있음
2022-12-31,경기도,구리시,3928,0,3928,3928,2938,0,2938,2938,2022년 파일은 5명 미만 실제 숫자가 보이며 이후 파일과 공개규칙이 다를 수 있음
2022-12-31,경기도,남양주시,17587,0,17587,17587,14362,0,14362,14362,2022년 파일은 5명 미만 실제 숫자가 보이며 이후 파일과 공개규칙이 다를 수 있음
2022-12-31,경기도,오산시,4022,0,4022,4022,3265,0,3265,3265,2022년 파일은 5명 미만 실제 숫자가 보이며 이후 파일과 공개규칙이 다를 수 있음
2022-12-31,경기도,시흥시,9031,0,9031,9031,6932,0,6932,6932,2022년 파일은 5명 미만 실제 숫자가 보이며 이후 파일과 공개규칙이 다를 수 있음
2022-12-31,경기도,군포시,6031,0,6031,6031,4534,0,4534,4534,2022년 파일은 5명 미만 실제 숫자가 보이며 이후 파일과 공개규칙이 다를 수 있음
2022-12-31,경기도,의왕시,3096,0,3096,3096,2353,0,2353,2353,2022년 파일은 5명 미만 실제 숫자가 보이며 이후 파일과 공개규칙이 다를 수 있음
2022-12-31,경기도,하남시,5065,0,5065,5065,4031,0,4031,4031,2022년 파일은 5명 미만 실제 숫자가 보이며 이후 파일과 공개규칙이 다를 수 있음
2022-12-31,경기도,용인시,21345,0,21345,21345,17091,0,17091,17091,2022년 파일은 5명 미만 실제 숫자가 보이며 이후 파일과 공개규칙이 다를 수 있음
2022-12-31,경기도,파주시,11909,0,11909,11909,9192,0,9192,9192,2022년 파일은 5명 미만 실제 숫자가 보이며 이후 파일과 공개규칙이 다를 수 있음
2022-12-31,경기도,이천시,4965,0,4965,4965,3764,0,3764,3764,2022년 파일은 5명 미만 실제 숫자가 보이며 이후 파일과 공개규칙이 다를 수 있음
2022-12-31,경기도,안성시,6080,0,6080,6080,4958,0,4958,4958,2022년 파일은 5명 미만 실제 숫자가 보이며 이후 파일과 공개규칙이 다를 수 있음
2022-12-31,경기도,김포시,8192,0,8192,8192,6599,0,6599,6599,2022년 파일은 5명 미만 실제 숫자가 보이며 이후 파일과 공개규칙이 다를 수 있음
2022-12-31,경기도,화성시,12106,0,12106,12106,9625,0,9625,9625,2022년 파일은 5명 미만 실제 숫자가 보이며 이후 파일과 공개규칙이 다를 수 있음
2022-12-31,경기도,광주시,7708,0,7708,7708,6190,0,6190,6190,2022년 파일은 5명 미만 실제 숫자가 보이며 이후 파일과 공개규칙이 다를 수 있음
2022-12-31,경기도,양주시,8732,0,8732,8732,7270,0,7270,7270,2022년 파일은 5명 미만 실제 숫자가 보이며 이후 파일과 공개규칙이 다를 수 있음
2022-12-31,경기도,포천시,5681,0,5681,5681,4392,0,4392,4392,2022년 파일은 5명 미만 실제 숫자가 보이며 이후 파일과 공개규칙이 다를 수 있음
2022-12-31,경기도,여주시,4180,0,4180,4180,3285,0,3285,3285,2022년 파일은 5명 미만 실제 숫자가 보이며 이후 파일과 공개규칙이 다를 수 있음
2022-12-31,경기도,연천군,1831,0,1831,1831,1373,0,1373,1373,2022년 파일은 5명 미만 실제 숫자가 보이며 이후 파일과 공개규칙이 다를 수 있음
2022-12-31,경기도,가평군,2610,0,2610,2610,1894,0,1894,1894,2022년 파일은 5명 미만 실제 숫자가 보이며 이후 파일과 공개규칙이 다를 수 있음
2022-12-31,경기도,양평군,4726,0,4726,4726,3738,0,3738,3738,2022년 파일은 5명 미만 실제 숫자가 보이며 이후 파일과 공개규칙이 다를 수 있음
2022-12-31,강원도,춘천시,9369,0,9369,9369,7147,0,7147,7147,2022년 파일은 5명 미만 실제 숫자가 보이며 이후 파일과 공개규칙이 다를 수 있음
2022-12-31,강원도,원주시,9285,0,9285,9285,7431,0,7431,7431,2022년 파일은 5명 미만 실제 숫자가 보이며 이후 파일과 공개규칙이 다를 수 있음
2022-12-31,강원도,강릉시,7773,0,7773,7773,6189,0,6189,6189,2022년 파일은 5명 미만 실제 숫자가 보이며 이후 파일과 공개규칙이 다를 수 있음
2022-12-31,강원도,동해시,3093,0,3093,3093,2446,0,2446,2446,2022년 파일은 5명 미만 실제 숫자가 보이며 이후 파일과 공개규칙이 다를 수 있음
2022-12-31,강원도,태백시,1362,0,1362,1362,840,0,840,840,2022년 파일은 5명 미만 실제 숫자가 보이며 이후 파일과 공개규칙이 다를 수 있음
2022-12-31,강원도,속초시,2261,0,2261,2261,1708,0,1708,1708,2022년 파일은 5명 미만 실제 숫자가 보이며 이후 파일과 공개규칙이 다를 수 있음
2022-12-31,강원도,삼척시,2525,0,2525,2525,1853,0,1853,1853,2022년 파일은 5명 미만 실제 숫자가 보이며 이후 파일과 공개규칙이 다를 수 있음
2022-12-31,강원도,홍천군,2486,0,2486,2486,1862,0,1862,1862,2022년 파일은 5명 미만 실제 숫자가 보이며 이후 파일과 공개규칙이 다를 수 있음
2022-12-31,강원도,횡성군,1803,0,1803,1803,1377,0,1377,1377,2022년 파일은 5명 미만 실제 숫자가 보이며 이후 파일과 공개규칙이 다를 수 있음
2022-12-31,강원도,영월군,1564,0,1564,1564,1138,0,1138,1138,2022년 파일은 5명 미만 실제 숫자가 보이며 이후 파일과 공개규칙이 다를 수 있음
2022-12-31,강원도,평창군,1468,0,1468,1468,1101,0,1101,1101,2022년 파일은 5명 미만 실제 숫자가 보이며 이후 파일과 공개규칙이 다를 수 있음
2022-12-31,강원도,정선군,1247,0,1247,1247,888,0,888,888,2022년 파일은 5명 미만 실제 숫자가 보이며 이후 파일과 공개규칙이 다를 수 있음
2022-12-31,강원도,철원군,1370,0,1370,1370,953,0,953,953,2022년 파일은 5명 미만 실제 숫자가 보이며 이후 파일과 공개규칙이 다를 수 있음
2022-12-31,강원도,화천군,672,0,672,672,488,0,488,488,2022년 파일은 5명 미만 실제 숫자가 보이며 이후 파일과 공개규칙이 다를 수 있음
2022-12-31,강원도,양구군,684,0,684,684,465,0,465,465,2022년 파일은 5명 미만 실제 숫자가 보이며 이후 파일과 공개규칙이 다를 수 있음
2022-12-31,강원도,인제군,680,0,680,680,448,0,448,448,2022년 파일은 5명 미만 실제 숫자가 보이며 이후 파일과 공개규칙이 다를 수 있음
2022-12-31,강원도,고성군,865,0,865,865,675,0,675,675,2022년 파일은 5명 미만 실제 숫자가 보이며 이후 파일과 공개규칙이 다를 수 있음
2022-12-31,강원도,양양군,1167,0,1167,1167,916,0,916,916,2022년 파일은 5명 미만 실제 숫자가 보이며 이후 파일과 공개규칙이 다를 수 있음
2022-12-31,충청북도,청주시,20134,0,20134,20134,16371,0,16371,16371,2022년 파일은 5명 미만 실제 숫자가 보이며 이후 파일과 공개규칙이 다를 수 있음
2022-12-31,충청북도,충주시,6747,0,6747,6747,5095,0,5095,5095,2022년 파일은 5명 미만 실제 숫자가 보이며 이후 파일과 공개규칙이 다를 수 있음
2022-12-31,충청북도,제천시,4783,0,4783,4783,3682,0,3682,3682,2022년 파일은 5명 미만 실제 숫자가 보이며 이후 파일과 공개규칙이 다를 수 있음
2022-12-31,충청북도,청원군,10,0,10,10,0,0,0,0,2022년 파일은 5명 미만 실제 숫자가 보이며 이후 파일과 공개규칙이 다를 수 있음
2022-12-31,충청북도,보은군,2078,0,2078,2078,1637,0,1637,1637,2022년 파일은 5명 미만 실제 숫자가 보이며 이후 파일과 공개규칙이 다를 수 있음
2022-12-31,충청북도,옥천군,2803,0,2803,2803,2195,0,2195,2195,2022년 파일은 5명 미만 실제 숫자가 보이며 이후 파일과 공개규칙이 다를 수 있음
2022-12-31,충청북도,영동군,3058,0,3058,3058,2311,0,2311,2311,2022년 파일은 5명 미만 실제 숫자가 보이며 이후 파일과 공개규칙이 다를 수 있음
2022-12-31,충청북도,증평군,1091,0,1091,1091,863,0,863,863,2022년 파일은 5명 미만 실제 숫자가 보이며 이후 파일과 공개규칙이 다를 수 있음
2022-12-31,충청북도,진천군,2318,0,2318,2318,1746,0,1746,1746,2022년 파일은 5명 미만 실제 숫자가 보이며 이후 파일과 공개규칙이 다를 수 있음
2022-12-31,충청북도,괴산군,1982,0,1982,1982,1497,0,1497,1497,2022년 파일은 5명 미만 실제 숫자가 보이며 이후 파일과 공개규칙이 다를 수 있음
2022-12-31,충청북도,음성군,3132,0,3132,3132,2333,0,2333,2333,2022년 파일은 5명 미만 실제 숫자가 보이며 이후 파일과 공개규칙이 다를 수 있음
2022-12-31,충청북도,단양군,1207,0,1207,1207,879,0,879,879,2022년 파일은 5명 미만 실제 숫자가 보이며 이후 파일과 공개규칙이 다를 수 있음
2022-12-31,충청남도,천안시,12321,0,12321,12321,9266,0,9266,9266,2022년 파일은 5명 미만 실제 숫자가 보이며 이후 파일과 공개규칙이 다를 수 있음
2022-12-31,충청남도,공주시,5407,0,5407,5407,4066,0,4066,4066,2022년 파일은 5명 미만 실제 숫자가 보이며 이후 파일과 공개규칙이 다를 수 있음
2022-12-31,충청남도,보령시,4406,0,4406,4406,3140,0,3140,3140,2022년 파일은 5명 미만 실제 숫자가 보이며 이후 파일과 공개규칙이 다를 수 있음
2022-12-31,충청남도,아산시,6833,0,6833,6833,5133,0,5133,5133,2022년 파일은 5명 미만 실제 숫자가 보이며 이후 파일과 공개규칙이 다를 수 있음
2022-12-31,충청남도,서산시,6220,0,6220,6220,5088,0,5088,5088,2022년 파일은 5명 미만 실제 숫자가 보이며 이후 파일과 공개규칙이 다를 수 있음
2022-12-31,충청남도,논산시,6509,0,6509,6509,4820,0,4820,4820,2022년 파일은 5명 미만 실제 숫자가 보이며 이후 파일과 공개규칙이 다를 수 있음
2022-12-31,충청남도,계룡시,830,0,830,830,629,0,629,629,2022년 파일은 5명 미만 실제 숫자가 보이며 이후 파일과 공개규칙이 다를 수 있음
2022-12-31,충청남도,금산군,3283,0,3283,3283,2495,0,2495,2495,2022년 파일은 5명 미만 실제 숫자가 보이며 이후 파일과 공개규칙이 다를 수 있음
2022-12-31,충청남도,부여군,4095,0,4095,4095,2890,0,2890,2890,2022년 파일은 5명 미만 실제 숫자가 보이며 이후 파일과 공개규칙이 다를 수 있음
2022-12-31,충청남도,서천군,3754,0,3754,3754,2886,0,2886,2886,2022년 파일은 5명 미만 실제 숫자가 보이며 이후 파일과 공개규칙이 다를 수 있음
2022-12-31,충청남도,청양군,1925,0,1925,1925,1363,0,1363,1363,2022년 파일은 5명 미만 실제 숫자가 보이며 이후 파일과 공개규칙이 다를 수 있음
2022-12-31,충청남도,홍성군,4555,0,4555,4555,3629,0,3629,3629,2022년 파일은 5명 미만 실제 숫자가 보이며 이후 파일과 공개규칙이 다를 수 있음
2022-12-31,충청남도,예산군,4142,0,4142,4142,3109,0,3109,3109,2022년 파일은 5명 미만 실제 숫자가 보이며 이후 파일과 공개규칙이 다를 수 있음
2022-12-31,충청남도,태안군,3050,0,3050,3050,2253,0,2253,2253,2022년 파일은 5명 미만 실제 숫자가 보이며 이후 파일과 공개규칙이 다를 수 있음
2022-12-31,충청남도,당진시,5958,0,5958,5958,4880,0,4880,4880,2022년 파일은 5명 미만 실제 숫자가 보이며 이후 파일과 공개규칙이 다를 수 있음
2022-12-31,전라북도,전주시,19250,0,19250,19250,14365,0,14365,14365,2022년 파일은 5명 미만 실제 숫자가 보이며 이후 파일과 공개규칙이 다를 수 있음
2022-12-31,전라북도,군산시,10040,0,10040,10040,7360,0,7360,7360,2022년 파일은 5명 미만 실제 숫자가 보이며 이후 파일과 공개규칙이 다를 수 있음
2022-12-31,전라북도,익산시,11280,0,11280,11280,8380,0,8380,8380,2022년 파일은 5명 미만 실제 숫자가 보이며 이후 파일과 공개규칙이 다를 수 있음
2022-12-31,전라북도,정읍시,6921,0,6921,6921,4604,0,4604,4604,2022년 파일은 5명 미만 실제 숫자가 보이며 이후 파일과 공개규칙이 다를 수 있음
2022-12-31,전라북도,남원시,4509,0,4509,4509,3446,0,3446,3446,2022년 파일은 5명 미만 실제 숫자가 보이며 이후 파일과 공개규칙이 다를 수 있음
2022-12-31,전라북도,김제시,5294,0,5294,5294,3781,0,3781,3781,2022년 파일은 5명 미만 실제 숫자가 보이며 이후 파일과 공개규칙이 다를 수 있음
2022-12-31,전라북도,완주군,4462,0,4462,4462,3317,0,3317,3317,2022년 파일은 5명 미만 실제 숫자가 보이며 이후 파일과 공개규칙이 다를 수 있음
2022-12-31,전라북도,진안군,1489,0,1489,1489,1161,0,1161,1161,2022년 파일은 5명 미만 실제 숫자가 보이며 이후 파일과 공개규칙이 다를 수 있음
2022-12-31,전라북도,무주군,1364,0,1364,1364,953,0,953,953,2022년 파일은 5명 미만 실제 숫자가 보이며 이후 파일과 공개규칙이 다를 수 있음
2022-12-31,전라북도,장수군,1013,0,1013,1013,739,0,739,739,2022년 파일은 5명 미만 실제 숫자가 보이며 이후 파일과 공개규칙이 다를 수 있음
2022-12-31,전라북도,임실군,1950,0,1950,1950,1516,0,1516,1516,2022년 파일은 5명 미만 실제 숫자가 보이며 이후 파일과 공개규칙이 다를 수 있음
2022-12-31,전라북도,순창군,1869,0,1869,1869,1279,0,1279,1279,2022년 파일은 5명 미만 실제 숫자가 보이며 이후 파일과 공개규칙이 다를 수 있음
2022-12-31,전라북도,고창군,4003,0,4003,4003,3020,0,3020,3020,2022년 파일은 5명 미만 실제 숫자가 보이며 이후 파일과 공개규칙이 다를 수 있음
2022-12-31,전라북도,부안군,3077,0,3077,3077,2236,0,2236,2236,2022년 파일은 5명 미만 실제 숫자가 보이며 이후 파일과 공개규칙이 다를 수 있음
2022-12-31,전라남도,목포시,6763,0,6763,6763,4857,0,4857,4857,2022년 파일은 5명 미만 실제 숫자가 보이며 이후 파일과 공개규칙이 다를 수 있음
2022-12-31,전라남도,여수시,8768,0,8768,8768,6319,0,6319,6319,2022년 파일은 5명 미만 실제 숫자가 보이며 이후 파일과 공개규칙이 다를 수 있음
2022-12-31,전라남도,순천시,7893,0,7893,7893,5859,0,5859,5859,2022년 파일은 5명 미만 실제 숫자가 보이며 이후 파일과 공개규칙이 다를 수 있음
2022-12-31,전라남도,나주시,5987,0,5987,5987,4150,0,4150,4150,2022년 파일은 5명 미만 실제 숫자가 보이며 이후 파일과 공개규칙이 다를 수 있음
2022-12-31,전라남도,광양시,3637,0,3637,3637,2796,0,2796,2796,2022년 파일은 5명 미만 실제 숫자가 보이며 이후 파일과 공개규칙이 다를 수 있음
2022-12-31,전라남도,담양군,2866,0,2866,2866,2109,0,2109,2109,2022년 파일은 5명 미만 실제 숫자가 보이며 이후 파일과 공개규칙이 다를 수 있음
2022-12-31,전라남도,곡성군,2145,0,2145,2145,1612,0,1612,1612,2022년 파일은 5명 미만 실제 숫자가 보이며 이후 파일과 공개규칙이 다를 수 있음
2022-12-31,전라남도,구례군,1856,0,1856,1856,1438,0,1438,1438,2022년 파일은 5명 미만 실제 숫자가 보이며 이후 파일과 공개규칙이 다를 수 있음
2022-12-31,전라남도,고흥군,4551,0,4551,4551,3327,0,3327,3327,2022년 파일은 5명 미만 실제 숫자가 보이며 이후 파일과 공개규칙이 다를 수 있음
2022-12-31,전라남도,보성군,2731,0,2731,2731,1711,0,1711,1711,2022년 파일은 5명 미만 실제 숫자가 보이며 이후 파일과 공개규칙이 다를 수 있음
2022-12-31,전라남도,화순군,3497,0,3497,3497,2507,0,2507,2507,2022년 파일은 5명 미만 실제 숫자가 보이며 이후 파일과 공개규칙이 다를 수 있음
2022-12-31,전라남도,장흥군,2767,0,2767,2767,1972,0,1972,1972,2022년 파일은 5명 미만 실제 숫자가 보이며 이후 파일과 공개규칙이 다를 수 있음
2022-12-31,전라남도,강진군,2509,0,2509,2509,1854,0,1854,1854,2022년 파일은 5명 미만 실제 숫자가 보이며 이후 파일과 공개규칙이 다를 수 있음
2022-12-31,전라남도,해남군,4209,0,4209,4209,3016,0,3016,3016,2022년 파일은 5명 미만 실제 숫자가 보이며 이후 파일과 공개규칙이 다를 수 있음
2022-12-31,전라남도,영암군,2741,0,2741,2741,1946,0,1946,1946,2022년 파일은 5명 미만 실제 숫자가 보이며 이후 파일과 공개규칙이 다를 수 있음
2022-12-31,전라남도,무안군,3287,0,3287,3287,2438,0,2438,2438,2022년 파일은 5명 미만 실제 숫자가 보이며 이후 파일과 공개규칙이 다를 수 있음
2022-12-31,전라남도,함평군,2682,0,2682,2682,1928,0,1928,1928,2022년 파일은 5명 미만 실제 숫자가 보이며 이후 파일과 공개규칙이 다를 수 있음
2022-12-31,전라남도,영광군,3030,0,3030,3030,2184,0,2184,2184,2022년 파일은 5명 미만 실제 숫자가 보이며 이후 파일과 공개규칙이 다를 수 있음
2022-12-31,전라남도,장성군,2806,0,2806,2806,2013,0,2013,2013,2022년 파일은 5명 미만 실제 숫자가 보이며 이후 파일과 공개규칙이 다를 수 있음
2022-12-31,전라남도,완도군,2987,0,2987,2987,2128,0,2128,2128,2022년 파일은 5명 미만 실제 숫자가 보이며 이후 파일과 공개규칙이 다를 수 있음
2022-12-31,전라남도,진도군,1919,0,1919,1919,1314,0,1314,1314,2022년 파일은 5명 미만 실제 숫자가 보이며 이후 파일과 공개규칙이 다를 수 있음
2022-12-31,전라남도,신안군,2218,0,2218,2218,1605,0,1605,1605,2022년 파일은 5명 미만 실제 숫자가 보이며 이후 파일과 공개규칙이 다를 수 있음
2022-12-31,경상북도,포항시,14249,0,14249,14249,10301,0,10301,10301,2022년 파일은 5명 미만 실제 숫자가 보이며 이후 파일과 공개규칙이 다를 수 있음
2022-12-31,경상북도,경주시,10720,0,10720,10720,8139,0,8139,8139,2022년 파일은 5명 미만 실제 숫자가 보이며 이후 파일과 공개규칙이 다를 수 있음
2022-12-31,경상북도,김천시,5408,0,5408,5408,4277,0,4277,4277,2022년 파일은 5명 미만 실제 숫자가 보이며 이후 파일과 공개규칙이 다를 수 있음
2022-12-31,경상북도,안동시,7310,0,7310,7310,5324,0,5324,5324,2022년 파일은 5명 미만 실제 숫자가 보이며 이후 파일과 공개규칙이 다를 수 있음
2022-12-31,경상북도,구미시,6967,0,6967,6967,5569,0,5569,5569,2022년 파일은 5명 미만 실제 숫자가 보이며 이후 파일과 공개규칙이 다를 수 있음
2022-12-31,경상북도,영주시,4285,0,4285,4285,2955,0,2955,2955,2022년 파일은 5명 미만 실제 숫자가 보이며 이후 파일과 공개규칙이 다를 수 있음
2022-12-31,경상북도,영천시,5421,0,5421,5421,4037,0,4037,4037,2022년 파일은 5명 미만 실제 숫자가 보이며 이후 파일과 공개규칙이 다를 수 있음
2022-12-31,경상북도,상주시,5804,0,5804,5804,4607,0,4607,4607,2022년 파일은 5명 미만 실제 숫자가 보이며 이후 파일과 공개규칙이 다를 수 있음
2022-12-31,경상북도,문경시,4202,0,4202,4202,3287,0,3287,3287,2022년 파일은 5명 미만 실제 숫자가 보이며 이후 파일과 공개규칙이 다를 수 있음
2022-12-31,경상북도,경산시,8168,0,8168,8168,6688,0,6688,6688,2022년 파일은 5명 미만 실제 숫자가 보이며 이후 파일과 공개규칙이 다를 수 있음
2022-12-31,경상북도,군위군,1455,0,1455,1455,1106,0,1106,1106,2022년 파일은 5명 미만 실제 숫자가 보이며 이후 파일과 공개규칙이 다를 수 있음
2022-12-31,경상북도,의성군,3891,0,3891,3891,3034,0,3034,3034,2022년 파일은 5명 미만 실제 숫자가 보이며 이후 파일과 공개규칙이 다를 수 있음
2022-12-31,경상북도,청송군,1391,0,1391,1391,1006,0,1006,1006,2022년 파일은 5명 미만 실제 숫자가 보이며 이후 파일과 공개규칙이 다를 수 있음
2022-12-31,경상북도,영양군,915,0,915,915,676,0,676,676,2022년 파일은 5명 미만 실제 숫자가 보이며 이후 파일과 공개규칙이 다를 수 있음
2022-12-31,경상북도,영덕군,2578,0,2578,2578,1932,0,1932,1932,2022년 파일은 5명 미만 실제 숫자가 보이며 이후 파일과 공개규칙이 다를 수 있음
2022-12-31,경상북도,청도군,2942,0,2942,2942,2332,0,2332,2332,2022년 파일은 5명 미만 실제 숫자가 보이며 이후 파일과 공개규칙이 다를 수 있음
2022-12-31,경상북도,고령군,1454,0,1454,1454,1088,0,1088,1088,2022년 파일은 5명 미만 실제 숫자가 보이며 이후 파일과 공개규칙이 다를 수 있음
2022-12-31,경상북도,성주군,2271,0,2271,2271,1709,0,1709,1709,2022년 파일은 5명 미만 실제 숫자가 보이며 이후 파일과 공개규칙이 다를 수 있음
2022-12-31,경상북도,칠곡군,3031,0,3031,3031,2388,0,2388,2388,2022년 파일은 5명 미만 실제 숫자가 보이며 이후 파일과 공개규칙이 다를 수 있음
2022-12-31,경상북도,예천군,3032,0,3032,3032,2231,0,2231,2231,2022년 파일은 5명 미만 실제 숫자가 보이며 이후 파일과 공개규칙이 다를 수 있음
2022-12-31,경상북도,봉화군,1523,0,1523,1523,1091,0,1091,1091,2022년 파일은 5명 미만 실제 숫자가 보이며 이후 파일과 공개규칙이 다를 수 있음
2022-12-31,경상북도,울진군,2764,0,2764,2764,2062,0,2062,2062,2022년 파일은 5명 미만 실제 숫자가 보이며 이후 파일과 공개규칙이 다를 수 있음
2022-12-31,경상북도,울릉군,155,0,155,155,82,0,82,82,2022년 파일은 5명 미만 실제 숫자가 보이며 이후 파일과 공개규칙이 다를 수 있음
2022-12-31,경상남도,창원시,23331,0,23331,23331,17245,0,17245,17245,2022년 파일은 5명 미만 실제 숫자가 보이며 이후 파일과 공개규칙이 다를 수 있음
2022-12-31,경상남도,진주시,11028,0,11028,11028,8847,0,8847,8847,2022년 파일은 5명 미만 실제 숫자가 보이며 이후 파일과 공개규칙이 다를 수 있음
2022-12-31,경상남도,통영시,3709,0,3709,3709,2686,0,2686,2686,2022년 파일은 5명 미만 실제 숫자가 보이며 이후 파일과 공개규칙이 다를 수 있음
2022-12-31,경상남도,사천시,5356,0,5356,5356,4143,0,4143,4143,2022년 파일은 5명 미만 실제 숫자가 보이며 이후 파일과 공개규칙이 다를 수 있음
2022-12-31,경상남도,김해시,11210,0,11210,11210,8197,0,8197,8197,2022년 파일은 5명 미만 실제 숫자가 보이며 이후 파일과 공개규칙이 다를 수 있음
2022-12-31,경상남도,밀양시,5816,0,5816,5816,4442,0,4442,4442,2022년 파일은 5명 미만 실제 숫자가 보이며 이후 파일과 공개규칙이 다를 수 있음
2022-12-31,경상남도,거제시,4617,0,4617,4617,3641,0,3641,3641,2022년 파일은 5명 미만 실제 숫자가 보이며 이후 파일과 공개규칙이 다를 수 있음
2022-12-31,경상남도,양산시,8055,0,8055,8055,5924,0,5924,5924,2022년 파일은 5명 미만 실제 숫자가 보이며 이후 파일과 공개규칙이 다를 수 있음
2022-12-31,경상남도,의령군,1899,0,1899,1899,1320,0,1320,1320,2022년 파일은 5명 미만 실제 숫자가 보이며 이후 파일과 공개규칙이 다를 수 있음
2022-12-31,경상남도,함안군,3453,0,3453,3453,2608,0,2608,2608,2022년 파일은 5명 미만 실제 숫자가 보이며 이후 파일과 공개규칙이 다를 수 있음
2022-12-31,경상남도,창녕군,3929,0,3929,3929,2973,0,2973,2973,2022년 파일은 5명 미만 실제 숫자가 보이며 이후 파일과 공개규칙이 다를 수 있음
2022-12-31,경상남도,고성군,3134,0,3134,3134,2357,0,2357,2357,2022년 파일은 5명 미만 실제 숫자가 보이며 이후 파일과 공개규칙이 다를 수 있음
2022-12-31,경상남도,남해군,3702,0,3702,3702,3016,0,3016,3016,2022년 파일은 5명 미만 실제 숫자가 보이며 이후 파일과 공개규칙이 다를 수 있음
2022-12-31,경상남도,하동군,3575,0,3575,3575,2923,0,2923,2923,2022년 파일은 5명 미만 실제 숫자가 보이며 이후 파일과 공개규칙이 다를 수 있음
2022-12-31,경상남도,산청군,3266,0,3266,3266,2271,0,2271,2271,2022년 파일은 5명 미만 실제 숫자가 보이며 이후 파일과 공개규칙이 다를 수 있음
2022-12-31,경상남도,함양군,2569,0,2569,2569,1978,0,1978,1978,2022년 파일은 5명 미만 실제 숫자가 보이며 이후 파일과 공개규칙이 다를 수 있음
2022-12-31,경상남도,거창군,3188,0,3188,3188,2431,0,2431,2431,2022년 파일은 5명 미만 실제 숫자가 보이며 이후 파일과 공개규칙이 다를 수 있음
2022-12-31,경상남도,합천군,2929,0,2929,2929,1981,0,1981,1981,2022년 파일은 5명 미만 실제 숫자가 보이며 이후 파일과 공개규칙이 다를 수 있음
2022-12-31,제주특별자치도,제주시,10397,0,10397,10397,7966,0,7966,7966,2022년 파일은 5명 미만 실제 숫자가 보이며 이후 파일과 공개규칙이 다를 수 있음
2022-12-31,제주특별자치도,서귀포시,4460,0,4460,4460,3044,0,3044,3044,2022년 파일은 5명 미만 실제 숫자가 보이며 이후 파일과 공개규칙이 다를 수 있음
2023-12-31,서울,종로구,3038,0,3038,3038,2181,0,2181,2181,2022년 파일은 5명 미만 실제 숫자가 보이며 이후 파일과 공개규칙이 다를 수 있음
2023-12-31,서울,중구,2665,0,2665,2665,1928,0,1928,1928,2022년 파일은 5명 미만 실제 숫자가 보이며 이후 파일과 공개규칙이 다를 수 있음
2023-12-31,서울,용산구,3750,0,3750,3750,2818,0,2818,2818,2022년 파일은 5명 미만 실제 숫자가 보이며 이후 파일과 공개규칙이 다를 수 있음
2023-12-31,서울,성동구,5112,0,5112,5112,3631,0,3631,3631,2022년 파일은 5명 미만 실제 숫자가 보이며 이후 파일과 공개규칙이 다를 수 있음
2023-12-31,서울,광진구,5854,0,5854,5854,4559,0,4559,4559,2022년 파일은 5명 미만 실제 숫자가 보이며 이후 파일과 공개규칙이 다를 수 있음
2023-12-31,서울,동대문구,7771,0,7771,7771,5640,0,5640,5640,2022년 파일은 5명 미만 실제 숫자가 보이며 이후 파일과 공개규칙이 다를 수 있음
2023-12-31,서울,중랑구,9252,0,9252,9252,7090,0,7090,7090,2022년 파일은 5명 미만 실제 숫자가 보이며 이후 파일과 공개규칙이 다를 수 있음
2023-12-31,서울,성북구,9310,0,9310,9310,7254,0,7254,7254,2022년 파일은 5명 미만 실제 숫자가 보이며 이후 파일과 공개규칙이 다를 수 있음
2023-12-31,서울,강북구,7876,0,7876,7876,5763,0,5763,5763,2022년 파일은 5명 미만 실제 숫자가 보이며 이후 파일과 공개규칙이 다를 수 있음
2023-12-31,서울,도봉구,8166,0,8166,8166,6216,0,6216,6216,2022년 파일은 5명 미만 실제 숫자가 보이며 이후 파일과 공개규칙이 다를 수 있음
2023-12-31,서울,노원구,11636,0,11636,11636,8761,0,8761,8761,2022년 파일은 5명 미만 실제 숫자가 보이며 이후 파일과 공개규칙이 다를 수 있음
2023-12-31,서울,은평구,10830,0,10830,10830,8361,0,8361,8361,2022년 파일은 5명 미만 실제 숫자가 보이며 이후 파일과 공개규칙이 다를 수 있음
2023-12-31,서울,서대문구,6373,0,6373,6373,4746,0,4746,4746,2022년 파일은 5명 미만 실제 숫자가 보이며 이후 파일과 공개규칙이 다를 수 있음
2023-12-31,서울,마포구,6090,0,6090,6090,4592,0,4592,4592,2022년 파일은 5명 미만 실제 숫자가 보이며 이후 파일과 공개규칙이 다를 수 있음
2023-12-31,서울,양천구,8449,0,8449,8449,6450,0,6450,6450,2022년 파일은 5명 미만 실제 숫자가 보이며 이후 파일과 공개규칙이 다를 수 있음
2023-12-31,서울,강서구,13167,0,13167,13167,10007,0,10007,10007,2022년 파일은 5명 미만 실제 숫자가 보이며 이후 파일과 공개규칙이 다를 수 있음
2023-12-31,서울,구로구,9130,0,9130,9130,7008,0,7008,7008,2022년 파일은 5명 미만 실제 숫자가 보이며 이후 파일과 공개규칙이 다를 수 있음
2023-12-31,서울,금천구,5455,0,5455,5455,4043,0,4043,4043,2022년 파일은 5명 미만 실제 숫자가 보이며 이후 파일과 공개규칙이 다를 수 있음
2023-12-31,서울,영등포구,7721,0,7721,7721,5780,0,5780,5780,2022년 파일은 5명 미만 실제 숫자가 보이며 이후 파일과 공개규칙이 다를 수 있음
2023-12-31,서울,동작구,6826,0,6826,6826,5018,0,5018,5018,2022년 파일은 5명 미만 실제 숫자가 보이며 이후 파일과 공개규칙이 다를 수 있음
2023-12-31,서울,관악구,8961,0,8961,8961,6721,0,6721,6721,2022년 파일은 5명 미만 실제 숫자가 보이며 이후 파일과 공개규칙이 다를 수 있음
2023-12-31,서울,서초구,5453,0,5453,5453,4076,0,4076,4076,2022년 파일은 5명 미만 실제 숫자가 보이며 이후 파일과 공개규칙이 다를 수 있음
2023-12-31,서울,강남구,7525,0,7525,7525,5740,0,5740,5740,2022년 파일은 5명 미만 실제 숫자가 보이며 이후 파일과 공개규칙이 다를 수 있음
2023-12-31,서울,송파구,9578,0,9578,9578,7556,0,7556,7556,2022년 파일은 5명 미만 실제 숫자가 보이며 이후 파일과 공개규칙이 다를 수 있음
2023-12-31,서울,강동구,8735,0,8735,8735,6718,0,6718,6718,2022년 파일은 5명 미만 실제 숫자가 보이며 이후 파일과 공개규칙이 다를 수 있음
2023-12-31,부산,중구,1696,0,1696,1696,1166,0,1166,1166,2022년 파일은 5명 미만 실제 숫자가 보이며 이후 파일과 공개규칙이 다를 수 있음
2023-12-31,부산,서구,4088,0,4088,4088,2867,0,2867,2867,2022년 파일은 5명 미만 실제 숫자가 보이며 이후 파일과 공개규칙이 다를 수 있음
2023-12-31,부산,동구,3869,0,3869,3869,2741,0,2741,2741,2022년 파일은 5명 미만 실제 숫자가 보이며 이후 파일과 공개규칙이 다를 수 있음
2023-12-31,부산,영도구,4876,0,4876,4876,3348,0,3348,3348,2022년 파일은 5명 미만 실제 숫자가 보이며 이후 파일과 공개규칙이 다를 수 있음
2023-12-31,부산,부산진구,10762,0,10762,10762,7840,0,7840,7840,2022년 파일은 5명 미만 실제 숫자가 보이며 이후 파일과 공개규칙이 다를 수 있음
2023-12-31,부산,동래구,7443,0,7443,7443,5631,0,5631,5631,2022년 파일은 5명 미만 실제 숫자가 보이며 이후 파일과 공개규칙이 다를 수 있음
2023-12-31,부산,남구,7473,0,7473,7473,5392,0,5392,5392,2022년 파일은 5명 미만 실제 숫자가 보이며 이후 파일과 공개규칙이 다를 수 있음
2023-12-31,부산,북구,8299,0,8299,8299,5846,0,5846,5846,2022년 파일은 5명 미만 실제 숫자가 보이며 이후 파일과 공개규칙이 다를 수 있음
2023-12-31,부산,해운대구,11027,0,11027,11027,8042,0,8042,8042,2022년 파일은 5명 미만 실제 숫자가 보이며 이후 파일과 공개규칙이 다를 수 있음
2023-12-31,부산,사하구,9342,0,9342,9342,6484,0,6484,6484,2022년 파일은 5명 미만 실제 숫자가 보이며 이후 파일과 공개규칙이 다를 수 있음
2023-12-31,부산,금정구,7248,0,7248,7248,5094,0,5094,5094,2022년 파일은 5명 미만 실제 숫자가 보이며 이후 파일과 공개규칙이 다를 수 있음
2023-12-31,부산,강서구,2018,0,2018,2018,1441,0,1441,1441,2022년 파일은 5명 미만 실제 숫자가 보이며 이후 파일과 공개규칙이 다를 수 있음
2023-12-31,부산,연제구,6044,0,6044,6044,4681,0,4681,4681,2022년 파일은 5명 미만 실제 숫자가 보이며 이후 파일과 공개규칙이 다를 수 있음
2023-12-31,부산,수영구,5923,0,5923,5923,4284,0,4284,4284,2022년 파일은 5명 미만 실제 숫자가 보이며 이후 파일과 공개규칙이 다를 수 있음
2023-12-31,부산,사상구,6179,0,6179,6179,4468,0,4468,4468,2022년 파일은 5명 미만 실제 숫자가 보이며 이후 파일과 공개규칙이 다를 수 있음
2023-12-31,부산,기장군,5248,0,5248,5248,4099,0,4099,4099,2022년 파일은 5명 미만 실제 숫자가 보이며 이후 파일과 공개규칙이 다를 수 있음
2023-12-31,대구,중구,2564,0,2564,2564,1916,0,1916,1916,2022년 파일은 5명 미만 실제 숫자가 보이며 이후 파일과 공개규칙이 다를 수 있음
2023-12-31,대구,동구,11160,0,11160,11160,8542,0,8542,8542,2022년 파일은 5명 미만 실제 숫자가 보이며 이후 파일과 공개규칙이 다를 수 있음
2023-12-31,대구,서구,6456,0,6456,6456,5156,0,5156,5156,2022년 파일은 5명 미만 실제 숫자가 보이며 이후 파일과 공개규칙이 다를 수 있음
2023-12-31,대구,남구,6028,0,6028,6028,4567,0,4567,4567,2022년 파일은 5명 미만 실제 숫자가 보이며 이후 파일과 공개규칙이 다를 수 있음
2023-12-31,대구,북구,10956,0,10956,10956,8709,0,8709,8709,2022년 파일은 5명 미만 실제 숫자가 보이며 이후 파일과 공개규칙이 다를 수 있음
2023-12-31,대구,수성구,10146,0,10146,10146,7888,0,7888,7888,2022년 파일은 5명 미만 실제 숫자가 보이며 이후 파일과 공개규칙이 다를 수 있음
2023-12-31,대구,달서구,12864,0,12864,12864,9668,0,9668,9668,2022년 파일은 5명 미만 실제 숫자가 보이며 이후 파일과 공개규칙이 다를 수 있음
2023-12-31,대구,달성군,5944,0,5944,5944,4675,0,4675,4675,2022년 파일은 5명 미만 실제 숫자가 보이며 이후 파일과 공개규칙이 다를 수 있음
2023-12-31,대구,군위군,1468,0,1468,1468,1106,0,1106,1106,2022년 파일은 5명 미만 실제 숫자가 보이며 이후 파일과 공개규칙이 다를 수 있음
2023-12-31,인천,중구,3707,0,3707,3707,3019,0,3019,3019,2022년 파일은 5명 미만 실제 숫자가 보이며 이후 파일과 공개규칙이 다를 수 있음
2023-12-31,인천,동구,2292,0,2292,2292,1835,0,1835,1835,2022년 파일은 5명 미만 실제 숫자가 보이며 이후 파일과 공개규칙이 다를 수 있음
2023-12-31,인천,미추홀구,12499,0,12499,12499,9681,0,9681,9681,2022년 파일은 5명 미만 실제 숫자가 보이며 이후 파일과 공개규칙이 다를 수 있음
2023-12-31,인천,연수구,6424,0,6424,6424,5054,0,5054,5054,2022년 파일은 5명 미만 실제 숫자가 보이며 이후 파일과 공개규칙이 다를 수 있음
2023-12-31,인천,남동구,14764,0,14764,14764,12031,0,12031,12031,2022년 파일은 5명 미만 실제 숫자가 보이며 이후 파일과 공개규칙이 다를 수 있음
2023-12-31,인천,부평구,13276,0,13276,13276,10466,0,10466,10466,2022년 파일은 5명 미만 실제 숫자가 보이며 이후 파일과 공개규칙이 다를 수 있음
2023-12-31,인천,계양구,7931,0,7931,7931,6456,0,6456,6456,2022년 파일은 5명 미만 실제 숫자가 보이며 이후 파일과 공개규칙이 다를 수 있음
2023-12-31,인천,서구,12049,0,12049,12049,9913,0,9913,9913,2022년 파일은 5명 미만 실제 숫자가 보이며 이후 파일과 공개규칙이 다를 수 있음
2023-12-31,인천,강화군,3820,0,3820,3820,2959,0,2959,2959,2022년 파일은 5명 미만 실제 숫자가 보이며 이후 파일과 공개규칙이 다를 수 있음
2023-12-31,인천,옹진군,482,0,482,482,343,0,343,343,2022년 파일은 5명 미만 실제 숫자가 보이며 이후 파일과 공개규칙이 다를 수 있음
2023-12-31,광주,동구,4167,0,4167,4167,2934,0,2934,2934,2022년 파일은 5명 미만 실제 숫자가 보이며 이후 파일과 공개규칙이 다를 수 있음
2023-12-31,광주,서구,7931,0,7931,7931,5797,0,5797,5797,2022년 파일은 5명 미만 실제 숫자가 보이며 이후 파일과 공개규칙이 다를 수 있음
2023-12-31,광주,남구,7117,0,7117,7117,5106,0,5106,5106,2022년 파일은 5명 미만 실제 숫자가 보이며 이후 파일과 공개규칙이 다를 수 있음
2023-12-31,광주,북구,13303,0,13303,13303,9417,0,9417,9417,2022년 파일은 5명 미만 실제 숫자가 보이며 이후 파일과 공개규칙이 다를 수 있음
2023-12-31,광주,광산구,9064,0,9064,9064,6749,0,6749,6749,2022년 파일은 5명 미만 실제 숫자가 보이며 이후 파일과 공개규칙이 다를 수 있음
2023-12-31,대전,동구,8315,0,8315,8315,6138,0,6138,6138,2022년 파일은 5명 미만 실제 숫자가 보이며 이후 파일과 공개규칙이 다를 수 있음
2023-12-31,대전,중구,8646,0,8646,8646,6588,0,6588,6588,2022년 파일은 5명 미만 실제 숫자가 보이며 이후 파일과 공개규칙이 다를 수 있음
2023-12-31,대전,서구,10650,0,10650,10650,8347,0,8347,8347,2022년 파일은 5명 미만 실제 숫자가 보이며 이후 파일과 공개규칙이 다를 수 있음
2023-12-31,대전,유성구,6463,0,6463,6463,5053,0,5053,5053,2022년 파일은 5명 미만 실제 숫자가 보이며 이후 파일과 공개규칙이 다를 수 있음
2023-12-31,대전,대덕구,5225,0,5225,5225,3927,0,3927,3927,2022년 파일은 5명 미만 실제 숫자가 보이며 이후 파일과 공개규칙이 다를 수 있음
2023-12-31,울산,중구,4754,0,4754,4754,3421,0,3421,3421,2022년 파일은 5명 미만 실제 숫자가 보이며 이후 파일과 공개규칙이 다를 수 있음
2023-12-31,울산,남구,5755,0,5755,5755,4313,0,4313,4313,2022년 파일은 5명 미만 실제 숫자가 보이며 이후 파일과 공개규칙이 다를 수 있음
2023-12-31,울산,동구,2785,0,2785,2785,2077,0,2077,2077,2022년 파일은 5명 미만 실제 숫자가 보이며 이후 파일과 공개규칙이 다를 수 있음
2023-12-31,울산,북구,3107,0,3107,3107,2346,0,2346,2346,2022년 파일은 5명 미만 실제 숫자가 보이며 이후 파일과 공개규칙이 다를 수 있음
2023-12-31,울산,울주군,6162,0,6162,6162,4778,0,4778,4778,2022년 파일은 5명 미만 실제 숫자가 보이며 이후 파일과 공개규칙이 다를 수 있음
2023-12-31,세종,세종시,5276,0,5276,5276,4164,0,4164,4164,2022년 파일은 5명 미만 실제 숫자가 보이며 이후 파일과 공개규칙이 다를 수 있음
2023-12-31,경기,수원시,22771,0,22771,22771,18003,0,18003,18003,2022년 파일은 5명 미만 실제 숫자가 보이며 이후 파일과 공개규칙이 다를 수 있음
2023-12-31,경기,성남시,18753,0,18753,18753,14808,0,14808,14808,2022년 파일은 5명 미만 실제 숫자가 보이며 이후 파일과 공개규칙이 다를 수 있음
2023-12-31,경기,의정부시,13574,0,13574,13574,10930,0,10930,10930,2022년 파일은 5명 미만 실제 숫자가 보이며 이후 파일과 공개규칙이 다를 수 있음
2023-12-31,경기,안양시,11075,0,11075,11075,8500,0,8500,8500,2022년 파일은 5명 미만 실제 숫자가 보이며 이후 파일과 공개규칙이 다를 수 있음
2023-12-31,경기,부천시,19738,0,19738,19738,15425,0,15425,15425,2022년 파일은 5명 미만 실제 숫자가 보이며 이후 파일과 공개규칙이 다를 수 있음
2023-12-31,경기,광명시,5610,0,5610,5610,4271,0,4271,4271,2022년 파일은 5명 미만 실제 숫자가 보이며 이후 파일과 공개규칙이 다를 수 있음
2023-12-31,경기,평택시,11794,0,11794,11794,9754,0,9754,9754,2022년 파일은 5명 미만 실제 숫자가 보이며 이후 파일과 공개규칙이 다를 수 있음
2023-12-31,경기,동두천시,4140,0,4140,4140,3064,0,3064,3064,2022년 파일은 5명 미만 실제 숫자가 보이며 이후 파일과 공개규칙이 다를 수 있음
2023-12-31,경기,안산시,13738,0,13738,13738,10588,0,10588,10588,2022년 파일은 5명 미만 실제 숫자가 보이며 이후 파일과 공개규칙이 다를 수 있음
2023-12-31,경기,고양시,28150,0,28150,28150,22388,0,22388,22388,2022년 파일은 5명 미만 실제 숫자가 보이며 이후 파일과 공개규칙이 다를 수 있음
2023-12-31,경기,과천시,1096,0,1096,1096,828,0,828,828,2022년 파일은 5명 미만 실제 숫자가 보이며 이후 파일과 공개규칙이 다를 수 있음
2023-12-31,경기,구리시,4088,0,4088,4088,3195,0,3195,3195,2022년 파일은 5명 미만 실제 숫자가 보이며 이후 파일과 공개규칙이 다를 수 있음
2023-12-31,경기,남양주시,19176,0,19176,19176,15968,0,15968,15968,2022년 파일은 5명 미만 실제 숫자가 보이며 이후 파일과 공개규칙이 다를 수 있음
2023-12-31,경기,오산시,4370,0,4370,4370,3567,0,3567,3567,2022년 파일은 5명 미만 실제 숫자가 보이며 이후 파일과 공개규칙이 다를 수 있음
2023-12-31,경기,시흥시,9949,0,9949,9949,7798,0,7798,7798,2022년 파일은 5명 미만 실제 숫자가 보이며 이후 파일과 공개규칙이 다를 수 있음
2023-12-31,경기,군포시,6391,0,6391,6391,4850,0,4850,4850,2022년 파일은 5명 미만 실제 숫자가 보이며 이후 파일과 공개규칙이 다를 수 있음
2023-12-31,경기,의왕시,3158,0,3158,3158,2400,0,2400,2400,2022년 파일은 5명 미만 실제 숫자가 보이며 이후 파일과 공개규칙이 다를 수 있음
2023-12-31,경기,하남시,5561,0,5561,5561,4463,0,4463,4463,2022년 파일은 5명 미만 실제 숫자가 보이며 이후 파일과 공개규칙이 다를 수 있음
2023-12-31,경기,용인시,23033,0,23033,23033,18764,0,18764,18764,2022년 파일은 5명 미만 실제 숫자가 보이며 이후 파일과 공개규칙이 다를 수 있음
2023-12-31,경기,파주시,12887,0,12887,12887,10190,0,10190,10190,2022년 파일은 5명 미만 실제 숫자가 보이며 이후 파일과 공개규칙이 다를 수 있음
2023-12-31,경기,이천시,5156,0,5156,5156,4139,0,4139,4139,2022년 파일은 5명 미만 실제 숫자가 보이며 이후 파일과 공개규칙이 다를 수 있음
2023-12-31,경기,안성시,6469,0,6469,6469,5316,0,5316,5316,2022년 파일은 5명 미만 실제 숫자가 보이며 이후 파일과 공개규칙이 다를 수 있음
2023-12-31,경기,김포시,9390,0,9390,9390,7655,0,7655,7655,2022년 파일은 5명 미만 실제 숫자가 보이며 이후 파일과 공개규칙이 다를 수 있음
2023-12-31,경기,화성시,13400,0,13400,13400,10773,0,10773,10773,2022년 파일은 5명 미만 실제 숫자가 보이며 이후 파일과 공개규칙이 다를 수 있음
2023-12-31,경기,광주시,8623,0,8623,8623,6978,0,6978,6978,2022년 파일은 5명 미만 실제 숫자가 보이며 이후 파일과 공개규칙이 다를 수 있음
2023-12-31,경기,양주시,9359,0,9359,9359,7852,0,7852,7852,2022년 파일은 5명 미만 실제 숫자가 보이며 이후 파일과 공개규칙이 다를 수 있음
2023-12-31,경기,포천시,6072,0,6072,6072,4827,0,4827,4827,2022년 파일은 5명 미만 실제 숫자가 보이며 이후 파일과 공개규칙이 다를 수 있음
2023-12-31,경기,여주시,4338,0,4338,4338,3457,0,3457,3457,2022년 파일은 5명 미만 실제 숫자가 보이며 이후 파일과 공개규칙이 다를 수 있음
2023-12-31,경기,연천군,1925,0,1925,1925,1459,0,1459,1459,2022년 파일은 5명 미만 실제 숫자가 보이며 이후 파일과 공개규칙이 다를 수 있음
2023-12-31,경기,가평군,2667,0,2667,2667,2019,0,2019,2019,2022년 파일은 5명 미만 실제 숫자가 보이며 이후 파일과 공개규칙이 다를 수 있음
2023-12-31,경기,양평군,5120,0,5120,5120,4092,0,4092,4092,2022년 파일은 5명 미만 실제 숫자가 보이며 이후 파일과 공개규칙이 다를 수 있음
2023-12-31,강원,춘천시,9817,0,9817,9817,7706,0,7706,7706,2022년 파일은 5명 미만 실제 숫자가 보이며 이후 파일과 공개규칙이 다를 수 있음
2023-12-31,강원,원주시,9913,0,9913,9913,7911,0,7911,7911,2022년 파일은 5명 미만 실제 숫자가 보이며 이후 파일과 공개규칙이 다를 수 있음
2023-12-31,강원,강릉시,8018,0,8018,8018,6456,0,6456,6456,2022년 파일은 5명 미만 실제 숫자가 보이며 이후 파일과 공개규칙이 다를 수 있음
2023-12-31,강원,동해시,3182,0,3182,3182,2522,0,2522,2522,2022년 파일은 5명 미만 실제 숫자가 보이며 이후 파일과 공개규칙이 다를 수 있음
2023-12-31,강원,태백시,1369,0,1369,1369,830,0,830,830,2022년 파일은 5명 미만 실제 숫자가 보이며 이후 파일과 공개규칙이 다를 수 있음
2023-12-31,강원,속초시,2281,0,2281,2281,1733,0,1733,1733,2022년 파일은 5명 미만 실제 숫자가 보이며 이후 파일과 공개규칙이 다를 수 있음
2023-12-31,강원,삼척시,2584,0,2584,2584,1901,0,1901,1901,2022년 파일은 5명 미만 실제 숫자가 보이며 이후 파일과 공개규칙이 다를 수 있음
2023-12-31,강원,홍천군,2607,0,2607,2607,2009,0,2009,2009,2022년 파일은 5명 미만 실제 숫자가 보이며 이후 파일과 공개규칙이 다를 수 있음
2023-12-31,강원,횡성군,1905,0,1905,1905,1494,0,1494,1494,2022년 파일은 5명 미만 실제 숫자가 보이며 이후 파일과 공개규칙이 다를 수 있음
2023-12-31,강원,영월군,1595,0,1595,1595,1245,0,1245,1245,2022년 파일은 5명 미만 실제 숫자가 보이며 이후 파일과 공개규칙이 다를 수 있음
2023-12-31,강원,평창군,1498,0,1498,1498,1130,0,1130,1130,2022년 파일은 5명 미만 실제 숫자가 보이며 이후 파일과 공개규칙이 다를 수 있음
2023-12-31,강원,정선군,1287,0,1287,1287,933,0,933,933,2022년 파일은 5명 미만 실제 숫자가 보이며 이후 파일과 공개규칙이 다를 수 있음
2023-12-31,강원,철원군,1397,0,1397,1397,1000,0,1000,1000,2022년 파일은 5명 미만 실제 숫자가 보이며 이후 파일과 공개규칙이 다를 수 있음
2023-12-31,강원,화천군,684,0,684,684,503,0,503,503,2022년 파일은 5명 미만 실제 숫자가 보이며 이후 파일과 공개규칙이 다를 수 있음
2023-12-31,강원,양구군,648,0,648,648,452,0,452,452,2022년 파일은 5명 미만 실제 숫자가 보이며 이후 파일과 공개규칙이 다를 수 있음
2023-12-31,강원,인제군,677,0,677,677,457,0,457,457,2022년 파일은 5명 미만 실제 숫자가 보이며 이후 파일과 공개규칙이 다를 수 있음
2023-12-31,강원,고성군,902,0,902,902,709,0,709,709,2022년 파일은 5명 미만 실제 숫자가 보이며 이후 파일과 공개규칙이 다를 수 있음
2023-12-31,강원,양양군,1148,0,1148,1148,921,0,921,921,2022년 파일은 5명 미만 실제 숫자가 보이며 이후 파일과 공개규칙이 다를 수 있음
2023-12-31,충북,청주시,21619,0,21619,21619,17801,0,17801,17801,2022년 파일은 5명 미만 실제 숫자가 보이며 이후 파일과 공개규칙이 다를 수 있음
2023-12-31,충북,충주시,7151,0,7151,7151,5454,0,5454,5454,2022년 파일은 5명 미만 실제 숫자가 보이며 이후 파일과 공개규칙이 다를 수 있음
2023-12-31,충북,제천시,5134,0,5134,5134,3995,0,3995,3995,2022년 파일은 5명 미만 실제 숫자가 보이며 이후 파일과 공개규칙이 다를 수 있음
2023-12-31,충북,청원군,8,0,8,8,0,0,0,0,2022년 파일은 5명 미만 실제 숫자가 보이며 이후 파일과 공개규칙이 다를 수 있음
2023-12-31,충북,보은군,2152,0,2152,2152,1679,0,1679,1679,2022년 파일은 5명 미만 실제 숫자가 보이며 이후 파일과 공개규칙이 다를 수 있음
2023-12-31,충북,옥천군,2873,0,2873,2873,2279,0,2279,2279,2022년 파일은 5명 미만 실제 숫자가 보이며 이후 파일과 공개규칙이 다를 수 있음
2023-12-31,충북,영동군,3084,0,3084,3084,2373,0,2373,2373,2022년 파일은 5명 미만 실제 숫자가 보이며 이후 파일과 공개규칙이 다를 수 있음
2023-12-31,충북,증평군,1177,0,1177,1177,1004,0,1004,1004,2022년 파일은 5명 미만 실제 숫자가 보이며 이후 파일과 공개규칙이 다를 수 있음
2023-12-31,충북,진천군,2295,0,2295,2295,1717,0,1717,1717,2022년 파일은 5명 미만 실제 숫자가 보이며 이후 파일과 공개규칙이 다를 수 있음
2023-12-31,충북,괴산군,2032,0,2032,2032,1532,0,1532,1532,2022년 파일은 5명 미만 실제 숫자가 보이며 이후 파일과 공개규칙이 다를 수 있음
2023-12-31,충북,음성군,3183,0,3183,3183,2368,0,2368,2368,2022년 파일은 5명 미만 실제 숫자가 보이며 이후 파일과 공개규칙이 다를 수 있음
2023-12-31,충북,단양군,1229,0,1229,1229,882,0,882,882,2022년 파일은 5명 미만 실제 숫자가 보이며 이후 파일과 공개규칙이 다를 수 있음
2023-12-31,충남,천안시,13037,0,13037,13037,9979,0,9979,9979,2022년 파일은 5명 미만 실제 숫자가 보이며 이후 파일과 공개규칙이 다를 수 있음
2023-12-31,충남,공주시,5577,0,5577,5577,4260,0,4260,4260,2022년 파일은 5명 미만 실제 숫자가 보이며 이후 파일과 공개규칙이 다를 수 있음
2023-12-31,충남,보령시,4546,0,4546,4546,3296,0,3296,3296,2022년 파일은 5명 미만 실제 숫자가 보이며 이후 파일과 공개규칙이 다를 수 있음
2023-12-31,충남,아산시,7317,0,7317,7317,5537,0,5537,5537,2022년 파일은 5명 미만 실제 숫자가 보이며 이후 파일과 공개규칙이 다를 수 있음
2023-12-31,충남,서산시,6642,0,6642,6642,5504,0,5504,5504,2022년 파일은 5명 미만 실제 숫자가 보이며 이후 파일과 공개규칙이 다를 수 있음
2023-12-31,충남,논산시,6694,0,6694,6694,5025,0,5025,5025,2022년 파일은 5명 미만 실제 숫자가 보이며 이후 파일과 공개규칙이 다를 수 있음
2023-12-31,충남,계룡시,862,0,862,862,653,0,653,653,2022년 파일은 5명 미만 실제 숫자가 보이며 이후 파일과 공개규칙이 다를 수 있음
2023-12-31,충남,금산군,3350,0,3350,3350,2635,0,2635,2635,2022년 파일은 5명 미만 실제 숫자가 보이며 이후 파일과 공개규칙이 다를 수 있음
2023-12-31,충남,부여군,4115,0,4115,4115,2999,0,2999,2999,2022년 파일은 5명 미만 실제 숫자가 보이며 이후 파일과 공개규칙이 다를 수 있음
2023-12-31,충남,서천군,3827,0,3827,3827,2959,0,2959,2959,2022년 파일은 5명 미만 실제 숫자가 보이며 이후 파일과 공개규칙이 다를 수 있음
2023-12-31,충남,청양군,1960,0,1960,1960,1409,0,1409,1409,2022년 파일은 5명 미만 실제 숫자가 보이며 이후 파일과 공개규칙이 다를 수 있음
2023-12-31,충남,홍성군,4737,0,4737,4737,3886,0,3886,3886,2022년 파일은 5명 미만 실제 숫자가 보이며 이후 파일과 공개규칙이 다를 수 있음
2023-12-31,충남,예산군,4241,0,4241,4241,3220,0,3220,3220,2022년 파일은 5명 미만 실제 숫자가 보이며 이후 파일과 공개규칙이 다를 수 있음
2023-12-31,충남,태안군,3198,0,3198,3198,2329,0,2329,2329,2022년 파일은 5명 미만 실제 숫자가 보이며 이후 파일과 공개규칙이 다를 수 있음
2023-12-31,충남,당진시,6262,0,6262,6262,5081,0,5081,5081,2022년 파일은 5명 미만 실제 숫자가 보이며 이후 파일과 공개규칙이 다를 수 있음
2023-12-31,전북,전주시,20433,0,20433,20433,15522,0,15522,15522,2022년 파일은 5명 미만 실제 숫자가 보이며 이후 파일과 공개규칙이 다를 수 있음
2023-12-31,전북,군산시,10286,0,10286,10286,7521,0,7521,7521,2022년 파일은 5명 미만 실제 숫자가 보이며 이후 파일과 공개규칙이 다를 수 있음
2023-12-31,전북,익산시,11466,0,11466,11466,8730,0,8730,8730,2022년 파일은 5명 미만 실제 숫자가 보이며 이후 파일과 공개규칙이 다를 수 있음
2023-12-31,전북,정읍시,7026,0,7026,7026,4882,0,4882,4882,2022년 파일은 5명 미만 실제 숫자가 보이며 이후 파일과 공개규칙이 다를 수 있음
2023-12-31,전북,남원시,4713,0,4713,4713,3644,0,3644,3644,2022년 파일은 5명 미만 실제 숫자가 보이며 이후 파일과 공개규칙이 다를 수 있음
2023-12-31,전북,김제시,5452,0,5452,5452,3984,0,3984,3984,2022년 파일은 5명 미만 실제 숫자가 보이며 이후 파일과 공개규칙이 다를 수 있음
2023-12-31,전북,완주군,4633,0,4633,4633,3510,0,3510,3510,2022년 파일은 5명 미만 실제 숫자가 보이며 이후 파일과 공개규칙이 다를 수 있음
2023-12-31,전북,진안군,1572,0,1572,1572,1248,0,1248,1248,2022년 파일은 5명 미만 실제 숫자가 보이며 이후 파일과 공개규칙이 다를 수 있음
2023-12-31,전북,무주군,1337,0,1337,1337,957,0,957,957,2022년 파일은 5명 미만 실제 숫자가 보이며 이후 파일과 공개규칙이 다를 수 있음
2023-12-31,전북,장수군,1022,0,1022,1022,759,0,759,759,2022년 파일은 5명 미만 실제 숫자가 보이며 이후 파일과 공개규칙이 다를 수 있음
2023-12-31,전북,임실군,1936,0,1936,1936,1502,0,1502,1502,2022년 파일은 5명 미만 실제 숫자가 보이며 이후 파일과 공개규칙이 다를 수 있음
2023-12-31,전북,순창군,1905,0,1905,1905,1356,0,1356,1356,2022년 파일은 5명 미만 실제 숫자가 보이며 이후 파일과 공개규칙이 다를 수 있음
2023-12-31,전북,고창군,4100,0,4100,4100,3113,0,3113,3113,2022년 파일은 5명 미만 실제 숫자가 보이며 이후 파일과 공개규칙이 다를 수 있음
2023-12-31,전북,부안군,3170,0,3170,3170,2339,0,2339,2339,2022년 파일은 5명 미만 실제 숫자가 보이며 이후 파일과 공개규칙이 다를 수 있음
2023-12-31,전남,목포시,7288,0,7288,7288,5529,0,5529,5529,2022년 파일은 5명 미만 실제 숫자가 보이며 이후 파일과 공개규칙이 다를 수 있음
2023-12-31,전남,여수시,9189,0,9189,9189,6770,0,6770,6770,2022년 파일은 5명 미만 실제 숫자가 보이며 이후 파일과 공개규칙이 다를 수 있음
2023-12-31,전남,순천시,8393,0,8393,8393,6331,0,6331,6331,2022년 파일은 5명 미만 실제 숫자가 보이며 이후 파일과 공개규칙이 다를 수 있음
2023-12-31,전남,나주시,6206,0,6206,6206,4420,0,4420,4420,2022년 파일은 5명 미만 실제 숫자가 보이며 이후 파일과 공개규칙이 다를 수 있음
2023-12-31,전남,광양시,3955,0,3955,3955,3148,0,3148,3148,2022년 파일은 5명 미만 실제 숫자가 보이며 이후 파일과 공개규칙이 다를 수 있음
2023-12-31,전남,담양군,2863,0,2863,2863,2142,0,2142,2142,2022년 파일은 5명 미만 실제 숫자가 보이며 이후 파일과 공개규칙이 다를 수 있음
2023-12-31,전남,곡성군,2186,0,2186,2186,1683,0,1683,1683,2022년 파일은 5명 미만 실제 숫자가 보이며 이후 파일과 공개규칙이 다를 수 있음
2023-12-31,전남,구례군,1897,0,1897,1897,1486,0,1486,1486,2022년 파일은 5명 미만 실제 숫자가 보이며 이후 파일과 공개규칙이 다를 수 있음
2023-12-31,전남,고흥군,4750,0,4750,4750,3470,0,3470,3470,2022년 파일은 5명 미만 실제 숫자가 보이며 이후 파일과 공개규칙이 다를 수 있음
2023-12-31,전남,보성군,2730,0,2730,2730,1837,0,1837,1837,2022년 파일은 5명 미만 실제 숫자가 보이며 이후 파일과 공개규칙이 다를 수 있음
2023-12-31,전남,화순군,3605,0,3605,3605,2618,0,2618,2618,2022년 파일은 5명 미만 실제 숫자가 보이며 이후 파일과 공개규칙이 다를 수 있음
2023-12-31,전남,장흥군,2811,0,2811,2811,2068,0,2068,2068,2022년 파일은 5명 미만 실제 숫자가 보이며 이후 파일과 공개규칙이 다를 수 있음
2023-12-31,전남,강진군,2557,0,2557,2557,1928,0,1928,1928,2022년 파일은 5명 미만 실제 숫자가 보이며 이후 파일과 공개규칙이 다를 수 있음
2023-12-31,전남,해남군,4273,0,4273,4273,3007,0,3007,3007,2022년 파일은 5명 미만 실제 숫자가 보이며 이후 파일과 공개규칙이 다를 수 있음
2023-12-31,전남,영암군,2883,0,2883,2883,2150,0,2150,2150,2022년 파일은 5명 미만 실제 숫자가 보이며 이후 파일과 공개규칙이 다를 수 있음
2023-12-31,전남,무안군,3384,0,3384,3384,2545,0,2545,2545,2022년 파일은 5명 미만 실제 숫자가 보이며 이후 파일과 공개규칙이 다를 수 있음
2023-12-31,전남,함평군,2694,0,2694,2694,1955,0,1955,1955,2022년 파일은 5명 미만 실제 숫자가 보이며 이후 파일과 공개규칙이 다를 수 있음
2023-12-31,전남,영광군,3149,0,3149,3149,2299,0,2299,2299,2022년 파일은 5명 미만 실제 숫자가 보이며 이후 파일과 공개규칙이 다를 수 있음
2023-12-31,전남,장성군,2939,0,2939,2939,2164,0,2164,2164,2022년 파일은 5명 미만 실제 숫자가 보이며 이후 파일과 공개규칙이 다를 수 있음
2023-12-31,전남,완도군,3135,0,3135,3135,2366,0,2366,2366,2022년 파일은 5명 미만 실제 숫자가 보이며 이후 파일과 공개규칙이 다를 수 있음
2023-12-31,전남,진도군,1945,0,1945,1945,1346,0,1346,1346,2022년 파일은 5명 미만 실제 숫자가 보이며 이후 파일과 공개규칙이 다를 수 있음
2023-12-31,전남,신안군,2256,0,2256,2256,1712,0,1712,1712,2022년 파일은 5명 미만 실제 숫자가 보이며 이후 파일과 공개규칙이 다를 수 있음
2023-12-31,경북,포항시,15214,0,15214,15214,11032,0,11032,11032,2022년 파일은 5명 미만 실제 숫자가 보이며 이후 파일과 공개규칙이 다를 수 있음
2023-12-31,경북,경주시,11303,0,11303,11303,8740,0,8740,8740,2022년 파일은 5명 미만 실제 숫자가 보이며 이후 파일과 공개규칙이 다를 수 있음
2023-12-31,경북,김천시,5762,0,5762,5762,4701,0,4701,4701,2022년 파일은 5명 미만 실제 숫자가 보이며 이후 파일과 공개규칙이 다를 수 있음
2023-12-31,경북,안동시,7566,0,7566,7566,5671,0,5671,5671,2022년 파일은 5명 미만 실제 숫자가 보이며 이후 파일과 공개규칙이 다를 수 있음
2023-12-31,경북,구미시,7503,0,7503,7503,6121,0,6121,6121,2022년 파일은 5명 미만 실제 숫자가 보이며 이후 파일과 공개규칙이 다를 수 있음
2023-12-31,경북,영주시,4300,0,4300,4300,2954,0,2954,2954,2022년 파일은 5명 미만 실제 숫자가 보이며 이후 파일과 공개규칙이 다를 수 있음
2023-12-31,경북,영천시,5681,0,5681,5681,4261,0,4261,4261,2022년 파일은 5명 미만 실제 숫자가 보이며 이후 파일과 공개규칙이 다를 수 있음
2023-12-31,경북,상주시,5964,0,5964,5964,4834,0,4834,4834,2022년 파일은 5명 미만 실제 숫자가 보이며 이후 파일과 공개규칙이 다를 수 있음
2023-12-31,경북,문경시,4290,0,4290,4290,3398,0,3398,3398,2022년 파일은 5명 미만 실제 숫자가 보이며 이후 파일과 공개규칙이 다를 수 있음
2023-12-31,경북,경산시,8686,0,8686,8686,7283,0,7283,7283,2022년 파일은 5명 미만 실제 숫자가 보이며 이후 파일과 공개규칙이 다를 수 있음
2023-12-31,경북,의성군,4080,0,4080,4080,3233,0,3233,3233,2022년 파일은 5명 미만 실제 숫자가 보이며 이후 파일과 공개규칙이 다를 수 있음
2023-12-31,경북,청송군,1396,0,1396,1396,1024,0,1024,1024,2022년 파일은 5명 미만 실제 숫자가 보이며 이후 파일과 공개규칙이 다를 수 있음
2023-12-31,경북,영양군,893,0,893,893,695,0,695,695,2022년 파일은 5명 미만 실제 숫자가 보이며 이후 파일과 공개규칙이 다를 수 있음
2023-12-31,경북,영덕군,2633,0,2633,2633,2013,0,2013,2013,2022년 파일은 5명 미만 실제 숫자가 보이며 이후 파일과 공개규칙이 다를 수 있음
2023-12-31,경북,청도군,3022,0,3022,3022,2404,0,2404,2404,2022년 파일은 5명 미만 실제 숫자가 보이며 이후 파일과 공개규칙이 다를 수 있음
2023-12-31,경북,고령군,1516,0,1516,1516,1141,0,1141,1141,2022년 파일은 5명 미만 실제 숫자가 보이며 이후 파일과 공개규칙이 다를 수 있음
2023-12-31,경북,성주군,2384,0,2384,2384,1843,0,1843,1843,2022년 파일은 5명 미만 실제 숫자가 보이며 이후 파일과 공개규칙이 다를 수 있음
2023-12-31,경북,칠곡군,3260,0,3260,3260,2606,0,2606,2606,2022년 파일은 5명 미만 실제 숫자가 보이며 이후 파일과 공개규칙이 다를 수 있음
2023-12-31,경북,예천군,3074,0,3074,3074,2321,0,2321,2321,2022년 파일은 5명 미만 실제 숫자가 보이며 이후 파일과 공개규칙이 다를 수 있음
2023-12-31,경북,봉화군,1522,0,1522,1522,1114,0,1114,1114,2022년 파일은 5명 미만 실제 숫자가 보이며 이후 파일과 공개규칙이 다를 수 있음
2023-12-31,경북,울진군,2867,0,2867,2867,2159,0,2159,2159,2022년 파일은 5명 미만 실제 숫자가 보이며 이후 파일과 공개규칙이 다를 수 있음
2023-12-31,경북,울릉군,144,0,144,144,82,0,82,82,2022년 파일은 5명 미만 실제 숫자가 보이며 이후 파일과 공개규칙이 다를 수 있음
2023-12-31,경남,창원시,25160,0,25160,25160,19074,0,19074,19074,2022년 파일은 5명 미만 실제 숫자가 보이며 이후 파일과 공개규칙이 다를 수 있음
2023-12-31,경남,진주시,11737,0,11737,11737,9411,0,9411,9411,2022년 파일은 5명 미만 실제 숫자가 보이며 이후 파일과 공개규칙이 다를 수 있음
2023-12-31,경남,통영시,4029,0,4029,4029,2944,0,2944,2944,2022년 파일은 5명 미만 실제 숫자가 보이며 이후 파일과 공개규칙이 다를 수 있음
2023-12-31,경남,사천시,5646,0,5646,5646,4466,0,4466,4466,2022년 파일은 5명 미만 실제 숫자가 보이며 이후 파일과 공개규칙이 다를 수 있음
2023-12-31,경남,김해시,12131,0,12131,12131,9066,0,9066,9066,2022년 파일은 5명 미만 실제 숫자가 보이며 이후 파일과 공개규칙이 다를 수 있음
2023-12-31,경남,밀양시,6265,0,6265,6265,4760,0,4760,4760,2022년 파일은 5명 미만 실제 숫자가 보이며 이후 파일과 공개규칙이 다를 수 있음
2023-12-31,경남,거제시,4922,0,4922,4922,3903,0,3903,3903,2022년 파일은 5명 미만 실제 숫자가 보이며 이후 파일과 공개규칙이 다를 수 있음
2023-12-31,경남,양산시,8858,0,8858,8858,6762,0,6762,6762,2022년 파일은 5명 미만 실제 숫자가 보이며 이후 파일과 공개규칙이 다를 수 있음
2023-12-31,경남,의령군,1931,0,1931,1931,1406,0,1406,1406,2022년 파일은 5명 미만 실제 숫자가 보이며 이후 파일과 공개규칙이 다를 수 있음
2023-12-31,경남,함안군,3556,0,3556,3556,2794,0,2794,2794,2022년 파일은 5명 미만 실제 숫자가 보이며 이후 파일과 공개규칙이 다를 수 있음
2023-12-31,경남,창녕군,4073,0,4073,4073,3152,0,3152,3152,2022년 파일은 5명 미만 실제 숫자가 보이며 이후 파일과 공개규칙이 다를 수 있음
2023-12-31,경남,고성군,3217,0,3217,3217,2441,0,2441,2441,2022년 파일은 5명 미만 실제 숫자가 보이며 이후 파일과 공개규칙이 다를 수 있음
2023-12-31,경남,남해군,3697,0,3697,3697,2998,0,2998,2998,2022년 파일은 5명 미만 실제 숫자가 보이며 이후 파일과 공개규칙이 다를 수 있음
2023-12-31,경남,하동군,3673,0,3673,3673,3045,0,3045,3045,2022년 파일은 5명 미만 실제 숫자가 보이며 이후 파일과 공개규칙이 다를 수 있음
2023-12-31,경남,산청군,3245,0,3245,3245,2380,0,2380,2380,2022년 파일은 5명 미만 실제 숫자가 보이며 이후 파일과 공개규칙이 다를 수 있음
2023-12-31,경남,함양군,2659,0,2659,2659,2054,0,2054,2054,2022년 파일은 5명 미만 실제 숫자가 보이며 이후 파일과 공개규칙이 다를 수 있음
2023-12-31,경남,거창군,3332,0,3332,3332,2597,0,2597,2597,2022년 파일은 5명 미만 실제 숫자가 보이며 이후 파일과 공개규칙이 다를 수 있음
2023-12-31,경남,합천군,3058,0,3058,3058,2148,0,2148,2148,2022년 파일은 5명 미만 실제 숫자가 보이며 이후 파일과 공개규칙이 다를 수 있음
2023-12-31,제주,제주시,10874,0,10874,10874,8401,0,8401,8401,2022년 파일은 5명 미만 실제 숫자가 보이며 이후 파일과 공개규칙이 다를 수 있음
2023-12-31,제주,서귀포시,4512,0,4512,4512,3074,0,3074,3074,2022년 파일은 5명 미만 실제 숫자가 보이며 이후 파일과 공개규칙이 다를 수 있음
2024-12-31,서울,종로구,3195,0,3195,3195,2457,0,2457,2457,2022년 파일은 5명 미만 실제 숫자가 보이며 이후 파일과 공개규칙이 다를 수 있음
2024-12-31,서울,중구,2599,0,2599,2599,1821,0,1821,1821,2022년 파일은 5명 미만 실제 숫자가 보이며 이후 파일과 공개규칙이 다를 수 있음
2024-12-31,서울,용산구,3698,0,3698,3698,2803,0,2803,2803,2022년 파일은 5명 미만 실제 숫자가 보이며 이후 파일과 공개규칙이 다를 수 있음
2024-12-31,서울,성동구,5059,0,5059,5059,3721,0,3721,3721,2022년 파일은 5명 미만 실제 숫자가 보이며 이후 파일과 공개규칙이 다를 수 있음
2024-12-31,서울,광진구,5971,0,5971,5971,4745,0,4745,4745,2022년 파일은 5명 미만 실제 숫자가 보이며 이후 파일과 공개규칙이 다를 수 있음
2024-12-31,서울,동대문구,8013,0,8013,8013,5973,0,5973,5973,2022년 파일은 5명 미만 실제 숫자가 보이며 이후 파일과 공개규칙이 다를 수 있음
2024-12-31,서울,중랑구,9543,0,9543,9543,7458,0,7458,7458,2022년 파일은 5명 미만 실제 숫자가 보이며 이후 파일과 공개규칙이 다를 수 있음
2024-12-31,서울,성북구,9721,0,9721,9721,7871,0,7871,7871,2022년 파일은 5명 미만 실제 숫자가 보이며 이후 파일과 공개규칙이 다를 수 있음
2024-12-31,서울,강북구,8023,0,8023,8023,6062,0,6062,6062,2022년 파일은 5명 미만 실제 숫자가 보이며 이후 파일과 공개규칙이 다를 수 있음
2024-12-31,서울,도봉구,8456,0,8456,8456,6587,0,6587,6587,2022년 파일은 5명 미만 실제 숫자가 보이며 이후 파일과 공개규칙이 다를 수 있음
2024-12-31,서울,노원구,11932,0,11932,11932,9253,0,9253,9253,2022년 파일은 5명 미만 실제 숫자가 보이며 이후 파일과 공개규칙이 다를 수 있음
2024-12-31,서울,은평구,11128,0,11128,11128,9002,0,9002,9002,2022년 파일은 5명 미만 실제 숫자가 보이며 이후 파일과 공개규칙이 다를 수 있음
2024-12-31,서울,서대문구,6556,0,6556,6556,4998,0,4998,4998,2022년 파일은 5명 미만 실제 숫자가 보이며 이후 파일과 공개규칙이 다를 수 있음
2024-12-31,서울,마포구,6164,0,6164,6164,4648,0,4648,4648,2022년 파일은 5명 미만 실제 숫자가 보이며 이후 파일과 공개규칙이 다를 수 있음
2024-12-31,서울,양천구,8773,0,8773,8773,6877,0,6877,6877,2022년 파일은 5명 미만 실제 숫자가 보이며 이후 파일과 공개규칙이 다를 수 있음
2024-12-31,서울,강서구,13467,0,13467,13467,10458,0,10458,10458,2022년 파일은 5명 미만 실제 숫자가 보이며 이후 파일과 공개규칙이 다를 수 있음
2024-12-31,서울,구로구,9581,0,9581,9581,7607,0,7607,7607,2022년 파일은 5명 미만 실제 숫자가 보이며 이후 파일과 공개규칙이 다를 수 있음
2024-12-31,서울,금천구,5676,0,5676,5676,4243,0,4243,4243,2022년 파일은 5명 미만 실제 숫자가 보이며 이후 파일과 공개규칙이 다를 수 있음
2024-12-31,서울,영등포구,7831,0,7831,7831,5970,0,5970,5970,2022년 파일은 5명 미만 실제 숫자가 보이며 이후 파일과 공개규칙이 다를 수 있음
2024-12-31,서울,동작구,7064,0,7064,7064,5262,0,5262,5262,2022년 파일은 5명 미만 실제 숫자가 보이며 이후 파일과 공개규칙이 다를 수 있음
2024-12-31,서울,관악구,9251,0,9251,9251,7038,0,7038,7038,2022년 파일은 5명 미만 실제 숫자가 보이며 이후 파일과 공개규칙이 다를 수 있음
2024-12-31,서울,서초구,5637,0,5637,5637,4237,0,4237,4237,2022년 파일은 5명 미만 실제 숫자가 보이며 이후 파일과 공개규칙이 다를 수 있음
2024-12-31,서울,강남구,7949,0,7949,7949,6156,0,6156,6156,2022년 파일은 5명 미만 실제 숫자가 보이며 이후 파일과 공개규칙이 다를 수 있음
2024-12-31,서울,송파구,9895,0,9895,9895,7941,0,7941,7941,2022년 파일은 5명 미만 실제 숫자가 보이며 이후 파일과 공개규칙이 다를 수 있음
2024-12-31,서울,강동구,9118,0,9118,9118,7086,0,7086,7086,2022년 파일은 5명 미만 실제 숫자가 보이며 이후 파일과 공개규칙이 다를 수 있음
2024-12-31,부산,중구,1699,0,1699,1699,1219,0,1219,1219,2022년 파일은 5명 미만 실제 숫자가 보이며 이후 파일과 공개규칙이 다를 수 있음
2024-12-31,부산,서구,4202,0,4202,4202,3017,0,3017,3017,2022년 파일은 5명 미만 실제 숫자가 보이며 이후 파일과 공개규칙이 다를 수 있음
2024-12-31,부산,동구,3912,0,3912,3912,2888,0,2888,2888,2022년 파일은 5명 미만 실제 숫자가 보이며 이후 파일과 공개규칙이 다를 수 있음
2024-12-31,부산,영도구,5005,0,5005,5005,3455,0,3455,3455,2022년 파일은 5명 미만 실제 숫자가 보이며 이후 파일과 공개규칙이 다를 수 있음
2024-12-31,부산,부산진구,11167,0,11167,11167,8335,0,8335,8335,2022년 파일은 5명 미만 실제 숫자가 보이며 이후 파일과 공개규칙이 다를 수 있음
2024-12-31,부산,동래구,7903,0,7903,7903,6108,0,6108,6108,2022년 파일은 5명 미만 실제 숫자가 보이며 이후 파일과 공개규칙이 다를 수 있음
2024-12-31,부산,남구,7720,0,7720,7720,5748,0,5748,5748,2022년 파일은 5명 미만 실제 숫자가 보이며 이후 파일과 공개규칙이 다를 수 있음
2024-12-31,부산,북구,8718,0,8718,8718,6326,0,6326,6326,2022년 파일은 5명 미만 실제 숫자가 보이며 이후 파일과 공개규칙이 다를 수 있음
2024-12-31,부산,해운대구,11475,0,11475,11475,8660,0,8660,8660,2022년 파일은 5명 미만 실제 숫자가 보이며 이후 파일과 공개규칙이 다를 수 있음
2024-12-31,부산,사하구,9847,0,9847,9847,7133,0,7133,7133,2022년 파일은 5명 미만 실제 숫자가 보이며 이후 파일과 공개규칙이 다를 수 있음
2024-12-31,부산,금정구,7549,0,7549,7549,5548,0,5548,5548,2022년 파일은 5명 미만 실제 숫자가 보이며 이후 파일과 공개규칙이 다를 수 있음
2024-12-31,부산,강서구,2065,0,2065,2065,1544,0,1544,1544,2022년 파일은 5명 미만 실제 숫자가 보이며 이후 파일과 공개규칙이 다를 수 있음
2024-12-31,부산,연제구,6446,0,6446,6446,5054,0,5054,5054,2022년 파일은 5명 미만 실제 숫자가 보이며 이후 파일과 공개규칙이 다를 수 있음
2024-12-31,부산,수영구,6097,0,6097,6097,4579,0,4579,4579,2022년 파일은 5명 미만 실제 숫자가 보이며 이후 파일과 공개규칙이 다를 수 있음
2024-12-31,부산,사상구,6483,0,6483,6483,4763,0,4763,4763,2022년 파일은 5명 미만 실제 숫자가 보이며 이후 파일과 공개규칙이 다를 수 있음
2024-12-31,부산,기장군,5370,0,5370,5370,4152,0,4152,4152,2022년 파일은 5명 미만 실제 숫자가 보이며 이후 파일과 공개규칙이 다를 수 있음
2024-12-31,대구,중구,2585,0,2585,2585,2023,0,2023,2023,2022년 파일은 5명 미만 실제 숫자가 보이며 이후 파일과 공개규칙이 다를 수 있음
2024-12-31,대구,동구,11400,0,11400,11400,9126,0,9126,9126,2022년 파일은 5명 미만 실제 숫자가 보이며 이후 파일과 공개규칙이 다를 수 있음
2024-12-31,대구,서구,6901,0,6901,6901,5643,0,5643,5643,2022년 파일은 5명 미만 실제 숫자가 보이며 이후 파일과 공개규칙이 다를 수 있음
2024-12-31,대구,남구,6277,0,6277,6277,4977,0,4977,4977,2022년 파일은 5명 미만 실제 숫자가 보이며 이후 파일과 공개규칙이 다를 수 있음
2024-12-31,대구,북구,11838,0,11838,11838,9772,0,9772,9772,2022년 파일은 5명 미만 실제 숫자가 보이며 이후 파일과 공개규칙이 다를 수 있음
2024-12-31,대구,수성구,10682,0,10682,10682,8566,0,8566,8566,2022년 파일은 5명 미만 실제 숫자가 보이며 이후 파일과 공개규칙이 다를 수 있음
2024-12-31,대구,달서구,13646,0,13646,13646,10615,0,10615,10615,2022년 파일은 5명 미만 실제 숫자가 보이며 이후 파일과 공개규칙이 다를 수 있음
2024-12-31,대구,달성군,6122,0,6122,6122,4825,0,4825,4825,2022년 파일은 5명 미만 실제 숫자가 보이며 이후 파일과 공개규칙이 다를 수 있음
2024-12-31,대구,군위군,1455,0,1455,1455,1104,0,1104,1104,2022년 파일은 5명 미만 실제 숫자가 보이며 이후 파일과 공개규칙이 다를 수 있음
2024-12-31,인천,중구,3946,0,3946,3946,3305,0,3305,3305,2022년 파일은 5명 미만 실제 숫자가 보이며 이후 파일과 공개규칙이 다를 수 있음
2024-12-31,인천,동구,2302,0,2302,2302,1925,0,1925,1925,2022년 파일은 5명 미만 실제 숫자가 보이며 이후 파일과 공개규칙이 다를 수 있음
2024-12-31,인천,미추홀구,13019,0,13019,13019,10313,0,10313,10313,2022년 파일은 5명 미만 실제 숫자가 보이며 이후 파일과 공개규칙이 다를 수 있음
2024-12-31,인천,연수구,6698,0,6698,6698,5417,0,5417,5417,2022년 파일은 5명 미만 실제 숫자가 보이며 이후 파일과 공개규칙이 다를 수 있음
2024-12-31,인천,남동구,15568,0,15568,15568,12868,0,12868,12868,2022년 파일은 5명 미만 실제 숫자가 보이며 이후 파일과 공개규칙이 다를 수 있음
2024-12-31,인천,부평구,13821,0,13821,13821,11218,0,11218,11218,2022년 파일은 5명 미만 실제 숫자가 보이며 이후 파일과 공개규칙이 다를 수 있음
2024-12-31,인천,계양구,8242,0,8242,8242,6838,0,6838,6838,2022년 파일은 5명 미만 실제 숫자가 보이며 이후 파일과 공개규칙이 다를 수 있음
2024-12-31,인천,서구,12957,0,12957,12957,10975,0,10975,10975,2022년 파일은 5명 미만 실제 숫자가 보이며 이후 파일과 공개규칙이 다를 수 있음
2024-12-31,인천,강화군,3842,0,3842,3842,3069,0,3069,3069,2022년 파일은 5명 미만 실제 숫자가 보이며 이후 파일과 공개규칙이 다를 수 있음
2024-12-31,인천,옹진군,480,0,480,480,363,0,363,363,2022년 파일은 5명 미만 실제 숫자가 보이며 이후 파일과 공개규칙이 다를 수 있음
2024-12-31,광주,동구,4259,0,4259,4259,3084,0,3084,3084,2022년 파일은 5명 미만 실제 숫자가 보이며 이후 파일과 공개규칙이 다를 수 있음
2024-12-31,광주,서구,8061,0,8061,8061,6018,0,6018,6018,2022년 파일은 5명 미만 실제 숫자가 보이며 이후 파일과 공개규칙이 다를 수 있음
2024-12-31,광주,남구,7254,0,7254,7254,5383,0,5383,5383,2022년 파일은 5명 미만 실제 숫자가 보이며 이후 파일과 공개규칙이 다를 수 있음
2024-12-31,광주,북구,13817,0,13817,13817,10259,0,10259,10259,2022년 파일은 5명 미만 실제 숫자가 보이며 이후 파일과 공개규칙이 다를 수 있음
2024-12-31,광주,광산구,9412,0,9412,9412,7251,0,7251,7251,2022년 파일은 5명 미만 실제 숫자가 보이며 이후 파일과 공개규칙이 다를 수 있음
2024-12-31,대전,동구,8560,0,8560,8560,6692,0,6692,6692,2022년 파일은 5명 미만 실제 숫자가 보이며 이후 파일과 공개규칙이 다를 수 있음
2024-12-31,대전,중구,8897,0,8897,8897,7092,0,7092,7092,2022년 파일은 5명 미만 실제 숫자가 보이며 이후 파일과 공개규칙이 다를 수 있음
2024-12-31,대전,서구,10816,0,10816,10816,8743,0,8743,8743,2022년 파일은 5명 미만 실제 숫자가 보이며 이후 파일과 공개규칙이 다를 수 있음
2024-12-31,대전,유성구,6832,0,6832,6832,5531,0,5531,5531,2022년 파일은 5명 미만 실제 숫자가 보이며 이후 파일과 공개규칙이 다를 수 있음
2024-12-31,대전,대덕구,5414,0,5414,5414,4159,0,4159,4159,2022년 파일은 5명 미만 실제 숫자가 보이며 이후 파일과 공개규칙이 다를 수 있음
2024-12-31,울산,중구,5025,0,5025,5025,3661,0,3661,3661,2022년 파일은 5명 미만 실제 숫자가 보이며 이후 파일과 공개규칙이 다를 수 있음
2024-12-31,울산,남구,5997,0,5997,5997,4627,0,4627,4627,2022년 파일은 5명 미만 실제 숫자가 보이며 이후 파일과 공개규칙이 다를 수 있음
2024-12-31,울산,동구,2914,0,2914,2914,2176,0,2176,2176,2022년 파일은 5명 미만 실제 숫자가 보이며 이후 파일과 공개규칙이 다를 수 있음
2024-12-31,울산,북구,3308,0,3308,3308,2534,0,2534,2534,2022년 파일은 5명 미만 실제 숫자가 보이며 이후 파일과 공개규칙이 다를 수 있음
2024-12-31,울산,울주군,6347,0,6347,6347,4948,0,4948,4948,2022년 파일은 5명 미만 실제 숫자가 보이며 이후 파일과 공개규칙이 다를 수 있음
2024-12-31,세종,,5429,0,5429,5429,4335,0,4335,4335,2022년 파일은 5명 미만 실제 숫자가 보이며 이후 파일과 공개규칙이 다를 수 있음
2024-12-31,경기,수원시,23962,0,23962,23962,19182,0,19182,19182,2022년 파일은 5명 미만 실제 숫자가 보이며 이후 파일과 공개규칙이 다를 수 있음
2024-12-31,경기,성남시,19456,0,19456,19456,15706,0,15706,15706,2022년 파일은 5명 미만 실제 숫자가 보이며 이후 파일과 공개규칙이 다를 수 있음
2024-12-31,경기,의정부시,14127,0,14127,14127,11624,0,11624,11624,2022년 파일은 5명 미만 실제 숫자가 보이며 이후 파일과 공개규칙이 다를 수 있음
2024-12-31,경기,안양시,11464,0,11464,11464,9036,0,9036,9036,2022년 파일은 5명 미만 실제 숫자가 보이며 이후 파일과 공개규칙이 다를 수 있음
2024-12-31,경기,부천시,20366,0,20366,20366,16222,0,16222,16222,2022년 파일은 5명 미만 실제 숫자가 보이며 이후 파일과 공개규칙이 다를 수 있음
2024-12-31,경기,광명시,5719,0,5719,5719,4428,0,4428,4428,2022년 파일은 5명 미만 실제 숫자가 보이며 이후 파일과 공개규칙이 다를 수 있음
2024-12-31,경기,평택시,12532,0,12532,12532,10587,0,10587,10587,2022년 파일은 5명 미만 실제 숫자가 보이며 이후 파일과 공개규칙이 다를 수 있음
2024-12-31,경기,동두천시,4230,0,4230,4230,3279,0,3279,3279,2022년 파일은 5명 미만 실제 숫자가 보이며 이후 파일과 공개규칙이 다를 수 있음
2024-12-31,경기,안산시,14528,0,14528,14528,11537,0,11537,11537,2022년 파일은 5명 미만 실제 숫자가 보이며 이후 파일과 공개규칙이 다를 수 있음
2024-12-31,경기,고양시,29111,0,29111,29111,23477,0,23477,23477,2022년 파일은 5명 미만 실제 숫자가 보이며 이후 파일과 공개규칙이 다를 수 있음
2024-12-31,경기,과천시,1148,0,1148,1148,905,0,905,905,2022년 파일은 5명 미만 실제 숫자가 보이며 이후 파일과 공개규칙이 다를 수 있음
2024-12-31,경기,구리시,4142,0,4142,4142,3283,0,3283,3283,2022년 파일은 5명 미만 실제 숫자가 보이며 이후 파일과 공개규칙이 다를 수 있음
2024-12-31,경기,남양주시,20371,0,20371,20371,17369,0,17369,17369,2022년 파일은 5명 미만 실제 숫자가 보이며 이후 파일과 공개규칙이 다를 수 있음
2024-12-31,경기,오산시,4670,0,4670,4670,3847,0,3847,3847,2022년 파일은 5명 미만 실제 숫자가 보이며 이후 파일과 공개규칙이 다를 수 있음
2024-12-31,경기,시흥시,10460,0,10460,10460,8216,0,8216,8216,2022년 파일은 5명 미만 실제 숫자가 보이며 이후 파일과 공개규칙이 다를 수 있음
2024-12-31,경기,군포시,6542,0,6542,6542,4944,0,4944,4944,2022년 파일은 5명 미만 실제 숫자가 보이며 이후 파일과 공개규칙이 다를 수 있음
2024-12-31,경기,의왕시,3241,0,3241,3241,2522,0,2522,2522,2022년 파일은 5명 미만 실제 숫자가 보이며 이후 파일과 공개규칙이 다를 수 있음
2024-12-31,경기,하남시,5861,0,5861,5861,4726,0,4726,4726,2022년 파일은 5명 미만 실제 숫자가 보이며 이후 파일과 공개규칙이 다를 수 있음
2024-12-31,경기,용인시,24503,0,24503,24503,20347,0,20347,20347,2022년 파일은 5명 미만 실제 숫자가 보이며 이후 파일과 공개규칙이 다를 수 있음
2024-12-31,경기,파주시,13583,0,13583,13583,10905,0,10905,10905,2022년 파일은 5명 미만 실제 숫자가 보이며 이후 파일과 공개규칙이 다를 수 있음
2024-12-31,경기,이천시,5435,0,5435,5435,4414,0,4414,4414,2022년 파일은 5명 미만 실제 숫자가 보이며 이후 파일과 공개규칙이 다를 수 있음
2024-12-31,경기,안성시,6657,0,6657,6657,5674,0,5674,5674,2022년 파일은 5명 미만 실제 숫자가 보이며 이후 파일과 공개규칙이 다를 수 있음
2024-12-31,경기,김포시,10258,0,10258,10258,8474,0,8474,8474,2022년 파일은 5명 미만 실제 숫자가 보이며 이후 파일과 공개규칙이 다를 수 있음
2024-12-31,경기,화성시,14635,0,14635,14635,12012,0,12012,12012,2022년 파일은 5명 미만 실제 숫자가 보이며 이후 파일과 공개규칙이 다를 수 있음
2024-12-31,경기,광주시,9244,0,9244,9244,7620,0,7620,7620,2022년 파일은 5명 미만 실제 숫자가 보이며 이후 파일과 공개규칙이 다를 수 있음
2024-12-31,경기,양주시,9883,0,9883,9883,8507,0,8507,8507,2022년 파일은 5명 미만 실제 숫자가 보이며 이후 파일과 공개규칙이 다를 수 있음
2024-12-31,경기,포천시,6532,0,6532,6532,5383,0,5383,5383,2022년 파일은 5명 미만 실제 숫자가 보이며 이후 파일과 공개규칙이 다를 수 있음
2024-12-31,경기,여주시,4548,0,4548,4548,3695,0,3695,3695,2022년 파일은 5명 미만 실제 숫자가 보이며 이후 파일과 공개규칙이 다를 수 있음
2024-12-31,경기,연천군,1966,0,1966,1966,1536,0,1536,1536,2022년 파일은 5명 미만 실제 숫자가 보이며 이후 파일과 공개규칙이 다를 수 있음
2024-12-31,경기,가평군,2732,0,2732,2732,2199,0,2199,2199,2022년 파일은 5명 미만 실제 숫자가 보이며 이후 파일과 공개규칙이 다를 수 있음
2024-12-31,경기,양평군,5363,0,5363,5363,4364,0,4364,4364,2022년 파일은 5명 미만 실제 숫자가 보이며 이후 파일과 공개규칙이 다를 수 있음
2024-12-31,강원,춘천시,9949,0,9949,9949,8134,0,8134,8134,2022년 파일은 5명 미만 실제 숫자가 보이며 이후 파일과 공개규칙이 다를 수 있음
2024-12-31,강원,원주시,10347,0,10347,10347,8484,0,8484,8484,2022년 파일은 5명 미만 실제 숫자가 보이며 이후 파일과 공개규칙이 다를 수 있음
2024-12-31,강원,강릉시,8218,0,8218,8218,6736,0,6736,6736,2022년 파일은 5명 미만 실제 숫자가 보이며 이후 파일과 공개규칙이 다를 수 있음
2024-12-31,강원,동해시,3171,0,3171,3171,2523,0,2523,2523,2022년 파일은 5명 미만 실제 숫자가 보이며 이후 파일과 공개규칙이 다를 수 있음
2024-12-31,강원,태백시,1358,0,1358,1358,855,0,855,855,2022년 파일은 5명 미만 실제 숫자가 보이며 이후 파일과 공개규칙이 다를 수 있음
2024-12-31,강원,속초시,2329,0,2329,2329,1823,0,1823,1823,2022년 파일은 5명 미만 실제 숫자가 보이며 이후 파일과 공개규칙이 다를 수 있음
2024-12-31,강원,삼척시,2559,0,2559,2559,1913,0,1913,1913,2022년 파일은 5명 미만 실제 숫자가 보이며 이후 파일과 공개규칙이 다를 수 있음
2024-12-31,강원,홍천군,2584,0,2584,2584,2025,0,2025,2025,2022년 파일은 5명 미만 실제 숫자가 보이며 이후 파일과 공개규칙이 다를 수 있음
2024-12-31,강원,횡성군,1937,0,1937,1937,1576,0,1576,1576,2022년 파일은 5명 미만 실제 숫자가 보이며 이후 파일과 공개규칙이 다를 수 있음
2024-12-31,강원,영월군,1608,0,1608,1608,1304,0,1304,1304,2022년 파일은 5명 미만 실제 숫자가 보이며 이후 파일과 공개규칙이 다를 수 있음
2024-12-31,강원,평창군,1528,0,1528,1528,1147,0,1147,1147,2022년 파일은 5명 미만 실제 숫자가 보이며 이후 파일과 공개규칙이 다를 수 있음
2024-12-31,강원,정선군,1240,0,1240,1240,960,0,960,960,2022년 파일은 5명 미만 실제 숫자가 보이며 이후 파일과 공개규칙이 다를 수 있음
2024-12-31,강원,철원군,1413,0,1413,1413,1018,0,1018,1018,2022년 파일은 5명 미만 실제 숫자가 보이며 이후 파일과 공개규칙이 다를 수 있음
2024-12-31,강원,화천군,690,0,690,690,523,0,523,523,2022년 파일은 5명 미만 실제 숫자가 보이며 이후 파일과 공개규칙이 다를 수 있음
2024-12-31,강원,양구군,656,0,656,656,473,0,473,473,2022년 파일은 5명 미만 실제 숫자가 보이며 이후 파일과 공개규칙이 다를 수 있음
2024-12-31,강원,인제군,698,0,698,698,463,0,463,463,2022년 파일은 5명 미만 실제 숫자가 보이며 이후 파일과 공개규칙이 다를 수 있음
2024-12-31,강원,고성군,898,0,898,898,712,0,712,712,2022년 파일은 5명 미만 실제 숫자가 보이며 이후 파일과 공개규칙이 다를 수 있음
2024-12-31,강원,양양군,1143,0,1143,1143,899,0,899,899,2022년 파일은 5명 미만 실제 숫자가 보이며 이후 파일과 공개규칙이 다를 수 있음
2024-12-31,충북,청주시,22597,0,22597,22597,19095,0,19095,19095,2022년 파일은 5명 미만 실제 숫자가 보이며 이후 파일과 공개규칙이 다를 수 있음
2024-12-31,충북,충주시,7395,0,7395,7395,5892,0,5892,5892,2022년 파일은 5명 미만 실제 숫자가 보이며 이후 파일과 공개규칙이 다를 수 있음
2024-12-31,충북,제천시,5420,0,5420,5420,4322,0,4322,4322,2022년 파일은 5명 미만 실제 숫자가 보이며 이후 파일과 공개규칙이 다를 수 있음
2024-12-31,충북,청원군,5,0,5,5,0,0,0,0,2022년 파일은 5명 미만 실제 숫자가 보이며 이후 파일과 공개규칙이 다를 수 있음
2024-12-31,충북,보은군,2180,0,2180,2180,1776,0,1776,1776,2022년 파일은 5명 미만 실제 숫자가 보이며 이후 파일과 공개규칙이 다를 수 있음
2024-12-31,충북,옥천군,2849,0,2849,2849,2341,0,2341,2341,2022년 파일은 5명 미만 실제 숫자가 보이며 이후 파일과 공개규칙이 다를 수 있음
2024-12-31,충북,영동군,3133,0,3133,3133,2537,0,2537,2537,2022년 파일은 5명 미만 실제 숫자가 보이며 이후 파일과 공개규칙이 다를 수 있음
2024-12-31,충북,증평군,1221,0,1221,1221,1049,0,1049,1049,2022년 파일은 5명 미만 실제 숫자가 보이며 이후 파일과 공개규칙이 다를 수 있음
2024-12-31,충북,진천군,2344,0,2344,2344,1756,0,1756,1756,2022년 파일은 5명 미만 실제 숫자가 보이며 이후 파일과 공개규칙이 다를 수 있음
2024-12-31,충북,괴산군,1964,0,1964,1964,1523,0,1523,1523,2022년 파일은 5명 미만 실제 숫자가 보이며 이후 파일과 공개규칙이 다를 수 있음
2024-12-31,충북,음성군,3231,0,3231,3231,2519,0,2519,2519,2022년 파일은 5명 미만 실제 숫자가 보이며 이후 파일과 공개규칙이 다를 수 있음
2024-12-31,충북,단양군,1258,0,1258,1258,932,0,932,932,2022년 파일은 5명 미만 실제 숫자가 보이며 이후 파일과 공개규칙이 다를 수 있음
2024-12-31,충남,천안시,13602,0,13602,13602,10855,0,10855,10855,2022년 파일은 5명 미만 실제 숫자가 보이며 이후 파일과 공개규칙이 다를 수 있음
2024-12-31,충남,공주시,5640,0,5640,5640,4476,0,4476,4476,2022년 파일은 5명 미만 실제 숫자가 보이며 이후 파일과 공개규칙이 다를 수 있음
2024-12-31,충남,보령시,4572,0,4572,4572,3444,0,3444,3444,2022년 파일은 5명 미만 실제 숫자가 보이며 이후 파일과 공개규칙이 다를 수 있음
2024-12-31,충남,아산시,7773,0,7773,7773,6072,0,6072,6072,2022년 파일은 5명 미만 실제 숫자가 보이며 이후 파일과 공개규칙이 다를 수 있음
2024-12-31,충남,서산시,7085,0,7085,7085,5925,0,5925,5925,2022년 파일은 5명 미만 실제 숫자가 보이며 이후 파일과 공개규칙이 다를 수 있음
2024-12-31,충남,논산시,6960,0,6960,6960,5492,0,5492,5492,2022년 파일은 5명 미만 실제 숫자가 보이며 이후 파일과 공개규칙이 다를 수 있음
2024-12-31,충남,계룡시,901,0,901,901,718,0,718,718,2022년 파일은 5명 미만 실제 숫자가 보이며 이후 파일과 공개규칙이 다를 수 있음
2024-12-31,충남,금산군,3325,0,3325,3325,2720,0,2720,2720,2022년 파일은 5명 미만 실제 숫자가 보이며 이후 파일과 공개규칙이 다를 수 있음
2024-12-31,충남,부여군,4058,0,4058,4058,3050,0,3050,3050,2022년 파일은 5명 미만 실제 숫자가 보이며 이후 파일과 공개규칙이 다를 수 있음
2024-12-31,충남,서천군,3739,0,3739,3739,2964,0,2964,2964,2022년 파일은 5명 미만 실제 숫자가 보이며 이후 파일과 공개규칙이 다를 수 있음
2024-12-31,충남,청양군,1962,0,1962,1962,1488,0,1488,1488,2022년 파일은 5명 미만 실제 숫자가 보이며 이후 파일과 공개규칙이 다를 수 있음
2024-12-31,충남,홍성군,4767,0,4767,4767,3945,0,3945,3945,2022년 파일은 5명 미만 실제 숫자가 보이며 이후 파일과 공개규칙이 다를 수 있음
2024-12-31,충남,예산군,4322,0,4322,4322,3352,0,3352,3352,2022년 파일은 5명 미만 실제 숫자가 보이며 이후 파일과 공개규칙이 다를 수 있음
2024-12-31,충남,태안군,3221,0,3221,3221,2388,0,2388,2388,2022년 파일은 5명 미만 실제 숫자가 보이며 이후 파일과 공개규칙이 다를 수 있음
2024-12-31,충남,당진시,6439,0,6439,6439,5264,0,5264,5264,2022년 파일은 5명 미만 실제 숫자가 보이며 이후 파일과 공개규칙이 다를 수 있음
2024-12-31,전북,전주시,21183,0,21183,21183,16526,0,16526,16526,2022년 파일은 5명 미만 실제 숫자가 보이며 이후 파일과 공개규칙이 다를 수 있음
2024-12-31,전북,군산시,10335,0,10335,10335,7826,0,7826,7826,2022년 파일은 5명 미만 실제 숫자가 보이며 이후 파일과 공개규칙이 다를 수 있음
2024-12-31,전북,익산시,11664,0,11664,11664,9098,0,9098,9098,2022년 파일은 5명 미만 실제 숫자가 보이며 이후 파일과 공개규칙이 다를 수 있음
2024-12-31,전북,정읍시,6984,0,6984,6984,5046,0,5046,5046,2022년 파일은 5명 미만 실제 숫자가 보이며 이후 파일과 공개규칙이 다를 수 있음
2024-12-31,전북,남원시,4820,0,4820,4820,3825,0,3825,3825,2022년 파일은 5명 미만 실제 숫자가 보이며 이후 파일과 공개규칙이 다를 수 있음
2024-12-31,전북,김제시,5472,0,5472,5472,4105,0,4105,4105,2022년 파일은 5명 미만 실제 숫자가 보이며 이후 파일과 공개규칙이 다를 수 있음
2024-12-31,전북,완주군,4757,0,4757,4757,3673,0,3673,3673,2022년 파일은 5명 미만 실제 숫자가 보이며 이후 파일과 공개규칙이 다를 수 있음
2024-12-31,전북,진안군,1540,0,1540,1540,1240,0,1240,1240,2022년 파일은 5명 미만 실제 숫자가 보이며 이후 파일과 공개규칙이 다를 수 있음
2024-12-31,전북,무주군,1258,0,1258,1258,919,0,919,919,2022년 파일은 5명 미만 실제 숫자가 보이며 이후 파일과 공개규칙이 다를 수 있음
2024-12-31,전북,장수군,1032,0,1032,1032,779,0,779,779,2022년 파일은 5명 미만 실제 숫자가 보이며 이후 파일과 공개규칙이 다를 수 있음
2024-12-31,전북,임실군,1925,0,1925,1925,1502,0,1502,1502,2022년 파일은 5명 미만 실제 숫자가 보이며 이후 파일과 공개규칙이 다를 수 있음
2024-12-31,전북,순창군,1896,0,1896,1896,1363,0,1363,1363,2022년 파일은 5명 미만 실제 숫자가 보이며 이후 파일과 공개규칙이 다를 수 있음
2024-12-31,전북,고창군,4197,0,4197,4197,3331,0,3331,3331,2022년 파일은 5명 미만 실제 숫자가 보이며 이후 파일과 공개규칙이 다를 수 있음
2024-12-31,전북,부안군,3078,0,3078,3078,2362,0,2362,2362,2022년 파일은 5명 미만 실제 숫자가 보이며 이후 파일과 공개규칙이 다를 수 있음
2024-12-31,전남,목포시,7745,0,7745,7745,6069,0,6069,6069,2022년 파일은 5명 미만 실제 숫자가 보이며 이후 파일과 공개규칙이 다를 수 있음
2024-12-31,전남,여수시,9396,0,9396,9396,7165,0,7165,7165,2022년 파일은 5명 미만 실제 숫자가 보이며 이후 파일과 공개규칙이 다를 수 있음
2024-12-31,전남,순천시,8798,0,8798,8798,6876,0,6876,6876,2022년 파일은 5명 미만 실제 숫자가 보이며 이후 파일과 공개규칙이 다를 수 있음
2024-12-31,전남,나주시,6138,0,6138,6138,4576,0,4576,4576,2022년 파일은 5명 미만 실제 숫자가 보이며 이후 파일과 공개규칙이 다를 수 있음
2024-12-31,전남,광양시,4026,0,4026,4026,3200,0,3200,3200,2022년 파일은 5명 미만 실제 숫자가 보이며 이후 파일과 공개규칙이 다를 수 있음
2024-12-31,전남,담양군,2933,0,2933,2933,2266,0,2266,2266,2022년 파일은 5명 미만 실제 숫자가 보이며 이후 파일과 공개규칙이 다를 수 있음
2024-12-31,전남,곡성군,2109,0,2109,2109,1621,0,1621,1621,2022년 파일은 5명 미만 실제 숫자가 보이며 이후 파일과 공개규칙이 다를 수 있음
2024-12-31,전남,구례군,1933,0,1933,1933,1572,0,1572,1572,2022년 파일은 5명 미만 실제 숫자가 보이며 이후 파일과 공개규칙이 다를 수 있음
2024-12-31,전남,고흥군,4738,0,4738,4738,3543,0,3543,3543,2022년 파일은 5명 미만 실제 숫자가 보이며 이후 파일과 공개규칙이 다를 수 있음
2024-12-31,전남,보성군,2703,0,2703,2703,1929,0,1929,1929,2022년 파일은 5명 미만 실제 숫자가 보이며 이후 파일과 공개규칙이 다를 수 있음
2024-12-31,전남,화순군,3604,0,3604,3604,2677,0,2677,2677,2022년 파일은 5명 미만 실제 숫자가 보이며 이후 파일과 공개규칙이 다를 수 있음
2024-12-31,전남,장흥군,2823,0,2823,2823,2190,0,2190,2190,2022년 파일은 5명 미만 실제 숫자가 보이며 이후 파일과 공개규칙이 다를 수 있음
2024-12-31,전남,강진군,2513,0,2513,2513,1934,0,1934,1934,2022년 파일은 5명 미만 실제 숫자가 보이며 이후 파일과 공개규칙이 다를 수 있음
2024-12-31,전남,해남군,4181,0,4181,4181,3082,0,3082,3082,2022년 파일은 5명 미만 실제 숫자가 보이며 이후 파일과 공개규칙이 다를 수 있음
2024-12-31,전남,영암군,2822,0,2822,2822,2191,0,2191,2191,2022년 파일은 5명 미만 실제 숫자가 보이며 이후 파일과 공개규칙이 다를 수 있음
2024-12-31,전남,무안군,3405,0,3405,3405,2640,0,2640,2640,2022년 파일은 5명 미만 실제 숫자가 보이며 이후 파일과 공개규칙이 다를 수 있음
2024-12-31,전남,함평군,2652,0,2652,2652,1971,0,1971,1971,2022년 파일은 5명 미만 실제 숫자가 보이며 이후 파일과 공개규칙이 다를 수 있음
2024-12-31,전남,영광군,3184,0,3184,3184,2454,0,2454,2454,2022년 파일은 5명 미만 실제 숫자가 보이며 이후 파일과 공개규칙이 다를 수 있음
2024-12-31,전남,장성군,2960,0,2960,2960,2323,0,2323,2323,2022년 파일은 5명 미만 실제 숫자가 보이며 이후 파일과 공개규칙이 다를 수 있음
2024-12-31,전남,완도군,3227,0,3227,3227,2466,0,2466,2466,2022년 파일은 5명 미만 실제 숫자가 보이며 이후 파일과 공개규칙이 다를 수 있음
2024-12-31,전남,진도군,1839,0,1839,1839,1347,0,1347,1347,2022년 파일은 5명 미만 실제 숫자가 보이며 이후 파일과 공개규칙이 다를 수 있음
2024-12-31,전남,신안군,2269,0,2269,2269,1775,0,1775,1775,2022년 파일은 5명 미만 실제 숫자가 보이며 이후 파일과 공개규칙이 다를 수 있음
2024-12-31,경북,포항시,15662,0,15662,15662,11624,0,11624,11624,2022년 파일은 5명 미만 실제 숫자가 보이며 이후 파일과 공개규칙이 다를 수 있음
2024-12-31,경북,경주시,11564,0,11564,11564,8935,0,8935,8935,2022년 파일은 5명 미만 실제 숫자가 보이며 이후 파일과 공개규칙이 다를 수 있음
2024-12-31,경북,김천시,5918,0,5918,5918,4947,0,4947,4947,2022년 파일은 5명 미만 실제 숫자가 보이며 이후 파일과 공개규칙이 다를 수 있음
2024-12-31,경북,안동시,7658,0,7658,7658,6004,0,6004,6004,2022년 파일은 5명 미만 실제 숫자가 보이며 이후 파일과 공개규칙이 다를 수 있음
2024-12-31,경북,구미시,8069,0,8069,8069,6683,0,6683,6683,2022년 파일은 5명 미만 실제 숫자가 보이며 이후 파일과 공개규칙이 다를 수 있음
2024-12-31,경북,영주시,4276,0,4276,4276,3139,0,3139,3139,2022년 파일은 5명 미만 실제 숫자가 보이며 이후 파일과 공개규칙이 다를 수 있음
2024-12-31,경북,영천시,5514,0,5514,5514,4429,0,4429,4429,2022년 파일은 5명 미만 실제 숫자가 보이며 이후 파일과 공개규칙이 다를 수 있음
2024-12-31,경북,상주시,6036,0,6036,6036,5001,0,5001,5001,2022년 파일은 5명 미만 실제 숫자가 보이며 이후 파일과 공개규칙이 다를 수 있음
2024-12-31,경북,문경시,4300,0,4300,4300,3536,0,3536,3536,2022년 파일은 5명 미만 실제 숫자가 보이며 이후 파일과 공개규칙이 다를 수 있음
2024-12-31,경북,경산시,9222,0,9222,9222,7819,0,7819,7819,2022년 파일은 5명 미만 실제 숫자가 보이며 이후 파일과 공개규칙이 다를 수 있음
2024-12-31,경북,의성군,4190,0,4190,4190,3375,0,3375,3375,2022년 파일은 5명 미만 실제 숫자가 보이며 이후 파일과 공개규칙이 다를 수 있음
2024-12-31,경북,청송군,1384,0,1384,1384,1040,0,1040,1040,2022년 파일은 5명 미만 실제 숫자가 보이며 이후 파일과 공개규칙이 다를 수 있음
2024-12-31,경북,영양군,875,0,875,875,692,0,692,692,2022년 파일은 5명 미만 실제 숫자가 보이며 이후 파일과 공개규칙이 다를 수 있음
2024-12-31,경북,영덕군,2715,0,2715,2715,2083,0,2083,2083,2022년 파일은 5명 미만 실제 숫자가 보이며 이후 파일과 공개규칙이 다를 수 있음
2024-12-31,경북,청도군,3032,0,3032,3032,2430,0,2430,2430,2022년 파일은 5명 미만 실제 숫자가 보이며 이후 파일과 공개규칙이 다를 수 있음
2024-12-31,경북,고령군,1597,0,1597,1597,1233,0,1233,1233,2022년 파일은 5명 미만 실제 숫자가 보이며 이후 파일과 공개규칙이 다를 수 있음
2024-12-31,경북,성주군,2419,0,2419,2419,1913,0,1913,1913,2022년 파일은 5명 미만 실제 숫자가 보이며 이후 파일과 공개규칙이 다를 수 있음
2024-12-31,경북,칠곡군,3461,0,3461,3461,2814,0,2814,2814,2022년 파일은 5명 미만 실제 숫자가 보이며 이후 파일과 공개규칙이 다를 수 있음
2024-12-31,경북,예천군,3095,0,3095,3095,2418,0,2418,2418,2022년 파일은 5명 미만 실제 숫자가 보이며 이후 파일과 공개규칙이 다를 수 있음
2024-12-31,경북,봉화군,1456,0,1456,1456,1086,0,1086,1086,2022년 파일은 5명 미만 실제 숫자가 보이며 이후 파일과 공개규칙이 다를 수 있음
2024-12-31,경북,울진군,2873,0,2873,2873,2244,0,2244,2244,2022년 파일은 5명 미만 실제 숫자가 보이며 이후 파일과 공개규칙이 다를 수 있음
2024-12-31,경북,울릉군,141,0,141,141,89,0,89,89,2022년 파일은 5명 미만 실제 숫자가 보이며 이후 파일과 공개규칙이 다를 수 있음
2024-12-31,경남,창원시,26709,0,26709,26709,20596,0,20596,20596,2022년 파일은 5명 미만 실제 숫자가 보이며 이후 파일과 공개규칙이 다를 수 있음
2024-12-31,경남,진주시,12091,0,12091,12091,9705,0,9705,9705,2022년 파일은 5명 미만 실제 숫자가 보이며 이후 파일과 공개규칙이 다를 수 있음
2024-12-31,경남,통영시,4184,0,4184,4184,3238,0,3238,3238,2022년 파일은 5명 미만 실제 숫자가 보이며 이후 파일과 공개규칙이 다를 수 있음
2024-12-31,경남,사천시,5571,0,5571,5571,4568,0,4568,4568,2022년 파일은 5명 미만 실제 숫자가 보이며 이후 파일과 공개규칙이 다를 수 있음
2024-12-31,경남,김해시,12995,0,12995,12995,9997,0,9997,9997,2022년 파일은 5명 미만 실제 숫자가 보이며 이후 파일과 공개규칙이 다를 수 있음
2024-12-31,경남,밀양시,6251,0,6251,6251,4847,0,4847,4847,2022년 파일은 5명 미만 실제 숫자가 보이며 이후 파일과 공개규칙이 다를 수 있음
2024-12-31,경남,거제시,5153,0,5153,5153,4079,0,4079,4079,2022년 파일은 5명 미만 실제 숫자가 보이며 이후 파일과 공개규칙이 다를 수 있음
2024-12-31,경남,양산시,9628,0,9628,9628,7494,0,7494,7494,2022년 파일은 5명 미만 실제 숫자가 보이며 이후 파일과 공개규칙이 다를 수 있음
2024-12-31,경남,의령군,1942,0,1942,1942,1462,0,1462,1462,2022년 파일은 5명 미만 실제 숫자가 보이며 이후 파일과 공개규칙이 다를 수 있음
2024-12-31,경남,함안군,3634,0,3634,3634,2930,0,2930,2930,2022년 파일은 5명 미만 실제 숫자가 보이며 이후 파일과 공개규칙이 다를 수 있음
2024-12-31,경남,창녕군,4155,0,4155,4155,3335,0,3335,3335,2022년 파일은 5명 미만 실제 숫자가 보이며 이후 파일과 공개규칙이 다를 수 있음
2024-12-31,경남,고성군,3243,0,3243,3243,2559,0,2559,2559,2022년 파일은 5명 미만 실제 숫자가 보이며 이후 파일과 공개규칙이 다를 수 있음
2024-12-31,경남,남해군,3610,0,3610,3610,2934,0,2934,2934,2022년 파일은 5명 미만 실제 숫자가 보이며 이후 파일과 공개규칙이 다를 수 있음
2024-12-31,경남,하동군,3669,0,3669,3669,3054,0,3054,3054,2022년 파일은 5명 미만 실제 숫자가 보이며 이후 파일과 공개규칙이 다를 수 있음
2024-12-31,경남,산청군,3245,0,3245,3245,2499,0,2499,2499,2022년 파일은 5명 미만 실제 숫자가 보이며 이후 파일과 공개규칙이 다를 수 있음
2024-12-31,경남,함양군,2646,0,2646,2646,2129,0,2129,2129,2022년 파일은 5명 미만 실제 숫자가 보이며 이후 파일과 공개규칙이 다를 수 있음
2024-12-31,경남,거창군,3421,0,3421,3421,2779,0,2779,2779,2022년 파일은 5명 미만 실제 숫자가 보이며 이후 파일과 공개규칙이 다를 수 있음
2024-12-31,경남,합천군,3010,0,3010,3010,2206,0,2206,2206,2022년 파일은 5명 미만 실제 숫자가 보이며 이후 파일과 공개규칙이 다를 수 있음
2024-12-31,제주,제주시,11027,0,11027,11027,8684,0,8684,8684,2022년 파일은 5명 미만 실제 숫자가 보이며 이후 파일과 공개규칙이 다를 수 있음
2024-12-31,제주,서귀포시,4529,0,4529,4529,3218,0,3218,3218,2022년 파일은 5명 미만 실제 숫자가 보이며 이후 파일과 공개규칙이 다를 수 있음
2025-12-31,서울,종로구,3282,0,3282,3282,2539,0,2539,2539,2022년 파일은 5명 미만 실제 숫자가 보이며 이후 파일과 공개규칙이 다를 수 있음
2025-12-31,서울,중구,2624,0,2624,2624,1796,0,1796,1796,2022년 파일은 5명 미만 실제 숫자가 보이며 이후 파일과 공개규칙이 다를 수 있음
2025-12-31,서울,용산구,3716,0,3716,3716,2795,0,2795,2795,2022년 파일은 5명 미만 실제 숫자가 보이며 이후 파일과 공개규칙이 다를 수 있음
2025-12-31,서울,성동구,5325,0,5325,5325,3904,0,3904,3904,2022년 파일은 5명 미만 실제 숫자가 보이며 이후 파일과 공개규칙이 다를 수 있음
2025-12-31,서울,광진구,6292,0,6292,6292,4969,0,4969,4969,2022년 파일은 5명 미만 실제 숫자가 보이며 이후 파일과 공개규칙이 다를 수 있음
2025-12-31,서울,동대문구,8428,0,8428,8428,6391,0,6391,6391,2022년 파일은 5명 미만 실제 숫자가 보이며 이후 파일과 공개규칙이 다를 수 있음
2025-12-31,서울,중랑구,10094,0,10094,10094,7964,0,7964,7964,2022년 파일은 5명 미만 실제 숫자가 보이며 이후 파일과 공개규칙이 다를 수 있음
2025-12-31,서울,성북구,10154,0,10154,10154,8245,0,8245,8245,2022년 파일은 5명 미만 실제 숫자가 보이며 이후 파일과 공개규칙이 다를 수 있음
2025-12-31,서울,강북구,8528,0,8528,8528,6540,0,6540,6540,2022년 파일은 5명 미만 실제 숫자가 보이며 이후 파일과 공개규칙이 다를 수 있음
2025-12-31,서울,도봉구,8934,0,8934,8934,7086,0,7086,7086,2022년 파일은 5명 미만 실제 숫자가 보이며 이후 파일과 공개규칙이 다를 수 있음
2025-12-31,서울,노원구,12500,0,12500,12500,9676,0,9676,9676,2022년 파일은 5명 미만 실제 숫자가 보이며 이후 파일과 공개규칙이 다를 수 있음
2025-12-31,서울,은평구,11916,0,11916,11916,9730,0,9730,9730,2022년 파일은 5명 미만 실제 숫자가 보이며 이후 파일과 공개규칙이 다를 수 있음
2025-12-31,서울,서대문구,6908,0,6908,6908,5213,0,5213,5213,2022년 파일은 5명 미만 실제 숫자가 보이며 이후 파일과 공개규칙이 다를 수 있음
2025-12-31,서울,마포구,6381,0,6381,6381,4750,0,4750,4750,2022년 파일은 5명 미만 실제 숫자가 보이며 이후 파일과 공개규칙이 다를 수 있음
2025-12-31,서울,양천구,9334,0,9334,9334,7349,0,7349,7349,2022년 파일은 5명 미만 실제 숫자가 보이며 이후 파일과 공개규칙이 다를 수 있음
2025-12-31,서울,강서구,14284,0,14284,14284,11229,0,11229,11229,2022년 파일은 5명 미만 실제 숫자가 보이며 이후 파일과 공개규칙이 다를 수 있음
2025-12-31,서울,구로구,10346,0,10346,10346,8150,0,8150,8150,2022년 파일은 5명 미만 실제 숫자가 보이며 이후 파일과 공개규칙이 다를 수 있음
2025-12-31,서울,금천구,5936,0,5936,5936,4458,0,4458,4458,2022년 파일은 5명 미만 실제 숫자가 보이며 이후 파일과 공개규칙이 다를 수 있음
2025-12-31,서울,영등포구,8186,0,8186,8186,6250,0,6250,6250,2022년 파일은 5명 미만 실제 숫자가 보이며 이후 파일과 공개규칙이 다를 수 있음
2025-12-31,서울,동작구,7437,0,7437,7437,5511,0,5511,5511,2022년 파일은 5명 미만 실제 숫자가 보이며 이후 파일과 공개규칙이 다를 수 있음
2025-12-31,서울,관악구,9818,0,9818,9818,7548,0,7548,7548,2022년 파일은 5명 미만 실제 숫자가 보이며 이후 파일과 공개규칙이 다를 수 있음
2025-12-31,서울,서초구,5994,0,5994,5994,4549,0,4549,4549,2022년 파일은 5명 미만 실제 숫자가 보이며 이후 파일과 공개규칙이 다를 수 있음
2025-12-31,서울,강남구,8527,0,8527,8527,6353,0,6353,6353,2022년 파일은 5명 미만 실제 숫자가 보이며 이후 파일과 공개규칙이 다를 수 있음
2025-12-31,서울,송파구,10454,0,10454,10454,8422,0,8422,8422,2022년 파일은 5명 미만 실제 숫자가 보이며 이후 파일과 공개규칙이 다를 수 있음
2025-12-31,서울,강동구,9869,0,9869,9869,7808,0,7808,7808,2022년 파일은 5명 미만 실제 숫자가 보이며 이후 파일과 공개규칙이 다를 수 있음
2025-12-31,부산,중구,1777,0,1777,1777,1262,0,1262,1262,2022년 파일은 5명 미만 실제 숫자가 보이며 이후 파일과 공개규칙이 다를 수 있음
2025-12-31,부산,서구,4415,0,4415,4415,3219,0,3219,3219,2022년 파일은 5명 미만 실제 숫자가 보이며 이후 파일과 공개규칙이 다를 수 있음
2025-12-31,부산,동구,4023,0,4023,4023,2966,0,2966,2966,2022년 파일은 5명 미만 실제 숫자가 보이며 이후 파일과 공개규칙이 다를 수 있음
2025-12-31,부산,영도구,5208,0,5208,5208,3541,0,3541,3541,2022년 파일은 5명 미만 실제 숫자가 보이며 이후 파일과 공개규칙이 다를 수 있음
2025-12-31,부산,부산진구,11851,0,11851,11851,9006,0,9006,9006,2022년 파일은 5명 미만 실제 숫자가 보이며 이후 파일과 공개규칙이 다를 수 있음
2025-12-31,부산,동래구,8551,0,8551,8551,6676,0,6676,6676,2022년 파일은 5명 미만 실제 숫자가 보이며 이후 파일과 공개규칙이 다를 수 있음
2025-12-31,부산,남구,8212,0,8212,8212,6234,0,6234,6234,2022년 파일은 5명 미만 실제 숫자가 보이며 이후 파일과 공개규칙이 다를 수 있음
2025-12-31,부산,북구,9182,0,9182,9182,6725,0,6725,6725,2022년 파일은 5명 미만 실제 숫자가 보이며 이후 파일과 공개규칙이 다를 수 있음
2025-12-31,부산,해운대구,12171,0,12171,12171,9411,0,9411,9411,2022년 파일은 5명 미만 실제 숫자가 보이며 이후 파일과 공개규칙이 다를 수 있음
2025-12-31,부산,사하구,10431,0,10431,10431,7820,0,7820,7820,2022년 파일은 5명 미만 실제 숫자가 보이며 이후 파일과 공개규칙이 다를 수 있음
2025-12-31,부산,금정구,7873,0,7873,7873,5962,0,5962,5962,2022년 파일은 5명 미만 실제 숫자가 보이며 이후 파일과 공개규칙이 다를 수 있음
2025-12-31,부산,강서구,2216,0,2216,2216,1682,0,1682,1682,2022년 파일은 5명 미만 실제 숫자가 보이며 이후 파일과 공개규칙이 다를 수 있음
2025-12-31,부산,연제구,6760,0,6760,6760,5335,0,5335,5335,2022년 파일은 5명 미만 실제 숫자가 보이며 이후 파일과 공개규칙이 다를 수 있음
2025-12-31,부산,수영구,6398,0,6398,6398,4885,0,4885,4885,2022년 파일은 5명 미만 실제 숫자가 보이며 이후 파일과 공개규칙이 다를 수 있음
2025-12-31,부산,사상구,6988,0,6988,6988,5202,0,5202,5202,2022년 파일은 5명 미만 실제 숫자가 보이며 이후 파일과 공개규칙이 다를 수 있음
2025-12-31,부산,기장군,5649,0,5649,5649,4394,0,4394,4394,2022년 파일은 5명 미만 실제 숫자가 보이며 이후 파일과 공개규칙이 다를 수 있음
2025-12-31,대구,중구,2729,0,2729,2729,2158,0,2158,2158,2022년 파일은 5명 미만 실제 숫자가 보이며 이후 파일과 공개규칙이 다를 수 있음
2025-12-31,대구,동구,12266,0,12266,12266,10016,0,10016,10016,2022년 파일은 5명 미만 실제 숫자가 보이며 이후 파일과 공개규칙이 다를 수 있음
2025-12-31,대구,서구,7461,0,7461,7461,6102,0,6102,6102,2022년 파일은 5명 미만 실제 숫자가 보이며 이후 파일과 공개규칙이 다를 수 있음
2025-12-31,대구,남구,6511,0,6511,6511,5172,0,5172,5172,2022년 파일은 5명 미만 실제 숫자가 보이며 이후 파일과 공개규칙이 다를 수 있음
2025-12-31,대구,북구,12792,0,12792,12792,10819,0,10819,10819,2022년 파일은 5명 미만 실제 숫자가 보이며 이후 파일과 공개규칙이 다를 수 있음
2025-12-31,대구,수성구,11495,0,11495,11495,9396,0,9396,9396,2022년 파일은 5명 미만 실제 숫자가 보이며 이후 파일과 공개규칙이 다를 수 있음
2025-12-31,대구,달서구,14752,0,14752,14752,11789,0,11789,11789,2022년 파일은 5명 미만 실제 숫자가 보이며 이후 파일과 공개규칙이 다를 수 있음
2025-12-31,대구,달성군,6468,0,6468,6468,5184,0,5184,5184,2022년 파일은 5명 미만 실제 숫자가 보이며 이후 파일과 공개규칙이 다를 수 있음
2025-12-31,대구,군위군,1511,0,1511,1511,1160,0,1160,1160,2022년 파일은 5명 미만 실제 숫자가 보이며 이후 파일과 공개규칙이 다를 수 있음
2025-12-31,인천,중구,4238,0,4238,4238,3599,0,3599,3599,2022년 파일은 5명 미만 실제 숫자가 보이며 이후 파일과 공개규칙이 다를 수 있음
2025-12-31,인천,동구,2411,0,2411,2411,2027,0,2027,2027,2022년 파일은 5명 미만 실제 숫자가 보이며 이후 파일과 공개규칙이 다를 수 있음
2025-12-31,인천,미추홀구,13890,0,13890,13890,11237,0,11237,11237,2022년 파일은 5명 미만 실제 숫자가 보이며 이후 파일과 공개규칙이 다를 수 있음
2025-12-31,인천,연수구,6948,0,6948,6948,5665,0,5665,5665,2022년 파일은 5명 미만 실제 숫자가 보이며 이후 파일과 공개규칙이 다를 수 있음
2025-12-31,인천,남동구,16637,0,16637,16637,13841,0,13841,13841,2022년 파일은 5명 미만 실제 숫자가 보이며 이후 파일과 공개규칙이 다를 수 있음
2025-12-31,인천,부평구,14607,0,14607,14607,11888,0,11888,11888,2022년 파일은 5명 미만 실제 숫자가 보이며 이후 파일과 공개규칙이 다를 수 있음
2025-12-31,인천,계양구,8660,0,8660,8660,7169,0,7169,7169,2022년 파일은 5명 미만 실제 숫자가 보이며 이후 파일과 공개규칙이 다를 수 있음
2025-12-31,인천,서구,14292,0,14292,14292,12239,0,12239,12239,2022년 파일은 5명 미만 실제 숫자가 보이며 이후 파일과 공개규칙이 다를 수 있음
2025-12-31,인천,강화군,3910,0,3910,3910,3160,0,3160,3160,2022년 파일은 5명 미만 실제 숫자가 보이며 이후 파일과 공개규칙이 다를 수 있음
2025-12-31,인천,옹진군,483,0,483,483,367,0,367,367,2022년 파일은 5명 미만 실제 숫자가 보이며 이후 파일과 공개규칙이 다를 수 있음
2025-12-31,광주,동구,4435,0,4435,4435,3289,0,3289,3289,2022년 파일은 5명 미만 실제 숫자가 보이며 이후 파일과 공개규칙이 다를 수 있음
2025-12-31,광주,서구,8259,0,8259,8259,6367,0,6367,6367,2022년 파일은 5명 미만 실제 숫자가 보이며 이후 파일과 공개규칙이 다를 수 있음
2025-12-31,광주,남구,7498,0,7498,7498,5681,0,5681,5681,2022년 파일은 5명 미만 실제 숫자가 보이며 이후 파일과 공개규칙이 다를 수 있음
2025-12-31,광주,북구,14643,0,14643,14643,11039,0,11039,11039,2022년 파일은 5명 미만 실제 숫자가 보이며 이후 파일과 공개규칙이 다를 수 있음
2025-12-31,광주,광산구,9837,0,9837,9837,7758,0,7758,7758,2022년 파일은 5명 미만 실제 숫자가 보이며 이후 파일과 공개규칙이 다를 수 있음
2025-12-31,대전,동구,9007,0,9007,9007,7103,0,7103,7103,2022년 파일은 5명 미만 실제 숫자가 보이며 이후 파일과 공개규칙이 다를 수 있음
2025-12-31,대전,중구,9397,0,9397,9397,7570,0,7570,7570,2022년 파일은 5명 미만 실제 숫자가 보이며 이후 파일과 공개규칙이 다를 수 있음
2025-12-31,대전,서구,11453,0,11453,11453,9311,0,9311,9311,2022년 파일은 5명 미만 실제 숫자가 보이며 이후 파일과 공개규칙이 다를 수 있음
2025-12-31,대전,유성구,7142,0,7142,7142,5826,0,5826,5826,2022년 파일은 5명 미만 실제 숫자가 보이며 이후 파일과 공개규칙이 다를 수 있음
2025-12-31,대전,대덕구,5724,0,5724,5724,4453,0,4453,4453,2022년 파일은 5명 미만 실제 숫자가 보이며 이후 파일과 공개규칙이 다를 수 있음
2025-12-31,울산,중구,5323,0,5323,5323,3982,0,3982,3982,2022년 파일은 5명 미만 실제 숫자가 보이며 이후 파일과 공개규칙이 다를 수 있음
2025-12-31,울산,남구,6322,0,6322,6322,4909,0,4909,4909,2022년 파일은 5명 미만 실제 숫자가 보이며 이후 파일과 공개규칙이 다를 수 있음
2025-12-31,울산,동구,3051,0,3051,3051,2302,0,2302,2302,2022년 파일은 5명 미만 실제 숫자가 보이며 이후 파일과 공개규칙이 다를 수 있음
2025-12-31,울산,북구,3526,0,3526,3526,2756,0,2756,2756,2022년 파일은 5명 미만 실제 숫자가 보이며 이후 파일과 공개규칙이 다를 수 있음
2025-12-31,울산,울주군,6664,0,6664,6664,5232,0,5232,5232,2022년 파일은 5명 미만 실제 숫자가 보이며 이후 파일과 공개규칙이 다를 수 있음
2025-12-31,세종특별자치시,,5561,0,5561,5561,4426,0,4426,4426,2022년 파일은 5명 미만 실제 숫자가 보이며 이후 파일과 공개규칙이 다를 수 있음
2025-12-31,경기도,수원시,25471,0,25471,25471,20532,0,20532,20532,2022년 파일은 5명 미만 실제 숫자가 보이며 이후 파일과 공개규칙이 다를 수 있음
2025-12-31,경기도,성남시,20437,0,20437,20437,16637,0,16637,16637,2022년 파일은 5명 미만 실제 숫자가 보이며 이후 파일과 공개규칙이 다를 수 있음
2025-12-31,경기도,의정부시,15008,0,15008,15008,12346,0,12346,12346,2022년 파일은 5명 미만 실제 숫자가 보이며 이후 파일과 공개규칙이 다를 수 있음
2025-12-31,경기도,안양시,11942,0,11942,11942,9436,0,9436,9436,2022년 파일은 5명 미만 실제 숫자가 보이며 이후 파일과 공개규칙이 다를 수 있음
2025-12-31,경기도,부천시,21558,0,21558,21558,17164,0,17164,17164,2022년 파일은 5명 미만 실제 숫자가 보이며 이후 파일과 공개규칙이 다를 수 있음
2025-12-31,경기도,광명시,5982,0,5982,5982,4715,0,4715,4715,2022년 파일은 5명 미만 실제 숫자가 보이며 이후 파일과 공개규칙이 다를 수 있음
2025-12-31,경기도,평택시,13384,0,13384,13384,11295,0,11295,11295,2022년 파일은 5명 미만 실제 숫자가 보이며 이후 파일과 공개규칙이 다를 수 있음
2025-12-31,경기도,동두천시,4318,0,4318,4318,3320,0,3320,3320,2022년 파일은 5명 미만 실제 숫자가 보이며 이후 파일과 공개규칙이 다를 수 있음
2025-12-31,경기도,안산시,15482,0,15482,15482,12358,0,12358,12358,2022년 파일은 5명 미만 실제 숫자가 보이며 이후 파일과 공개규칙이 다를 수 있음
2025-12-31,경기도,고양시,30578,0,30578,30578,24786,0,24786,24786,2022년 파일은 5명 미만 실제 숫자가 보이며 이후 파일과 공개규칙이 다를 수 있음
2025-12-31,경기도,과천시,1189,0,1189,1189,921,0,921,921,2022년 파일은 5명 미만 실제 숫자가 보이며 이후 파일과 공개규칙이 다를 수 있음
2025-12-31,경기도,구리시,4365,0,4365,4365,3482,0,3482,3482,2022년 파일은 5명 미만 실제 숫자가 보이며 이후 파일과 공개규칙이 다를 수 있음
2025-12-31,경기도,남양주시,22010,0,22010,22010,18931,0,18931,18931,2022년 파일은 5명 미만 실제 숫자가 보이며 이후 파일과 공개규칙이 다를 수 있음
2025-12-31,경기도,오산시,4971,0,4971,4971,4041,0,4041,4041,2022년 파일은 5명 미만 실제 숫자가 보이며 이후 파일과 공개규칙이 다를 수 있음
2025-12-31,경기도,시흥시,10991,0,10991,10991,8740,0,8740,8740,2022년 파일은 5명 미만 실제 숫자가 보이며 이후 파일과 공개규칙이 다를 수 있음
2025-12-31,경기도,군포시,6713,0,6713,6713,5055,0,5055,5055,2022년 파일은 5명 미만 실제 숫자가 보이며 이후 파일과 공개규칙이 다를 수 있음
2025-12-31,경기도,의왕시,3538,0,3538,3538,2791,0,2791,2791,2022년 파일은 5명 미만 실제 숫자가 보이며 이후 파일과 공개규칙이 다를 수 있음
2025-12-31,경기도,하남시,6367,0,6367,6367,5198,0,5198,5198,2022년 파일은 5명 미만 실제 숫자가 보이며 이후 파일과 공개규칙이 다를 수 있음
2025-12-31,경기도,용인시,26060,0,26060,26060,21746,0,21746,21746,2022년 파일은 5명 미만 실제 숫자가 보이며 이후 파일과 공개규칙이 다를 수 있음
2025-12-31,경기도,파주시,14554,0,14554,14554,11749,0,11749,11749,2022년 파일은 5명 미만 실제 숫자가 보이며 이후 파일과 공개규칙이 다를 수 있음
2025-12-31,경기도,이천시,5686,0,5686,5686,4644,0,4644,4644,2022년 파일은 5명 미만 실제 숫자가 보이며 이후 파일과 공개규칙이 다를 수 있음
2025-12-31,경기도,안성시,6983,0,6983,6983,5943,0,5943,5943,2022년 파일은 5명 미만 실제 숫자가 보이며 이후 파일과 공개규칙이 다를 수 있음
2025-12-31,경기도,김포시,11197,0,11197,11197,9186,0,9186,9186,2022년 파일은 5명 미만 실제 숫자가 보이며 이후 파일과 공개규칙이 다를 수 있음
2025-12-31,경기도,화성시,15886,0,15886,15886,13217,0,13217,13217,2022년 파일은 5명 미만 실제 숫자가 보이며 이후 파일과 공개규칙이 다를 수 있음
2025-12-31,경기도,광주시,9994,0,9994,9994,8396,0,8396,8396,2022년 파일은 5명 미만 실제 숫자가 보이며 이후 파일과 공개규칙이 다를 수 있음
2025-12-31,경기도,양주시,10494,0,10494,10494,9094,0,9094,9094,2022년 파일은 5명 미만 실제 숫자가 보이며 이후 파일과 공개규칙이 다를 수 있음
2025-12-31,경기도,포천시,6790,0,6790,6790,5638,0,5638,5638,2022년 파일은 5명 미만 실제 숫자가 보이며 이후 파일과 공개규칙이 다를 수 있음
2025-12-31,경기도,여주시,4822,0,4822,4822,3963,0,3963,3963,2022년 파일은 5명 미만 실제 숫자가 보이며 이후 파일과 공개규칙이 다를 수 있음
2025-12-31,경기도,연천군,2038,0,2038,2038,1598,0,1598,1598,2022년 파일은 5명 미만 실제 숫자가 보이며 이후 파일과 공개규칙이 다를 수 있음
2025-12-31,경기도,가평군,2921,0,2921,2921,2389,0,2389,2389,2022년 파일은 5명 미만 실제 숫자가 보이며 이후 파일과 공개규칙이 다를 수 있음
2025-12-31,경기도,양평군,5614,0,5614,5614,4632,0,4632,4632,2022년 파일은 5명 미만 실제 숫자가 보이며 이후 파일과 공개규칙이 다를 수 있음
2025-12-31,강원,춘천시,10324,0,10324,10324,8457,0,8457,8457,2022년 파일은 5명 미만 실제 숫자가 보이며 이후 파일과 공개규칙이 다를 수 있음
2025-12-31,강원,원주시,10826,0,10826,10826,8975,0,8975,8975,2022년 파일은 5명 미만 실제 숫자가 보이며 이후 파일과 공개규칙이 다를 수 있음
2025-12-31,강원,강릉시,8453,0,8453,8453,7039,0,7039,7039,2022년 파일은 5명 미만 실제 숫자가 보이며 이후 파일과 공개규칙이 다를 수 있음
2025-12-31,강원,동해시,3246,0,3246,3246,2626,0,2626,2626,2022년 파일은 5명 미만 실제 숫자가 보이며 이후 파일과 공개규칙이 다를 수 있음
2025-12-31,강원,태백시,1376,0,1376,1376,912,0,912,912,2022년 파일은 5명 미만 실제 숫자가 보이며 이후 파일과 공개규칙이 다를 수 있음
2025-12-31,강원,속초시,2313,0,2313,2313,1824,0,1824,1824,2022년 파일은 5명 미만 실제 숫자가 보이며 이후 파일과 공개규칙이 다를 수 있음
2025-12-31,강원,삼척시,2606,0,2606,2606,1951,0,1951,1951,2022년 파일은 5명 미만 실제 숫자가 보이며 이후 파일과 공개규칙이 다를 수 있음
2025-12-31,강원,홍천군,2699,0,2699,2699,2121,0,2121,2121,2022년 파일은 5명 미만 실제 숫자가 보이며 이후 파일과 공개규칙이 다를 수 있음
2025-12-31,강원,횡성군,1972,0,1972,1972,1611,0,1611,1611,2022년 파일은 5명 미만 실제 숫자가 보이며 이후 파일과 공개규칙이 다를 수 있음
2025-12-31,강원,영월군,1663,0,1663,1663,1323,0,1323,1323,2022년 파일은 5명 미만 실제 숫자가 보이며 이후 파일과 공개규칙이 다를 수 있음
2025-12-31,강원,평창군,1547,0,1547,1547,1115,0,1115,1115,2022년 파일은 5명 미만 실제 숫자가 보이며 이후 파일과 공개규칙이 다를 수 있음
2025-12-31,강원,정선군,1247,0,1247,1247,972,0,972,972,2022년 파일은 5명 미만 실제 숫자가 보이며 이후 파일과 공개규칙이 다를 수 있음
2025-12-31,강원,철원군,1475,0,1475,1475,1073,0,1073,1073,2022년 파일은 5명 미만 실제 숫자가 보이며 이후 파일과 공개규칙이 다를 수 있음
2025-12-31,강원,화천군,688,0,688,688,514,0,514,514,2022년 파일은 5명 미만 실제 숫자가 보이며 이후 파일과 공개규칙이 다를 수 있음
2025-12-31,강원,양구군,683,0,683,683,486,0,486,486,2022년 파일은 5명 미만 실제 숫자가 보이며 이후 파일과 공개규칙이 다를 수 있음
2025-12-31,강원,인제군,760,0,760,760,522,0,522,522,2022년 파일은 5명 미만 실제 숫자가 보이며 이후 파일과 공개규칙이 다를 수 있음
2025-12-31,강원,고성군,921,0,921,921,733,0,733,733,2022년 파일은 5명 미만 실제 숫자가 보이며 이후 파일과 공개규칙이 다를 수 있음
2025-12-31,강원,양양군,1141,0,1141,1141,894,0,894,894,2022년 파일은 5명 미만 실제 숫자가 보이며 이후 파일과 공개규칙이 다를 수 있음
2025-12-31,충청북도,청주시,23466,0,23466,23466,20059,0,20059,20059,2022년 파일은 5명 미만 실제 숫자가 보이며 이후 파일과 공개규칙이 다를 수 있음
2025-12-31,충청북도,충주시,7807,0,7807,7807,6307,0,6307,6307,2022년 파일은 5명 미만 실제 숫자가 보이며 이후 파일과 공개규칙이 다를 수 있음
2025-12-31,충청북도,제천시,5602,0,5602,5602,4433,0,4433,4433,2022년 파일은 5명 미만 실제 숫자가 보이며 이후 파일과 공개규칙이 다를 수 있음
2025-12-31,충청북도,청원군,5,0,5,5,0,0,0,0,2022년 파일은 5명 미만 실제 숫자가 보이며 이후 파일과 공개규칙이 다를 수 있음
2025-12-31,충청북도,보은군,2203,0,2203,2203,1787,0,1787,1787,2022년 파일은 5명 미만 실제 숫자가 보이며 이후 파일과 공개규칙이 다를 수 있음
2025-12-31,충청북도,옥천군,2938,0,2938,2938,2375,0,2375,2375,2022년 파일은 5명 미만 실제 숫자가 보이며 이후 파일과 공개규칙이 다를 수 있음
2025-12-31,충청북도,영동군,3136,0,3136,3136,2570,0,2570,2570,2022년 파일은 5명 미만 실제 숫자가 보이며 이후 파일과 공개규칙이 다를 수 있음
2025-12-31,충청북도,증평군,1307,0,1307,1307,1143,0,1143,1143,2022년 파일은 5명 미만 실제 숫자가 보이며 이후 파일과 공개규칙이 다를 수 있음
2025-12-31,충청북도,진천군,2389,0,2389,2389,1845,0,1845,1845,2022년 파일은 5명 미만 실제 숫자가 보이며 이후 파일과 공개규칙이 다를 수 있음
2025-12-31,충청북도,괴산군,1915,0,1915,1915,1510,0,1510,1510,2022년 파일은 5명 미만 실제 숫자가 보이며 이후 파일과 공개규칙이 다를 수 있음
2025-12-31,충청북도,음성군,3321,0,3321,3321,2668,0,2668,2668,2022년 파일은 5명 미만 실제 숫자가 보이며 이후 파일과 공개규칙이 다를 수 있음
2025-12-31,충청북도,단양군,1304,0,1304,1304,976,0,976,976,2022년 파일은 5명 미만 실제 숫자가 보이며 이후 파일과 공개규칙이 다를 수 있음
2025-12-31,충청남도,천안시,14359,0,14359,14359,11623,0,11623,11623,2022년 파일은 5명 미만 실제 숫자가 보이며 이후 파일과 공개규칙이 다를 수 있음
2025-12-31,충청남도,공주시,5873,0,5873,5873,4746,0,4746,4746,2022년 파일은 5명 미만 실제 숫자가 보이며 이후 파일과 공개규칙이 다를 수 있음
2025-12-31,충청남도,보령시,4739,0,4739,4739,3729,0,3729,3729,2022년 파일은 5명 미만 실제 숫자가 보이며 이후 파일과 공개규칙이 다를 수 있음
2025-12-31,충청남도,아산시,8427,0,8427,8427,6731,0,6731,6731,2022년 파일은 5명 미만 실제 숫자가 보이며 이후 파일과 공개규칙이 다를 수 있음
2025-12-31,충청남도,서산시,7436,0,7436,7436,6191,0,6191,6191,2022년 파일은 5명 미만 실제 숫자가 보이며 이후 파일과 공개규칙이 다를 수 있음
2025-12-31,충청남도,논산시,7119,0,7119,7119,5701,0,5701,5701,2022년 파일은 5명 미만 실제 숫자가 보이며 이후 파일과 공개규칙이 다를 수 있음
2025-12-31,충청남도,계룡시,953,0,953,953,755,0,755,755,2022년 파일은 5명 미만 실제 숫자가 보이며 이후 파일과 공개규칙이 다를 수 있음
2025-12-31,충청남도,금산군,3444,0,3444,3444,2819,0,2819,2819,2022년 파일은 5명 미만 실제 숫자가 보이며 이후 파일과 공개규칙이 다를 수 있음
2025-12-31,충청남도,부여군,4175,0,4175,4175,3255,0,3255,3255,2022년 파일은 5명 미만 실제 숫자가 보이며 이후 파일과 공개규칙이 다를 수 있음
2025-12-31,충청남도,서천군,3851,0,3851,3851,3114,0,3114,3114,2022년 파일은 5명 미만 실제 숫자가 보이며 이후 파일과 공개규칙이 다를 수 있음
2025-12-31,충청남도,청양군,2023,0,2023,2023,1563,0,1563,1563,2022년 파일은 5명 미만 실제 숫자가 보이며 이후 파일과 공개규칙이 다를 수 있음
2025-12-31,충청남도,홍성군,4862,0,4862,4862,3996,0,3996,3996,2022년 파일은 5명 미만 실제 숫자가 보이며 이후 파일과 공개규칙이 다를 수 있음
2025-12-31,충청남도,예산군,4360,0,4360,4360,3394,0,3394,3394,2022년 파일은 5명 미만 실제 숫자가 보이며 이후 파일과 공개규칙이 다를 수 있음
2025-12-31,충청남도,태안군,3295,0,3295,3295,2442,0,2442,2442,2022년 파일은 5명 미만 실제 숫자가 보이며 이후 파일과 공개규칙이 다를 수 있음
2025-12-31,충청남도,당진시,6672,0,6672,6672,5554,0,5554,5554,2022년 파일은 5명 미만 실제 숫자가 보이며 이후 파일과 공개규칙이 다를 수 있음
2025-12-31,전라북도,전주시,21968,0,21968,21968,17315,0,17315,17315,2022년 파일은 5명 미만 실제 숫자가 보이며 이후 파일과 공개규칙이 다를 수 있음
2025-12-31,전라북도,군산시,10445,0,10445,10445,8095,0,8095,8095,2022년 파일은 5명 미만 실제 숫자가 보이며 이후 파일과 공개규칙이 다를 수 있음
2025-12-31,전라북도,익산시,12031,0,12031,12031,9481,0,9481,9481,2022년 파일은 5명 미만 실제 숫자가 보이며 이후 파일과 공개규칙이 다를 수 있음
2025-12-31,전라북도,정읍시,6996,0,6996,6996,5237,0,5237,5237,2022년 파일은 5명 미만 실제 숫자가 보이며 이후 파일과 공개규칙이 다를 수 있음
2025-12-31,전라북도,남원시,4882,0,4882,4882,3922,0,3922,3922,2022년 파일은 5명 미만 실제 숫자가 보이며 이후 파일과 공개규칙이 다를 수 있음
2025-12-31,전라북도,김제시,5492,0,5492,5492,4163,0,4163,4163,2022년 파일은 5명 미만 실제 숫자가 보이며 이후 파일과 공개규칙이 다를 수 있음
2025-12-31,전라북도,완주군,4870,0,4870,4870,3823,0,3823,3823,2022년 파일은 5명 미만 실제 숫자가 보이며 이후 파일과 공개규칙이 다를 수 있음
2025-12-31,전라북도,진안군,1544,0,1544,1544,1268,0,1268,1268,2022년 파일은 5명 미만 실제 숫자가 보이며 이후 파일과 공개규칙이 다를 수 있음
2025-12-31,전라북도,무주군,1311,0,1311,1311,990,0,990,990,2022년 파일은 5명 미만 실제 숫자가 보이며 이후 파일과 공개규칙이 다를 수 있음
2025-12-31,전라북도,장수군,1048,0,1048,1048,790,0,790,790,2022년 파일은 5명 미만 실제 숫자가 보이며 이후 파일과 공개규칙이 다를 수 있음
2025-12-31,전라북도,임실군,1902,0,1902,1902,1519,0,1519,1519,2022년 파일은 5명 미만 실제 숫자가 보이며 이후 파일과 공개규칙이 다를 수 있음
2025-12-31,전라북도,순창군,1875,0,1875,1875,1399,0,1399,1399,2022년 파일은 5명 미만 실제 숫자가 보이며 이후 파일과 공개규칙이 다를 수 있음
2025-12-31,전라북도,고창군,4265,0,4265,4265,3422,0,3422,3422,2022년 파일은 5명 미만 실제 숫자가 보이며 이후 파일과 공개규칙이 다를 수 있음
2025-12-31,전라북도,부안군,3128,0,3128,3128,2457,0,2457,2457,2022년 파일은 5명 미만 실제 숫자가 보이며 이후 파일과 공개규칙이 다를 수 있음
2025-12-31,전라남도,목포시,8262,0,8262,8262,6616,0,6616,6616,2022년 파일은 5명 미만 실제 숫자가 보이며 이후 파일과 공개규칙이 다를 수 있음
2025-12-31,전라남도,여수시,9829,0,9829,9829,7578,0,7578,7578,2022년 파일은 5명 미만 실제 숫자가 보이며 이후 파일과 공개규칙이 다를 수 있음
2025-12-31,전라남도,순천시,9355,0,9355,9355,7383,0,7383,7383,2022년 파일은 5명 미만 실제 숫자가 보이며 이후 파일과 공개규칙이 다를 수 있음
2025-12-31,전라남도,나주시,6273,0,6273,6273,4776,0,4776,4776,2022년 파일은 5명 미만 실제 숫자가 보이며 이후 파일과 공개규칙이 다를 수 있음
2025-12-31,전라남도,광양시,4127,0,4127,4127,3268,0,3268,3268,2022년 파일은 5명 미만 실제 숫자가 보이며 이후 파일과 공개규칙이 다를 수 있음
2025-12-31,전라남도,담양군,3039,0,3039,3039,2402,0,2402,2402,2022년 파일은 5명 미만 실제 숫자가 보이며 이후 파일과 공개규칙이 다를 수 있음
2025-12-31,전라남도,곡성군,2126,0,2126,2126,1645,0,1645,1645,2022년 파일은 5명 미만 실제 숫자가 보이며 이후 파일과 공개규칙이 다를 수 있음
2025-12-31,전라남도,구례군,1979,0,1979,1979,1664,0,1664,1664,2022년 파일은 5명 미만 실제 숫자가 보이며 이후 파일과 공개규칙이 다를 수 있음
2025-12-31,전라남도,고흥군,4833,0,4833,4833,3679,0,3679,3679,2022년 파일은 5명 미만 실제 숫자가 보이며 이후 파일과 공개규칙이 다를 수 있음
2025-12-31,전라남도,보성군,2771,0,2771,2771,2029,0,2029,2029,2022년 파일은 5명 미만 실제 숫자가 보이며 이후 파일과 공개규칙이 다를 수 있음
2025-12-31,전라남도,화순군,3645,0,3645,3645,2770,0,2770,2770,2022년 파일은 5명 미만 실제 숫자가 보이며 이후 파일과 공개규칙이 다를 수 있음
2025-12-31,전라남도,장흥군,2920,0,2920,2920,2332,0,2332,2332,2022년 파일은 5명 미만 실제 숫자가 보이며 이후 파일과 공개규칙이 다를 수 있음
2025-12-31,전라남도,강진군,2552,0,2552,2552,2015,0,2015,2015,2022년 파일은 5명 미만 실제 숫자가 보이며 이후 파일과 공개규칙이 다를 수 있음
2025-12-31,전라남도,해남군,4197,0,4197,4197,3176,0,3176,3176,2022년 파일은 5명 미만 실제 숫자가 보이며 이후 파일과 공개규칙이 다를 수 있음
2025-12-31,전라남도,영암군,2937,0,2937,2937,2249,0,2249,2249,2022년 파일은 5명 미만 실제 숫자가 보이며 이후 파일과 공개규칙이 다를 수 있음
2025-12-31,전라남도,무안군,3480,0,3480,3480,2805,0,2805,2805,2022년 파일은 5명 미만 실제 숫자가 보이며 이후 파일과 공개규칙이 다를 수 있음
2025-12-31,전라남도,함평군,2666,0,2666,2666,2049,0,2049,2049,2022년 파일은 5명 미만 실제 숫자가 보이며 이후 파일과 공개규칙이 다를 수 있음
2025-12-31,전라남도,영광군,3333,0,3333,3333,2564,0,2564,2564,2022년 파일은 5명 미만 실제 숫자가 보이며 이후 파일과 공개규칙이 다를 수 있음
2025-12-31,전라남도,장성군,3025,0,3025,3025,2380,0,2380,2380,2022년 파일은 5명 미만 실제 숫자가 보이며 이후 파일과 공개규칙이 다를 수 있음
2025-12-31,전라남도,완도군,3198,0,3198,3198,2451,0,2451,2451,2022년 파일은 5명 미만 실제 숫자가 보이며 이후 파일과 공개규칙이 다를 수 있음
2025-12-31,전라남도,진도군,1842,0,1842,1842,1405,0,1405,1405,2022년 파일은 5명 미만 실제 숫자가 보이며 이후 파일과 공개규칙이 다를 수 있음
2025-12-31,전라남도,신안군,2309,0,2309,2309,1849,0,1849,1849,2022년 파일은 5명 미만 실제 숫자가 보이며 이후 파일과 공개규칙이 다를 수 있음
2025-12-31,경상북도,포항시,16395,0,16395,16395,12184,0,12184,12184,2022년 파일은 5명 미만 실제 숫자가 보이며 이후 파일과 공개규칙이 다를 수 있음
2025-12-31,경상북도,경주시,11786,0,11786,11786,9083,0,9083,9083,2022년 파일은 5명 미만 실제 숫자가 보이며 이후 파일과 공개규칙이 다를 수 있음
2025-12-31,경상북도,김천시,6157,0,6157,6157,5168,0,5168,5168,2022년 파일은 5명 미만 실제 숫자가 보이며 이후 파일과 공개규칙이 다를 수 있음
2025-12-31,경상북도,안동시,7849,0,7849,7849,6314,0,6314,6314,2022년 파일은 5명 미만 실제 숫자가 보이며 이후 파일과 공개규칙이 다를 수 있음
2025-12-31,경상북도,구미시,8604,0,8604,8604,7291,0,7291,7291,2022년 파일은 5명 미만 실제 숫자가 보이며 이후 파일과 공개규칙이 다를 수 있음
2025-12-31,경상북도,영주시,4359,0,4359,4359,3374,0,3374,3374,2022년 파일은 5명 미만 실제 숫자가 보이며 이후 파일과 공개규칙이 다를 수 있음
2025-12-31,경상북도,영천시,5783,0,5783,5783,4735,0,4735,4735,2022년 파일은 5명 미만 실제 숫자가 보이며 이후 파일과 공개규칙이 다를 수 있음
2025-12-31,경상북도,상주시,6093,0,6093,6093,5078,0,5078,5078,2022년 파일은 5명 미만 실제 숫자가 보이며 이후 파일과 공개규칙이 다를 수 있음
2025-12-31,경상북도,문경시,4355,0,4355,4355,3670,0,3670,3670,2022년 파일은 5명 미만 실제 숫자가 보이며 이후 파일과 공개규칙이 다를 수 있음
2025-12-31,경상북도,경산시,9676,0,9676,9676,8280,0,8280,8280,2022년 파일은 5명 미만 실제 숫자가 보이며 이후 파일과 공개규칙이 다를 수 있음
2025-12-31,경상북도,의성군,4248,0,4248,4248,3464,0,3464,3464,2022년 파일은 5명 미만 실제 숫자가 보이며 이후 파일과 공개규칙이 다를 수 있음
2025-12-31,경상북도,청송군,1353,0,1353,1353,1024,0,1024,1024,2022년 파일은 5명 미만 실제 숫자가 보이며 이후 파일과 공개규칙이 다를 수 있음
2025-12-31,경상북도,영양군,872,0,872,872,701,0,701,701,2022년 파일은 5명 미만 실제 숫자가 보이며 이후 파일과 공개규칙이 다를 수 있음
2025-12-31,경상북도,영덕군,2710,0,2710,2710,2082,0,2082,2082,2022년 파일은 5명 미만 실제 숫자가 보이며 이후 파일과 공개규칙이 다를 수 있음
2025-12-31,경상북도,청도군,3096,0,3096,3096,2547,0,2547,2547,2022년 파일은 5명 미만 실제 숫자가 보이며 이후 파일과 공개규칙이 다를 수 있음
2025-12-31,경상북도,고령군,1653,0,1653,1653,1312,0,1312,1312,2022년 파일은 5명 미만 실제 숫자가 보이며 이후 파일과 공개규칙이 다를 수 있음
2025-12-31,경상북도,성주군,2469,0,2469,2469,1930,0,1930,1930,2022년 파일은 5명 미만 실제 숫자가 보이며 이후 파일과 공개규칙이 다를 수 있음
2025-12-31,경상북도,칠곡군,3593,0,3593,3593,3002,0,3002,3002,2022년 파일은 5명 미만 실제 숫자가 보이며 이후 파일과 공개규칙이 다를 수 있음
2025-12-31,경상북도,예천군,3214,0,3214,3214,2601,0,2601,2601,2022년 파일은 5명 미만 실제 숫자가 보이며 이후 파일과 공개규칙이 다를 수 있음
2025-12-31,경상북도,봉화군,1483,0,1483,1483,1109,0,1109,1109,2022년 파일은 5명 미만 실제 숫자가 보이며 이후 파일과 공개규칙이 다를 수 있음
2025-12-31,경상북도,울진군,2900,0,2900,2900,2301,0,2301,2301,2022년 파일은 5명 미만 실제 숫자가 보이며 이후 파일과 공개규칙이 다를 수 있음
2025-12-31,경상북도,울릉군,134,0,134,134,90,0,90,90,2022년 파일은 5명 미만 실제 숫자가 보이며 이후 파일과 공개규칙이 다를 수 있음
2025-12-31,경상남도,창원시,28484,0,28484,28484,22323,0,22323,22323,2022년 파일은 5명 미만 실제 숫자가 보이며 이후 파일과 공개규칙이 다를 수 있음
2025-12-31,경상남도,진주시,12565,0,12565,12565,10182,0,10182,10182,2022년 파일은 5명 미만 실제 숫자가 보이며 이후 파일과 공개규칙이 다를 수 있음
2025-12-31,경상남도,통영시,4436,0,4436,4436,3468,0,3468,3468,2022년 파일은 5명 미만 실제 숫자가 보이며 이후 파일과 공개규칙이 다를 수 있음
2025-12-31,경상남도,사천시,5679,0,5679,5679,4628,0,4628,4628,2022년 파일은 5명 미만 실제 숫자가 보이며 이후 파일과 공개규칙이 다를 수 있음
2025-12-31,경상남도,김해시,13926,0,13926,13926,10838,0,10838,10838,2022년 파일은 5명 미만 실제 숫자가 보이며 이후 파일과 공개규칙이 다를 수 있음
2025-12-31,경상남도,밀양시,6374,0,6374,6374,4994,0,4994,4994,2022년 파일은 5명 미만 실제 숫자가 보이며 이후 파일과 공개규칙이 다를 수 있음
2025-12-31,경상남도,거제시,5334,0,5334,5334,4194,0,4194,4194,2022년 파일은 5명 미만 실제 숫자가 보이며 이후 파일과 공개규칙이 다를 수 있음
2025-12-31,경상남도,양산시,10218,0,10218,10218,8055,0,8055,8055,2022년 파일은 5명 미만 실제 숫자가 보이며 이후 파일과 공개규칙이 다를 수 있음
2025-12-31,경상남도,의령군,1959,0,1959,1959,1544,0,1544,1544,2022년 파일은 5명 미만 실제 숫자가 보이며 이후 파일과 공개규칙이 다를 수 있음
2025-12-31,경상남도,함안군,3720,0,3720,3720,3025,0,3025,3025,2022년 파일은 5명 미만 실제 숫자가 보이며 이후 파일과 공개규칙이 다를 수 있음
2025-12-31,경상남도,창녕군,4165,0,4165,4165,3432,0,3432,3432,2022년 파일은 5명 미만 실제 숫자가 보이며 이후 파일과 공개규칙이 다를 수 있음
2025-12-31,경상남도,고성군,3331,0,3331,3331,2688,0,2688,2688,2022년 파일은 5명 미만 실제 숫자가 보이며 이후 파일과 공개규칙이 다를 수 있음
2025-12-31,경상남도,남해군,3610,0,3610,3610,2951,0,2951,2951,2022년 파일은 5명 미만 실제 숫자가 보이며 이후 파일과 공개규칙이 다를 수 있음
2025-12-31,경상남도,하동군,3701,0,3701,3701,3072,0,3072,3072,2022년 파일은 5명 미만 실제 숫자가 보이며 이후 파일과 공개규칙이 다를 수 있음
2025-12-31,경상남도,산청군,3172,0,3172,3172,2528,0,2528,2528,2022년 파일은 5명 미만 실제 숫자가 보이며 이후 파일과 공개규칙이 다를 수 있음
2025-12-31,경상남도,함양군,2701,0,2701,2701,2184,0,2184,2184,2022년 파일은 5명 미만 실제 숫자가 보이며 이후 파일과 공개규칙이 다를 수 있음
2025-12-31,경상남도,거창군,3554,0,3554,3554,2946,0,2946,2946,2022년 파일은 5명 미만 실제 숫자가 보이며 이후 파일과 공개규칙이 다를 수 있음
2025-12-31,경상남도,합천군,3086,0,3086,3086,2318,0,2318,2318,2022년 파일은 5명 미만 실제 숫자가 보이며 이후 파일과 공개규칙이 다를 수 있음
2025-12-31,제주,제주시,11700,0,11700,11700,9105,0,9105,9105,2022년 파일은 5명 미만 실제 숫자가 보이며 이후 파일과 공개규칙이 다를 수 있음
2025-12-31,제주,서귀포시,4870,0,4870,4870,3350,0,3350,3350,2022년 파일은 5명 미만 실제 숫자가 보이며 이후 파일과 공개규칙이 다를 수 있음
