"SGIS_시도코드","SGIS_시군구코드","SGIS_시군구결합코드","시도명","시군구명","전체지역명","기준시점"
"11","010","11010","서울특별시","종로구","서울특별시 종로구","2025-06"
"11","020","11020","서울특별시","중구","서울특별시 중구","2025-06"
"11","030","11030","서울특별시","용산구","서울특별시 용산구","2025-06"
"11","040","11040","서울특별시","성동구","서울특별시 성동구","2025-06"
"11","050","11050","서울특별시","광진구","서울특별시 광진구","2025-06"
"11","060","11060","서울특별시","동대문구","서울특별시 동대문구","2025-06"
"11","070","11070","서울특별시","중랑구","서울특별시 중랑구","2025-06"
"11","080","11080","서울특별시","성북구","서울특별시 성북구","2025-06"
"11","090","11090","서울특별시","강북구","서울특별시 강북구","2025-06"
"11","100","11100","서울특별시","도봉구","서울특별시 도봉구","2025-06"
"11","110","11110","서울특별시","노원구","서울특별시 노원구","2025-06"
"11","120","11120","서울특별시","은평구","서울특별시 은평구","2025-06"
"11","130","11130","서울특별시","서대문구","서울특별시 서대문구","2025-06"
"11","140","11140","서울특별시","마포구","서울특별시 마포구","2025-06"
"11","150","11150","서울특별시","양천구","서울특별시 양천구","2025-06"
"11","160","11160","서울특별시","강서구","서울특별시 강서구","2025-06"
"11","170","11170","서울특별시","구로구","서울특별시 구로구","2025-06"
"11","180","11180","서울특별시","금천구","서울특별시 금천구","2025-06"
"11","190","11190","서울특별시","영등포구","서울특별시 영등포구","2025-06"
"11","200","11200","서울특별시","동작구","서울특별시 동작구","2025-06"
"11","210","11210","서울특별시","관악구","서울특별시 관악구","2025-06"
"11","220","11220","서울특별시","서초구","서울특별시 서초구","2025-06"
"11","230","11230","서울특별시","강남구","서울특별시 강남구","2025-06"
"11","240","11240","서울특별시","송파구","서울특별시 송파구","2025-06"
"11","250","11250","서울특별시","강동구","서울특별시 강동구","2025-06"
"21","010","21010","부산광역시","중구","부산광역시 중구","2025-06"
"21","020","21020","부산광역시","서구","부산광역시 서구","2025-06"
"21","030","21030","부산광역시","동구","부산광역시 동구","2025-06"
"21","040","21040","부산광역시","영도구","부산광역시 영도구","2025-06"
"21","050","21050","부산광역시","부산진구","부산광역시 부산진구","2025-06"
"21","060","21060","부산광역시","동래구","부산광역시 동래구","2025-06"
"21","070","21070","부산광역시","남구","부산광역시 남구","2025-06"
"21","080","21080","부산광역시","북구","부산광역시 북구","2025-06"
"21","090","21090","부산광역시","해운대구","부산광역시 해운대구","2025-06"
"21","100","21100","부산광역시","사하구","부산광역시 사하구","2025-06"
"21","110","21110","부산광역시","금정구","부산광역시 금정구","2025-06"
"21","120","21120","부산광역시","강서구","부산광역시 강서구","2025-06"
"21","130","21130","부산광역시","연제구","부산광역시 연제구","2025-06"
"21","140","21140","부산광역시","수영구","부산광역시 수영구","2025-06"
"21","150","21150","부산광역시","사상구","부산광역시 사상구","2025-06"
"21","510","21510","부산광역시","기장군","부산광역시 기장군","2025-06"
"22","010","22010","대구광역시","중구","대구광역시 중구","2025-06"
"22","020","22020","대구광역시","동구","대구광역시 동구","2025-06"
"22","030","22030","대구광역시","서구","대구광역시 서구","2025-06"
"22","040","22040","대구광역시","남구","대구광역시 남구","2025-06"
"22","050","22050","대구광역시","북구","대구광역시 북구","2025-06"
"22","060","22060","대구광역시","수성구","대구광역시 수성구","2025-06"
"22","070","22070","대구광역시","달서구","대구광역시 달서구","2025-06"
"22","510","22510","대구광역시","달성군","대구광역시 달성군","2025-06"
"22","520","22520","대구광역시","군위군","대구광역시 군위군","2025-06"
"23","010","23010","인천광역시","중구","인천광역시 중구","2025-06"
"23","020","23020","인천광역시","동구","인천광역시 동구","2025-06"
"23","040","23040","인천광역시","연수구","인천광역시 연수구","2025-06"
"23","050","23050","인천광역시","남동구","인천광역시 남동구","2025-06"
"23","060","23060","인천광역시","부평구","인천광역시 부평구","2025-06"
"23","070","23070","인천광역시","계양구","인천광역시 계양구","2025-06"
"23","080","23080","인천광역시","서구","인천광역시 서구","2025-06"
"23","090","23090","인천광역시","미추홀구","인천광역시 미추홀구","2025-06"
"23","510","23510","인천광역시","강화군","인천광역시 강화군","2025-06"
"23","520","23520","인천광역시","옹진군","인천광역시 옹진군","2025-06"
"24","010","24010","광주광역시","동구","광주광역시 동구","2025-06"
"24","020","24020","광주광역시","서구","광주광역시 서구","2025-06"
"24","030","24030","광주광역시","남구","광주광역시 남구","2025-06"
"24","040","24040","광주광역시","북구","광주광역시 북구","2025-06"
"24","050","24050","광주광역시","광산구","광주광역시 광산구","2025-06"
"25","010","25010","대전광역시","동구","대전광역시 동구","2025-06"
"25","020","25020","대전광역시","중구","대전광역시 중구","2025-06"
"25","030","25030","대전광역시","서구","대전광역시 서구","2025-06"
"25","040","25040","대전광역시","유성구","대전광역시 유성구","2025-06"
"25","050","25050","대전광역시","대덕구","대전광역시 대덕구","2025-06"
"26","010","26010","울산광역시","중구","울산광역시 중구","2025-06"
"26","020","26020","울산광역시","남구","울산광역시 남구","2025-06"
"26","030","26030","울산광역시","동구","울산광역시 동구","2025-06"
"26","040","26040","울산광역시","북구","울산광역시 북구","2025-06"
"26","510","26510","울산광역시","울주군","울산광역시 울주군","2025-06"
"29","010","29010","세종특별자치시","세종시","세종특별자치시 세종시","2025-06"
"31","011","31011","경기도","수원시 장안구","경기도 수원시 장안구","2025-06"
"31","012","31012","경기도","수원시 권선구","경기도 수원시 권선구","2025-06"
"31","013","31013","경기도","수원시 팔달구","경기도 수원시 팔달구","2025-06"
"31","014","31014","경기도","수원시 영통구","경기도 수원시 영통구","2025-06"
"31","021","31021","경기도","성남시 수정구","경기도 성남시 수정구","2025-06"
"31","022","31022","경기도","성남시 중원구","경기도 성남시 중원구","2025-06"
"31","023","31023","경기도","성남시 분당구","경기도 성남시 분당구","2025-06"
"31","030","31030","경기도","의정부시","경기도 의정부시","2025-06"
"31","041","31041","경기도","안양시 만안구","경기도 안양시 만안구","2025-06"
"31","042","31042","경기도","안양시 동안구","경기도 안양시 동안구","2025-06"
"31","051","31051","경기도","부천시 원미구","경기도 부천시 원미구","2025-06"
"31","052","31052","경기도","부천시 소사구","경기도 부천시 소사구","2025-06"
"31","053","31053","경기도","부천시 오정구","경기도 부천시 오정구","2025-06"
"31","060","31060","경기도","광명시","경기도 광명시","2025-06"
"31","070","31070","경기도","평택시","경기도 평택시","2025-06"
"31","080","31080","경기도","동두천시","경기도 동두천시","2025-06"
"31","091","31091","경기도","안산시 상록구","경기도 안산시 상록구","2025-06"
"31","092","31092","경기도","안산시 단원구","경기도 안산시 단원구","2025-06"
"31","101","31101","경기도","고양시 덕양구","경기도 고양시 덕양구","2025-06"
"31","103","31103","경기도","고양시 일산동구","경기도 고양시 일산동구","2025-06"
"31","104","31104","경기도","고양시 일산서구","경기도 고양시 일산서구","2025-06"
"31","110","31110","경기도","과천시","경기도 과천시","2025-06"
"31","120","31120","경기도","구리시","경기도 구리시","2025-06"
"31","130","31130","경기도","남양주시","경기도 남양주시","2025-06"
"31","140","31140","경기도","오산시","경기도 오산시","2025-06"
"31","150","31150","경기도","시흥시","경기도 시흥시","2025-06"
"31","160","31160","경기도","군포시","경기도 군포시","2025-06"
"31","170","31170","경기도","의왕시","경기도 의왕시","2025-06"
"31","180","31180","경기도","하남시","경기도 하남시","2025-06"
"31","191","31191","경기도","용인시 처인구","경기도 용인시 처인구","2025-06"
"31","192","31192","경기도","용인시 기흥구","경기도 용인시 기흥구","2025-06"
"31","193","31193","경기도","용인시 수지구","경기도 용인시 수지구","2025-06"
"31","200","31200","경기도","파주시","경기도 파주시","2025-06"
"31","210","31210","경기도","이천시","경기도 이천시","2025-06"
"31","220","31220","경기도","안성시","경기도 안성시","2025-06"
"31","230","31230","경기도","김포시","경기도 김포시","2025-06"
"31","240","31240","경기도","화성시","경기도 화성시","2025-06"
"31","250","31250","경기도","광주시","경기도 광주시","2025-06"
"31","260","31260","경기도","양주시","경기도 양주시","2025-06"
"31","270","31270","경기도","포천시","경기도 포천시","2025-06"
"31","280","31280","경기도","여주시","경기도 여주시","2025-06"
"31","550","31550","경기도","연천군","경기도 연천군","2025-06"
"31","570","31570","경기도","가평군","경기도 가평군","2025-06"
"31","580","31580","경기도","양평군","경기도 양평군","2025-06"
"32","010","32010","강원특별자치도","춘천시","강원특별자치도 춘천시","2025-06"
"32","020","32020","강원특별자치도","원주시","강원특별자치도 원주시","2025-06"
"32","030","32030","강원특별자치도","강릉시","강원특별자치도 강릉시","2025-06"
"32","040","32040","강원특별자치도","동해시","강원특별자치도 동해시","2025-06"
"32","050","32050","강원특별자치도","태백시","강원특별자치도 태백시","2025-06"
"32","060","32060","강원특별자치도","속초시","강원특별자치도 속초시","2025-06"
"32","070","32070","강원특별자치도","삼척시","강원특별자치도 삼척시","2025-06"
"32","510","32510","강원특별자치도","홍천군","강원특별자치도 홍천군","2025-06"
"32","520","32520","강원특별자치도","횡성군","강원특별자치도 횡성군","2025-06"
"32","530","32530","강원특별자치도","영월군","강원특별자치도 영월군","2025-06"
"32","540","32540","강원특별자치도","평창군","강원특별자치도 평창군","2025-06"
"32","550","32550","강원특별자치도","정선군","강원특별자치도 정선군","2025-06"
"32","560","32560","강원특별자치도","철원군","강원특별자치도 철원군","2025-06"
"32","570","32570","강원특별자치도","화천군","강원특별자치도 화천군","2025-06"
"32","580","32580","강원특별자치도","양구군","강원특별자치도 양구군","2025-06"
"32","590","32590","강원특별자치도","인제군","강원특별자치도 인제군","2025-06"
"32","600","32600","강원특별자치도","고성군","강원특별자치도 고성군","2025-06"
"32","610","32610","강원특별자치도","양양군","강원특별자치도 양양군","2025-06"
"33","020","33020","충청북도","충주시","충청북도 충주시","2025-06"
"33","030","33030","충청북도","제천시","충청북도 제천시","2025-06"
"33","041","33041","충청북도","청주시 상당구","충청북도 청주시 상당구","2025-06"
"33","042","33042","충청북도","청주시 서원구","충청북도 청주시 서원구","2025-06"
"33","043","33043","충청북도","청주시 흥덕구","충청북도 청주시 흥덕구","2025-06"
"33","044","33044","충청북도","청주시 청원구","충청북도 청주시 청원구","2025-06"
"33","520","33520","충청북도","보은군","충청북도 보은군","2025-06"
"33","530","33530","충청북도","옥천군","충청북도 옥천군","2025-06"
"33","540","33540","충청북도","영동군","충청북도 영동군","2025-06"
"33","550","33550","충청북도","진천군","충청북도 진천군","2025-06"
"33","560","33560","충청북도","괴산군","충청북도 괴산군","2025-06"
"33","570","33570","충청북도","음성군","충청북도 음성군","2025-06"
"33","580","33580","충청북도","단양군","충청북도 단양군","2025-06"
"33","590","33590","충청북도","증평군","충청북도 증평군","2025-06"
"34","011","34011","충청남도","천안시 동남구","충청남도 천안시 동남구","2025-06"
"34","012","34012","충청남도","천안시 서북구","충청남도 천안시 서북구","2025-06"
"34","020","34020","충청남도","공주시","충청남도 공주시","2025-06"
"34","030","34030","충청남도","보령시","충청남도 보령시","2025-06"
"34","040","34040","충청남도","아산시","충청남도 아산시","2025-06"
"34","050","34050","충청남도","서산시","충청남도 서산시","2025-06"
"34","060","34060","충청남도","논산시","충청남도 논산시","2025-06"
"34","070","34070","충청남도","계룡시","충청남도 계룡시","2025-06"
"34","080","34080","충청남도","당진시","충청남도 당진시","2025-06"
"34","510","34510","충청남도","금산군","충청남도 금산군","2025-06"
"34","530","34530","충청남도","부여군","충청남도 부여군","2025-06"
"34","540","34540","충청남도","서천군","충청남도 서천군","2025-06"
"34","550","34550","충청남도","청양군","충청남도 청양군","2025-06"
"34","560","34560","충청남도","홍성군","충청남도 홍성군","2025-06"
"34","570","34570","충청남도","예산군","충청남도 예산군","2025-06"
"34","580","34580","충청남도","태안군","충청남도 태안군","2025-06"
"35","011","35011","전북특별자치도","전주시 완산구","전북특별자치도 전주시 완산구","2025-06"
"35","012","35012","전북특별자치도","전주시 덕진구","전북특별자치도 전주시 덕진구","2025-06"
"35","020","35020","전북특별자치도","군산시","전북특별자치도 군산시","2025-06"
"35","030","35030","전북특별자치도","익산시","전북특별자치도 익산시","2025-06"
"35","040","35040","전북특별자치도","정읍시","전북특별자치도 정읍시","2025-06"
"35","050","35050","전북특별자치도","남원시","전북특별자치도 남원시","2025-06"
"35","060","35060","전북특별자치도","김제시","전북특별자치도 김제시","2025-06"
"35","510","35510","전북특별자치도","완주군","전북특별자치도 완주군","2025-06"
"35","520","35520","전북특별자치도","진안군","전북특별자치도 진안군","2025-06"
"35","530","35530","전북특별자치도","무주군","전북특별자치도 무주군","2025-06"
"35","540","35540","전북특별자치도","장수군","전북특별자치도 장수군","2025-06"
"35","550","35550","전북특별자치도","임실군","전북특별자치도 임실군","2025-06"
"35","560","35560","전북특별자치도","순창군","전북특별자치도 순창군","2025-06"
"35","570","35570","전북특별자치도","고창군","전북특별자치도 고창군","2025-06"
"35","580","35580","전북특별자치도","부안군","전북특별자치도 부안군","2025-06"
"36","010","36010","전라남도","목포시","전라남도 목포시","2025-06"
"36","020","36020","전라남도","여수시","전라남도 여수시","2025-06"
"36","030","36030","전라남도","순천시","전라남도 순천시","2025-06"
"36","040","36040","전라남도","나주시","전라남도 나주시","2025-06"
"36","060","36060","전라남도","광양시","전라남도 광양시","2025-06"
"36","510","36510","전라남도","담양군","전라남도 담양군","2025-06"
"36","520","36520","전라남도","곡성군","전라남도 곡성군","2025-06"
"36","530","36530","전라남도","구례군","전라남도 구례군","2025-06"
"36","550","36550","전라남도","고흥군","전라남도 고흥군","2025-06"
"36","560","36560","전라남도","보성군","전라남도 보성군","2025-06"
"36","570","36570","전라남도","화순군","전라남도 화순군","2025-06"
"36","580","36580","전라남도","장흥군","전라남도 장흥군","2025-06"
"36","590","36590","전라남도","강진군","전라남도 강진군","2025-06"
"36","600","36600","전라남도","해남군","전라남도 해남군","2025-06"
"36","610","36610","전라남도","영암군","전라남도 영암군","2025-06"
"36","620","36620","전라남도","무안군","전라남도 무안군","2025-06"
"36","630","36630","전라남도","함평군","전라남도 함평군","2025-06"
"36","640","36640","전라남도","영광군","전라남도 영광군","2025-06"
"36","650","36650","전라남도","장성군","전라남도 장성군","2025-06"
"36","660","36660","전라남도","완도군","전라남도 완도군","2025-06"
"36","670","36670","전라남도","진도군","전라남도 진도군","2025-06"
"36","680","36680","전라남도","신안군","전라남도 신안군","2025-06"
"37","011","37011","경상북도","포항시 남구","경상북도 포항시 남구","2025-06"
"37","012","37012","경상북도","포항시 북구","경상북도 포항시 북구","2025-06"
"37","020","37020","경상북도","경주시","경상북도 경주시","2025-06"
"37","030","37030","경상북도","김천시","경상북도 김천시","2025-06"
"37","040","37040","경상북도","안동시","경상북도 안동시","2025-06"
"37","050","37050","경상북도","구미시","경상북도 구미시","2025-06"
"37","060","37060","경상북도","영주시","경상북도 영주시","2025-06"
"37","070","37070","경상북도","영천시","경상북도 영천시","2025-06"
"37","080","37080","경상북도","상주시","경상북도 상주시","2025-06"
"37","090","37090","경상북도","문경시","경상북도 문경시","2025-06"
"37","100","37100","경상북도","경산시","경상북도 경산시","2025-06"
"37","520","37520","경상북도","의성군","경상북도 의성군","2025-06"
"37","530","37530","경상북도","청송군","경상북도 청송군","2025-06"
"37","540","37540","경상북도","영양군","경상북도 영양군","2025-06"
"37","550","37550","경상북도","영덕군","경상북도 영덕군","2025-06"
"37","560","37560","경상북도","청도군","경상북도 청도군","2025-06"
"37","570","37570","경상북도","고령군","경상북도 고령군","2025-06"
"37","580","37580","경상북도","성주군","경상북도 성주군","2025-06"
"37","590","37590","경상북도","칠곡군","경상북도 칠곡군","2025-06"
"37","600","37600","경상북도","예천군","경상북도 예천군","2025-06"
"37","610","37610","경상북도","봉화군","경상북도 봉화군","2025-06"
"37","620","37620","경상북도","울진군","경상북도 울진군","2025-06"
"37","630","37630","경상북도","울릉군","경상북도 울릉군","2025-06"
"38","030","38030","경상남도","진주시","경상남도 진주시","2025-06"
"38","050","38050","경상남도","통영시","경상남도 통영시","2025-06"
"38","060","38060","경상남도","사천시","경상남도 사천시","2025-06"
"38","070","38070","경상남도","김해시","경상남도 김해시","2025-06"
"38","080","38080","경상남도","밀양시","경상남도 밀양시","2025-06"
"38","090","38090","경상남도","거제시","경상남도 거제시","2025-06"
"38","100","38100","경상남도","양산시","경상남도 양산시","2025-06"
"38","111","38111","경상남도","창원시 의창구","경상남도 창원시 의창구","2025-06"
"38","112","38112","경상남도","창원시 성산구","경상남도 창원시 성산구","2025-06"
"38","113","38113","경상남도","창원시 마산합포구","경상남도 창원시 마산합포구","2025-06"
"38","114","38114","경상남도","창원시 마산회원구","경상남도 창원시 마산회원구","2025-06"
"38","115","38115","경상남도","창원시 진해구","경상남도 창원시 진해구","2025-06"
"38","510","38510","경상남도","의령군","경상남도 의령군","2025-06"
"38","520","38520","경상남도","함안군","경상남도 함안군","2025-06"
"38","530","38530","경상남도","창녕군","경상남도 창녕군","2025-06"
"38","540","38540","경상남도","고성군","경상남도 고성군","2025-06"
"38","550","38550","경상남도","남해군","경상남도 남해군","2025-06"
"38","560","38560","경상남도","하동군","경상남도 하동군","2025-06"
"38","570","38570","경상남도","산청군","경상남도 산청군","2025-06"
"38","580","38580","경상남도","함양군","경상남도 함양군","2025-06"
"38","590","38590","경상남도","거창군","경상남도 거창군","2025-06"
"38","600","38600","경상남도","합천군","경상남도 합천군","2025-06"
"39","010","39010","제주특별자치도","제주시","제주특별자치도 제주시","2025-06"
"39","020","39020","제주특별자치도","서귀포시","제주특별자치도 서귀포시","2025-06"
