연도,성별,연령,인정등급,이용자 실인원수(전체),이용자 실인원수(재가 및 복지용구),이용자 실인원수(재가),이용자 실인원수(시설),이용자수(방문요양),이용자수(방문목욕),이용자수(방문간호),이용자수(주야간보호),이용자수(치매전담형주야간보호),이용자수(단기보호),이용자수(복지용구),이용자수(가족요양비),이용자수(노인요양시설),이용자수(시설내치매전담실가형),이용자수(시설내치매전담실나형),이용자수(노인요양공동생활가정),이용자수(치매전담형공동생활가정)
2025,남자,65세미만,1등급,1147,763,505,415,482,111,91,22,0,*,634,*,393,0 ,0 ,29 ,0 
2025,남자,65세미만,2등급,1277,764,563,585,523,103,37,61,*,7,642,0,557,*,0 ,38 ,*
2025,남자,65세미만,3등급,4181,3166,2669,1176,2348,365,78,433,9,12,2337,*,1114,22 ,*,62 ,0 
2025,남자,65세미만,4등급,5416,4592,4269,976,3896,433,89,488,15,8,3007,*,919,17 ,*,57 ,*
2025,남자,65세미만,5등급,1251,1152,1124,105,869,54,7,283,9,*,547,0,100,*,*,*,*
2025,남자,65세미만,인지지원등급,121,120,82,*,*,0,0,78,*,0,65,0,*,0 ,0 ,0 ,0 
2025,남자,65-69세,1등급,1579,1254,910,386,878,186,123,30,*,*,986,0,366,0 ,0 ,25 ,*
2025,남자,65-69세,2등급,2116,1532,1247,682,1167,231,97,116,*,6,1221,0,658,*,0 ,29 ,0 
2025,남자,65-69세,3등급,7651,6355,5634,1564,5092,682,170,734,28,24,4464,7,1499,19 ,*,65 ,0 
2025,남자,65-69세,4등급,12641,11471,10850,1455,9995,1009,199,1088,32,14,7043,6,1352,22 ,6 ,108 ,*
2025,남자,65-69세,5등급,2831,2692,2599,159,2111,159,37,564,18,*,1325,0,156,*,0 ,*,0 
2025,남자,65-69세,인지지원등급,275,275,183,0,18,0,*,160,6,0,136,0,0,0 ,0 ,0 ,0 
2025,남자,70-74세,1등급,1700,1287,914,475,878,212,182,42,0,*,1108,*,447,*,0 ,34 ,0 
2025,남자,70-74세,2등급,2812,2011,1641,937,1524,330,140,173,*,13,1666,*,882,*,*,65 ,0 
2025,남자,70-74세,3등급,10991,9425,8535,1990,7620,1159,256,1245,33,32,6692,14,1865,28 ,*,127 ,*
2025,남자,70-74세,4등급,19675,18166,17343,1990,15656,1677,338,2020,60,24,10893,19,1875,46 ,*,101 ,*
2025,남자,70-74세,5등급,4361,4207,4059,189,3134,267,41,1039,41,*,1975,6,178,*,0 ,10 ,*
2025,남자,70-74세,인지지원등급,316,315,235,*,19,*,0,215,*,0,144,0,*,0 ,0 ,0 ,0 
2025,남자,75-79세,1등급,1939,1451,1001,580,924,262,201,57,*,*,1304,*,552,0 ,*,34 ,0 
2025,남자,75-79세,2등급,3596,2694,2162,1126,1940,509,185,259,10,10,2281,*,1083,*,0 ,51 ,*
2025,남자,75-79세,3등급,14551,12530,11287,2681,9585,1687,356,2052,62,46,8973,15,2542,44 ,10 ,125 ,*
2025,남자,75-79세,4등급,25965,24007,22734,2818,19340,2584,424,3873,59,39,14252,40,2674,40 ,*,146 ,*
2025,남자,75-79세,5등급,6518,6316,6104,242,4085,440,64,2158,69,10,2734,8,225,*,*,17 ,0 
2025,남자,75-79세,인지지원등급,480,480,361,0,12,*,0,343,8,0,183,0,0,0 ,0 ,0 ,0 
2025,남자,80-84세,1등급,1852,1300,919,674,837,241,167,95,0,7,1175,0,643,*,0 ,40 ,0 
2025,남자,80-84세,2등급,4467,3266,2679,1538,2350,717,267,388,*,16,2807,*,1464,10 ,*,80 ,*
2025,남자,80-84세,3등급,17863,14833,13287,4134,10444,2493,395,3168,67,48,10598,29,3929,74 ,11 ,181 ,*
2025,남자,80-84세,4등급,32656,29839,28022,4367,21745,4070,537,6791,130,64,17860,57,4143,90 ,10 ,196 ,7 
2025,남자,80-84세,5등급,9339,9089,8668,302,5081,846,91,3689,107,10,3927,15,288,9 ,*,9 ,0 
2025,남자,80-84세,인지지원등급,762,762,591,0,20,0,0,550,26,0,272,0,0,0 ,0 ,0 ,0 
2025,남자,85세이상,1등급,2601,1884,1455,882,1342,347,253,119,0,*,1700,*,843,*,0 ,50 ,0 
2025,남자,85세이상,2등급,7280,5130,4360,2735,3937,1137,350,486,11,13,4339,*,2602,14 ,*,136 ,*
2025,남자,85세이상,3등급,28386,23229,21244,7320,17098,4644,617,4806,84,65,16661,27,6993,103 ,20 ,308 ,7 
2025,남자,85세이상,4등급,53909,48591,45932,8490,35454,8284,787,11485,226,85,28999,74,8099,166 ,28 ,318 ,10 
2025,남자,85세이상,5등급,12588,12215,11624,450,7039,1471,133,4746,136,15,5392,17,432,11 ,*,10 ,0 
2025,남자,85세이상,인지지원등급,757,757,552,*,13,*,*,528,16,*,304,0,*,0 ,0 ,0 ,0 
2025,여자,65세미만,1등급,1174,753,552,460,519,95,98,34,*,*,638,0,427,0 ,0 ,37 ,0 
2025,여자,65세미만,2등급,1121,721,607,455,563,106,33,70,*,*,596,0,418,*,*,40 ,*
2025,여자,65세미만,3등급,2972,2398,2123,714,1821,169,75,408,17,7,1681,*,641,24 ,*,54 ,*
2025,여자,65세미만,4등급,3162,2795,2626,470,2245,206,83,463,16,*,1733,*,425,14 ,*,46 ,0 
2025,여자,65세미만,5등급,903,863,848,49,585,46,8,296,20,*,352,0,46,*,0 ,*,0 
2025,여자,65세미만,인지지원등급,101,101,73,0,*,*,0,68,*,0,44,0,0,0 ,0 ,0 ,0 
2025,여자,65-69세,1등급,1656,1144,868,574,835,141,141,48,*,*,932,*,536,*,0 ,47 ,0 
2025,여자,65-69세,2등급,1894,1388,1191,592,1123,173,80,118,*,*,1110,0,539,6 ,*,55 ,*
2025,여자,65-69세,3등급,6117,5206,4697,1135,4199,488,144,684,25,6,3768,0,1046,38 ,6 ,66 ,*
2025,여자,65-69세,4등급,9832,9152,8639,920,7707,735,184,1097,33,8,6042,7,848,25 ,*,62 ,8 
2025,여자,65-69세,5등급,2471,2392,2315,101,1632,163,40,740,34,*,1166,*,98,*,0 ,*,0 
2025,여자,65-69세,인지지원등급,288,288,207,0,10,0,0,192,7,0,118,0,0,0 ,0 ,0 ,0 
2025,여자,70-74세,1등급,2201,1415,973,889,924,190,186,68,0,*,1265,*,822,*,0 ,73 ,0 
2025,여자,70-74세,2등급,3245,2258,1912,1152,1781,350,173,194,9,*,1915,*,1102,8 ,0 ,61 ,*
2025,여자,70-74세,3등급,11048,9324,8424,2133,7383,991,254,1362,39,18,6992,10,1990,50 ,*,133 ,*
2025,여자,70-74세,4등급,20965,19708,18621,1831,16287,1786,368,2772,78,24,13030,20,1689,52 ,8 ,121 ,*
2025,여자,70-74세,5등급,5042,4919,4736,166,2984,340,50,1889,72,*,2232,*,149,7 ,0 ,10 ,*
2025,여자,70-74세,인지지원등급,565,565,446,0,12,0,0,424,14,0,192,0,0,0 ,0 ,0 ,0 
2025,여자,75-79세,1등급,3548,2034,1428,1674,1317,274,264,127,0,7,1864,0,1574,9 ,0 ,120 ,0 
2025,여자,75-79세,2등급,6090,3949,3283,2509,2993,616,245,446,12,16,3409,*,2357,24 ,*,152 ,*
2025,여자,75-79세,3등급,21214,17435,15900,4937,13478,2109,486,3263,80,46,13173,16,4605,123 ,9 ,296 ,9 
2025,여자,75-79세,4등급,43475,40461,38357,4643,31932,4343,705,7670,158,57,26499,40,4290,127 ,22 ,287 ,13 
2025,여자,75-79세,5등급,12244,11907,11426,427,6637,878,142,5075,141,12,5556,12,400,15 ,*,21 ,0 
2025,여자,75-79세,인지지원등급,1318,1318,1029,0,28,*,0,976,32,0,471,0,0,0 ,0 ,0 ,0 
2025,여자,80-84세,1등급,6304,3218,2274,3415,2119,459,448,220,7,8,2952,*,3183,10 ,*,267 ,*
2025,여자,80-84세,2등급,12587,7345,6088,6146,5621,1208,437,808,23,37,6384,*,5720,48 ,7 ,452 ,7 
2025,여자,80-84세,3등급,44477,34748,31989,12579,26541,4832,750,7523,179,114,26171,31,11781,277 ,33 ,719 ,23 
2025,여자,80-84세,4등급,91054,83660,79641,11787,63273,11144,1346,19611,413,144,54273,114,10951,377 ,31 ,647 ,40 
2025,여자,80-84세,5등급,25123,24548,23536,751,13301,2309,207,10852,313,23,11813,21,697,31 ,*,39 ,*
2025,여자,80-84세,인지지원등급,2135,2135,1685,0,33,*,*,1615,40,0,750,0,0,0 ,0 ,0 ,0 
2025,여자,85세이상,1등급,17095,8177,6449,9750,6133,1344,1034,427,14,46,7451,*,9020,21 ,0 ,817 ,*
2025,여자,85세이상,2등급,40063,20825,18084,21987,16743,3767,1227,2129,38,146,18025,19,20409,143 ,21 ,"1,704 ",23 
2025,여자,85세이상,3등급,122321,86170,80227,45039,65786,13959,1880,19577,433,391,63897,88,41919,958 ,108 ,"2,767 ",104 
2025,여자,85세이상,4등급,193856,169382,162210,36768,124378,28591,2447,44933,902,379,107187,213,34061,907 ,116 ,"2,309 ",135 
2025,여자,85세이상,5등급,35139,34085,32766,1312,18301,4109,320,15128,401,41,16328,54,1223,34 ,*,76 ,*
2025,여자,85세이상,인지지원등급,1810,1810,1417,*,22,6,*,1344,53,*,645,0,*,0 ,0 ,0 ,0 
,,,,,,,,,,,,,,,,,,,,
,,,,,,,,,,,,,,,,,,,,
,,,,,,,,,,,,,,,,,,,,
,,,,,,,,,,,,,,,,,,,,
,,,,,,,,,,,,,,,,,,,,
,,,,,,,,,,,,,,,,,,,,
