longTermAdminSym_request,adminPttnCd_request,siDoCd_request,siGunGuCd_request,adminNm_request,resultCode,resultMsg,adminNm,adminPttnCd,longTermAdminSym,longTermPeribRgtDt,siDoCd,siGunGuCd,stpRptDt
,,,,,,,청운노인요양원,A03,11111000006,20080625,11,110,20080625
,,,,,,,아름다운실버홈,A04,11111000088,20151208,11,110,20130408
,,,,,,,서울시 종로구 재가노인복지기관,B01,21111000001,20080618,11,110,19920501
,,,,,,,효성재가요양복지센터,B02,21111000123,20210201,11,110,20210201
,,,,,,,종로데이케어센터,B03,21111000008,20080630,11,110,20080627
,,,,,,,서울숲 단기보호센터,B04,21120000122,20150508,11,200,20150508
,,,,,,,종로재가복지센터,B05,21111000126,20210601,11,110,20210531
,,,,,,,종로재가복지센터,B06,21111000126,20210601,11,110,20210531
,,,,,,,효사랑플러스홈케어,C01,31111000035,20090401,11,110,20090401
,,,,,,,웃음드림방문요양센터,C02,31111000048,20091211,11,110,20091211
,,,,,,,시온사랑 데이케어센터,C03,31117000153,20191001,11,170,20191001
,,,,,,,실버밸리노인단기보호센터,C04,31121500164,20130301,11,215,20130301
,,,,,,,우영요양센터,C05,31114000018,20081209,11,140,20081205
,,,,,,,(주)이원건강의료기,C06,31111000012,20080710,11,110,20080704
,,,,,,,시립동부노인전문요양센터,G31,11120000010,20080619,11,200,20080619
,,,,,,,시립동부노인전문요양센터,G32,11120000010,20080619,11,200,20080619
,,,,,,,시립동부노인전문요양센터,G33,11120000010,20080619,11,200,20080619
,,,,,,,시립동부노인전문요양센터,G34,11120000010,20080619,11,200,20080619
,,,,,,,시립동부노인전문요양센터,G35,11120000010,20080619,11,200,20080619
,,,,,,,시립동부노인전문요양센터,G36,11120000010,20080619,11,200,20080619
,,,,,,,시립동부노인전문요양센터,G37,11120000010,20080619,11,200,20080619
,,,,,,,시립동부노인전문요양센터,G38,11120000010,20080619,11,200,20080619
,,,,,,,보현데이케어센터,H31,21111000066,20110602,11,110,20110602
,,,,,,,구립가재울데이케어센터,H32,21141000342,20260401,11,410,20260401
,,,,,,,노블케어스,M31,11138000217,20131108,11,380,20131108
,,,,,,,사랑나눔요양원2,S41,11130500229,20150501,11,305,20150501
,,,,,,,인자인케어센터,A03,11111000056,20100701,11,110,20100701
,,,,,,,한마음너싱홈,A04,11120000056,20091102,11,200,20091028
,,,,,,,효성재가요양복지센터,B01,21111000123,20210201,11,110,20210201
,,,,,,,종로재가복지센터,B02,21111000126,20210601,11,110,20210531
,,,,,,,청운실버데이케어센터,B03,21111000034,20090227,11,110,20090227
,,,,,,,더행복데이케어센터,B04,21121500214,20160930,11,215,20160930
,,,,,,,종로이화재가복지센터,B05,21111000130,20220307,11,110,20220303
,,,,,,,강원전자주식회사 복지용구센터 더돌봄,B06,21117000172,20231116,11,170,20231027
,,,,,,,웃음드림방문요양센터,C01,31111000048,20091211,11,110,20091211
,,,,,,,효자요양센터,C02,31111000086,20150626,11,110,20150626
,,,,,,,다솜데이케어센터,C03,31123000235,20160718,11,230,20160718
,,,,,,,성동실버케어요양원,C04,31121500197,20151001,11,215,20151001
,,,,,,,새봄간호요양센타,C05,31117000098,20150310,11,170,20150304
,,,,,,,(주)통일의료기,C06,31111000015,20080902,11,110,20080902
,,,,,,,시립동대문실버케어센터,G31,11123000381,20220517,11,230,20220517
,,,,,,,시립동대문실버케어센터,G32,11123000381,20220517,11,230,20220517
,,,,,,,시립동대문실버케어센터,G33,11123000381,20220517,11,230,20220517
,,,,,,,신당데이케어센터,H31,21114000036,20100820,11,140,20100820
,,,,,,,굿모닝동작데이케어센터,H32,21159000283,20220701,11,590,20220701
,,,,,,,중앙실버노인요양공동생활가정,S41,11141000170,20140103,11,410,20140103
,,,,,,,평창동시니어센터,A03,11111000060,20101125,11,110,20101125
,,,,,,,서울숲 요양원,A04,11120000110,20140411,11,200,20140411
,,,,,,,종로재가복지센터,B01,21111000126,20210601,11,110,20210531
,,,,,,,종로이화재가복지센터,B02,21111000130,20220307,11,110,20220303
,,,,,,,보현데이케어센터,B03,21111000066,20110602,11,110,20110602
,,,,,,,광진늘푸른단기보호센타,B04,21121500283,20201020,11,215,20200924
,,,,,,,행복이음재가복지센터,B05,21111000145,20241030,11,110,20241030
,,,,,,,엠에이디실버,B06,21117000182,20250307,11,170,20250307
,,,,,,,돌보미실버센터,C01,31111000050,20091229,11,110,20091228
,,,,,,,정드림방문요양센터,C02,31111000108,20180625,11,110,20180625
,,,,,,,강북광산데이케어센터,C03,31130500283,20170925,11,305,20170925
,,,,,,,동그라미 인지/재활 데이케어센터,C04,31132000220,20130301,11,320,20130301
,,,,,,,고운손방문요양센터주식회사,C05,31117000121,20170310,11,170,20170310
,,,,,,,제일복지용구,C06,31111000042,20090821,11,110,20090817
,,,,,,,서울시립중랑노인전문요양원,G31,11126000271,20150301,11,260,20150301
,,,,,,,서울시립중랑노인전문요양원,G32,11126000271,20150301,11,260,20150301
,,,,,,,붓다마을,G33,11138000065,20090703,11,380,20090703
,,,,,,,구립성수1가2동서울숲데이케어센터,H31,21120000068,20091216,11,200,20091216
,,,,,,,구립대치노인요양센터,S41,11168000127,20110830,11,680,20110830
,,,,,,,아름다운뜰안에 요양원,A03,11111000068,20110816,11,110,20110816
,,,,,,,서울숲재활요양원,A04,11120000126,20151001,11,200,20151001
,,,,,,,주민재가방문요양센터,B01,21111000127,20211122,11,110,20211119
,,,,,,,참터재가복지센터,B02,21111000132,20230315,11,110,20230315
,,,,,,,혜화동성당데이케어센터,B03,21111000085,20150501,11,110,20150501
,,,,,,,맑은샘단기보호센터,B04,21123000348,20210201,11,230,20210201
,,,,,,,나무방문간호센터,B05,21114000095,20240703,11,140,20240612
,,,,,,,빠른케어 성동사업소,B06,21120000189,20220926,11,200,20220829
,,,,,,,행복한재가노인복지센터,C01,31111000063,20110407,11,110,20110407
,,,,,,,행복한동행재가노인복지센터,C02,31111000117,20191023,11,110,20191023
,,,,,,,도봉늘푸른치매인지재활데이케어센터,C03,31132000114,20100113,11,320,20100101
,,,,,,,도봉효드림요양원,C04,31132000294,20140401,11,320,20140401
,,,,,,,참사랑복지센터,C05,31117000148,20190311,11,170,20190311
,,,,,,,명신,C06,31114000063,20190128,11,140,20190128
,,,,,,,e포근한요양원,G31,11129000365,20231030,11,290,20231020
,,,,,,,붓다마을,G32,11138000065,20090703,11,380,20090703
,,,,,,,시립서부노인전문요양센터,G33,11144000012,20080604,11,440,20080604
,,,,,,,사회복지법인 운가자비원 운가데이케어센터,H31,21130500237,20150921,11,305,20150921
,,,,,,,서울여자간호대학교 휴먼캐슬,A03,11111000076,20130530,11,110,20130530
,,,,,,,금호무지개요양원,A04,11120000190,20221230,11,200,20221223
,,,,,,,종로이화재가복지센터,B01,21111000130,20220307,11,110,20220303
,,,,,,,우리재가복지센터,B02,21111000139,20231205,11,110,20231205
,,,,,,,수석데이케어센터,B03,21111000136,20230531,11,110,20230531
,,,,,,,"소망재가복지 (단기보호, 방문요양)",B04,21123000372,20220324,11,230,20220324
,,,,,,,아가페방문간호센터,B05,21117000191,20260106,11,170,20260106
,,,,,,,우리의료기,B06,21120000194,20231024,11,200,20230927
,,,,,,,운화실버복지센터,C01,31111000074,20130122,11,110,20130122
,,,,,,,세종노인요양복지센터,C02,31111000118,20191031,11,110,20191031
,,,,,,,행복드림데이케어센터,C03,31132000157,20100524,11,320,20100524
,,,,,,,도봉요양원,C04,31132000320,20141204,11,320,20141204
,,,,,,,(A+)성동구방문요양간호센터,C05,31120000015,20080630,11,200,20080630
,,,,,,,천사랑 노인복지센터,C06,31117000029,20090305,11,170,20090304
,,,,,,,강북실버종합복지센터,G31,11130500172,20130516,11,305,20130515
,,,,,,,시립서부노인전문요양센터,G32,11144000012,20080604,11,440,20080604
,,,,,,,시립강동실버케어센터,G33,11174000422,20230821,11,740,20230821
,,,,,,,아가페실버센터,A03,12911000006,20080527,12,210,20070601
,,,,,,,효드림노인복지센터,A04,12911000096,20140529,12,210,20140529
,,,,,,,아가페실버센터,B01,22911000007,20080527,12,210,20070601
,,,,,,,C.C.C.동구노인복지센터,B02,22911000009,20080619,12,210,20030301
,,,,,,,C.C.C.동구노인복지센터,B03,22911000009,20080619,12,210,20030301
,,,,,,,강진노인복지센터,B04,24681000003,20080603,12,780,20080526
,,,,,,,예향노인복지센터,B05,22911000312,20190905,12,210,20190905
,,,,,,,한국의료기기,B06,22911000331,20211007,12,210,20210909
,,,,,,,희망노인복지센터,C01,32911000065,20090218,12,210,20090218
,,,,,,,희망노인복지센터,C02,32911000065,20090218,12,210,20090218
,,,,,,,광주재활센타,C03,32914000059,20080730,12,240,20080730
,,,,,,,하늘빛방문간호센터,C05,32911000323,20191217,12,210,20191217
,,,,,,,명성의료기,C06,32911000034,20080623,12,210,20080623
,,,,,,,해피맘요양원,G31,12911000256,20131202,12,210,20131202
,,,,,,,산책하는요양원,G32,14611000358,20260101,12,110,20260101
,,,,,,,산책하는요양원,G33,14611000358,20260101,12,110,20260101
,,,,,,,도양노인건강복지타운 치매전문요양원,G34,14677000160,20231020,12,740,20231020
,,,,,,,도양노인건강복지타운 치매전문요양원,G35,14677000160,20231020,12,740,20231020
,,,,,,,현대노인요양원,G36,14679000117,20111108,12,760,20111103
,,,,,,,인애W재가노인지원센터,H31,22915500115,20100507,12,270,20100507
,,,,,,,광양희망노인복지센터,I31,34623000025,20081103,12,190,20081028
,,,,,,,자혜요양원,M31,14611000001,20080528,12,810,19891215
,,,,,,,자혜요양원,M32,14611000001,20080528,12,810,19891215
,,,,,,,오손도손요양원,S41,12917000530,20190201,12,300,20190201
,,,,,,,꽃메요양원,A03,12911000013,20080529,12,210,20080317
,,,,,,,엠마의집,A04,12911000254,20131129,12,210,20131129
,,,,,,,C.C.C.동구노인복지센터,B01,22911000009,20080619,12,210,20030301
,,,,,,,대해노인복지센터,B02,22911000048,20081006,12,210,20081006
,,,,,,,꽃메요양원,B03,22911000014,20080529,12,210,20080317
,,,,,,,청람노인복지센터,B04,24687000001,20080527,12,830,20080523
,,,,,,,보라방문간호센터,B05,22911000349,20230830,12,210,20230808
,,,,,,,아이에스메티칼,B06,22911000333,20211228,12,210,20211228
,,,,,,,계림재가노인요양센터,C01,32911000079,20091230,12,210,20091230
,,,,,,,효사랑계림 노인복지센터,C02,32911000089,20100413,12,210,20100413
,,,,,,,광주서구노인주간보호센터,C03,32914000373,20170927,12,240,20170927
,,,,,,,365나눔노인장기요양기관,C05,32914000289,20141203,12,240,20141203
,,,,,,,광주의료기,C06,32911000047,20080910,12,210,20080910
,,,,,,,바라밀실버하우스,G31,12920000003,20080528,12,330,20080129
,,,,,,,낙안효자실버빌,G32,14615000134,20091009,12,150,20091009
,,,,,,,도양노인건강복지타운 치매전문요양원,G33,14677000160,20231020,12,740,20231020
,,,,,,,현대노인요양원,G34,14679000117,20111108,12,760,20111103
,,,,,,,현대노인요양원,G35,14679000117,20111108,12,760,20111103
,,,,,,,사랑방주야간보호센터,H31,22917000666,20210802,12,300,20210716
,,,,,,,마니원(입소),M31,14613000009,20080530,12,130,20080328
,,,,,,,소나무노인요양시설,M32,14613000122,20100301,12,130,20100301
,,,,,,,밀알노인요양공동생활가정,S41,14613000008,20080530,12,130,20080402
,,,,,,,천혜경로원,A03,12911000022,20080530,12,210,20070102
,,,,,,,알곡사랑요양원,A04,12915500209,20151110,12,270,20151110
,,,,,,,꽃메요양원,B01,22911000014,20080529,12,210,20080317
,,,,,,,예향노인복지센터,B02,22911000312,20190905,12,210,20190905
,,,,,,,대해노인복지센터,B03,22911000048,20081006,12,210,20081006
,,,,,,,어르신케어 종합복지센터 효드림,B04,24689000091,20210928,12,850,20210928
,,,,,,,뉴정나눔노인복지센터,B05,22911000356,20240927,12,210,20240909
,,,,,,,편한 의료기,B06,22911000338,20220630,12,210,20220607
,,,,,,,효사랑계림 노인복지센터,C01,32911000089,20100413,12,210,20100413
,,,,,,,한마음실버요양센터,C02,32911000090,20100429,12,210,20100429
,,,,,,,굿데이케어센터,C03,32914000392,20180608,12,240,20180608
,,,,,,,새로나재가노인요양복지센터,C05,32914000442,20191216,12,240,20191216
,,,,,,,효도의료기,C06,32911000074,20090720,12,210,20090713
,,,,,,,산책하는요양원,G31,14611000358,20260101,12,110,20260101
,,,,,,,나주시노인요양원,G32,14617000005,20080523,12,170,20060227
,,,,,,,현대노인요양원,G33,14679000117,20111108,12,760,20111103
,,,,,,,강진효요양원,G34,14681000051,20201015,12,780,20201015
,,,,,,,여수시 치매어르신 주야간보호센터 지혜마루,H31,24613000316,20201230,12,130,20201208
,,,,,,,나주시노인요양원,M31,14617000005,20080523,12,170,20060227
,,,,,,,도암 소망의집,S41,14681000017,20100225,12,780,20100225
,,,,,,,용연실버빌,A03,12911000052,20081031,12,210,20081028
,,,,,,,현대실버빌,A04,12917000275,20120201,12,300,20120201
,,,,,,,대해노인복지센터,B01,22911000048,20081006,12,210,20081006
,,,,,,,동구천사노인복지센터,B02,22911000326,20201218,12,210,20201209
,,,,,,,자연숲노인복지센터,B03,22911000327,20210318,12,210,20210219
,,,,,,,동행노인재가복지센터,B05,22914000463,20210201,12,240,20201222
,,,,,,,100세동안 실버케어,B06,22911000358,20241114,12,210,20241114
,,,,,,,한마음실버요양센터,C01,32911000090,20100429,12,210,20100429
,,,,,,,한가족복지센터,C02,32911000273,20151112,12,210,20151112
,,,,,,,더불어노인주간보호센터,C03,32914000395,20180903,12,240,20180903
,,,,,,,구구팔팔재가복지센터,C05,32914000453,20191224,12,240,20191224
,,,,,,,태광의료기,C06,32911000275,20160128,12,210,20160128
,,,,,,,낙안효자실버빌,G31,14615000134,20091009,12,150,20091009
,,,,,,,마로현노인요양원,G32,14623000165,20210709,12,190,20210709
,,,,,,,강진효요양원,G33,14681000051,20201015,12,780,20201015
,,,,,,,재단법인 전라남도사회서비스원 순천시 실버주야간보호센터,H31,24615000385,20220823,12,150,20220809
,,,,,,,다솜노인요양공동생활가정,S41,14684000082,20151201,12,810,20151201
,,,,,,,나눔요양원,A03,12911000086,20100301,12,210,20100301
,,,,,,,정드림케어하우스,A04,12917000295,20130102,12,300,20130102
,,,,,,,선인종합재가센터,B01,22911000287,20161229,12,210,20161229
,,,,,,,다정한노인재가복지센터,B02,22911000339,20220824,12,210,20220714
,,,,,,,계림노인주간보호센터,B03,22911000334,20211228,12,210,20211202
,,,,,,,최하현 방문간호 요양센터,B05,22914000471,20211025,12,240,20210915
,,,,,,,미래로의료기,B06,22911000371,20260223,12,210,20251212
,,,,,,,광주여성노인재가센터,C01,32911000239,20120105,12,210,20120105
,,,,,,,조은재가복지센터,C02,32911000292,20171212,12,210,20171212
,,,,,,,"상무노인복지학교(주간보호,치매예방교육)",C03,32914000399,20181016,12,240,20181016
,,,,,,,사랑손통합재가센터,C05,32915500289,20190826,12,270,20190826
,,,,,,,믿음의료기,C06,32911000288,20170322,12,210,20170322
,,,,,,,효자노인복지센터,G31,14615000152,20100301,12,150,20100301
,,,,,,,도양노인건강복지타운 치매전문요양원,G32,14677000160,20231020,12,740,20231020
,,,,,,,더편한데이케어,H31,24615000419,20240326,12,150,20240301
,,,,,,,엄마의봄날 노인요양공동생활가정,S41,14684000116,20220413,12,810,20220413
,,,,,,,해피맘요양원,A03,12911000256,20131202,12,210,20131202
,,,,,,,굿모닝노인요양원,A03,12611000104,20211122,26,110,20211110
,,,,,,,지혜실버홈,A04,12617000090,20130814,26,170,20130814
,,,,,,,중구재가노인지원서비스센터,B01,22611000001,20080528,26,110,20070112
,,,,,,,우리재가복지센터,B02,22611000100,20201119,26,110,20201016
,,,,,,,중구재가노인지원서비스센터,B03,22611000001,20080528,26,110,20070112
,,,,,,,부산광역시노인건강센터 단기보호,B04,22653000194,20231218,26,530,20231124
,,,,,,,신창통합재가복지센터,B05,22611000111,20231010,26,110,20230720
,,,,,,,신기의료기 중구점,B06,22611000108,20220926,26,110,20220825
,,,,,,,로뎀나무아래요양보호사파견센터,C01,32611000008,20080616,26,110,20080616
,,,,,,,현대종합복지센터,C02,32611000042,20091229,26,110,20091229
,,,,,,,한울타리재가노인복지센터,C03,32611000060,20140424,26,110,20140424
,,,,,,,한울타리재가노인복지센터,C05,32611000060,20140424,26,110,20140424
,,,,,,,현대의료복지용구센터,C06,32611000015,20080709,26,110,20080709
,,,,,,,평화노인요양원,G31,12638000008,20080527,26,380,20080527
,,,,,,,평화노인요양원,G32,12638000008,20080527,26,380,20080527
,,,,,,,애광노인치매전문요양원,G33,12641000003,20080530,26,410,19981027
,,,,,,,애광노인치매전문요양원,G34,12641000003,20080530,26,410,19981027
,,,,,,,다사랑치매전문주간보호센터,H31,22623000393,20210908,26,230,20210908
,,,,,,,애광재가노인복지기관,H32,22641000013,20080530,26,410,19951230
,,,,,,,(주)부산데이케어 부산주간보호,I31,32647000158,20170807,26,470,20170807
,,,,,,,(주)부산데이케어 부산주간보호,I32,32647000158,20170807,26,470,20170807
,,,,,,,파랑새노인건강센터,M31,12620000004,20080530,26,200,20030509
,,,,,,,파랑새노인건강센터,M32,12620000004,20080530,26,200,20030509
,,,,,,,안나노인건강센터,A03,12614000008,20080529,26,140,20080529
,,,,,,,소망노인복지센터,A04,12623000091,20090430,26,230,20090429
,,,,,,,우리재가복지센터,B01,22611000100,20201119,26,110,20201016
,,,,,,,(주)돌보미재가복지센터,B02,22611000101,20210916,26,110,20210906
,,,,,,,굿모닝주야간보호센터,B03,22611000103,20211122,26,110,20211110
,,,,,,,더드림재가복지센터,B05,22614000098,20240517,26,140,20240424
,,,,,,,로뎀복지용구,B06,22611000112,20231201,26,110,20231024
,,,,,,,효자효녀노인복지센터,C01,32611000029,20090416,26,110,20090416
,,,,,,,한울타리재가노인복지센터,C02,32611000060,20140424,26,110,20140424
,,,,,,,효송주야간보호센터,C03,32614000071,20191208,26,140,20191208
,,,,,,,(주)간호박사종합재가센터,C05,32617000059,20091223,26,170,20091223
,,,,,,,유창,C06,32611000061,20140722,26,110,20140722
,,,,,,,애광노인치매전문요양원,G31,12641000003,20080530,26,410,19981027
,,,,,,,애광노인치매전문요양원,G32,12641000003,20080530,26,410,19981027
,,,,,,,부산광역시 노인건강센터,G33,12653000078,20110407,26,530,20110407
,,,,,,,애광재가노인복지기관,H31,22641000013,20080530,26,410,19951230
,,,,,,,함께노인주간보호센터,I31,32653000106,20140822,26,530,20140822
,,,,,,,실버웰요양센터,A03,12614000053,20130101,26,140,20130101
,,,,,,,새롬노인요양공동생활가정,A04,12623000281,20170101,26,230,20170101
,,,,,,,(주)돌보미재가복지센터,B01,22611000101,20210916,26,110,20210906
,,,,,,,참벗재가복지센터,B02,22611000102,20210916,26,110,20210906
,,,,,,,선한데이케어센터,B03,22611000105,20220203,26,110,20220119
,,,,,,,푸른누리재가복지센터,B05,22623000395,20211006,26,230,20211006
,,,,,,,건강의료기,B06,22611000118,20260225,26,110,20260130
,,,,,,,예손은노인복지요양센터,C01,32611000030,20090416,26,110,20090416
,,,,,,,동행재가노인복지센터,C02,32611000083,20181102,26,110,20181102
,,,,,,,소은노인주간보호센터,C03,32614000080,20191231,26,140,20191231
,,,,,,,부산사랑노인복지센터주식회사,C05,32620000118,20190701,26,200,20190701
,,,,,,,조은재가복지센터,C06,32611000097,20191209,26,110,20191209
,,,,,,,부산광역시 노인건강센터,G31,12653000078,20110407,26,530,20110407
,,,,,,,부산광역시 노인건강센터,G32,12653000078,20110407,26,530,20110407
,,,,,,,공립명지치매전문주야간보호센터,H31,22644000055,20220720,26,440,20220311
,,,,,,,송도사랑요양원,A03,12614000068,20190903,26,140,20190903
,,,,,,,성지노인요양원,A04,12626000106,20091214,26,260,20091214
,,,,,,,참벗재가복지센터,B01,22611000102,20210916,26,110,20210906
,,,,,,,선한데이케어센터,B02,22611000105,20220203,26,110,20220119
,,,,,,,행복한재활주간보호센터,B03,22611000117,20260408,26,110,20260123
,,,,,,,편안한실버케어재가센터,B05,22623000405,20220420,26,230,20220420
,,,,,,,건강한의료기,B06,22617000196,20210104,26,170,20201210
,,,,,,,행복나눔재가복지센터,C01,32611000040,20091218,26,110,20091218
,,,,,,,로드웨이 노인복지센터,C02,32614000023,20080811,26,140,20080811
,,,,,,,예사랑노인복지센터,C03,32617000100,20140902,26,170,20140902
,,,,,,,사)부산진구노인요양센터부설 행복한재가,C05,32623000150,20100201,26,230,20100201
,,,,,,,효진재가노인복지센터,C06,32611000098,20191212,26,110,20191212
,,,,,,,부산연제재활 주야간보호센터,H31,22647000264,20251208,26,470,20251117
,,,,,,,송원노인전문요양원,A03,12617000001,20080530,26,170,20060906
,,,,,,,참사랑실버홈,A04,12629000165,20170619,26,290,20170619
,,,,,,,선한데이케어센터,B01,22611000105,20220203,26,110,20220119
,,,,,,,성부재가노인복지센터,B02,22611000107,20220203,26,110,20220121
,,,,,,,인창서구재가노인복지센터,B03,22614000050,20130601,26,140,20130601
,,,,,,,정샘간호재가센터,B05,22623000417,20230119,26,230,20230119
,,,,,,,민영복지용구,B06,22617000209,20240326,26,170,20240315
,,,,,,,현대종합복지센터,C01,32611000042,20091229,26,110,20091229
,,,,,,,세광재가노인복지센터,C02,32614000031,20081126,26,140,20081120
,,,,,,,대주 재가복지센터,C03,32617000136,20170701,26,170,20170701
,,,,,,,정드림재가복지센터,C05,32623000303,20180312,26,230,20180312
,,,,,,,동진의료기,C06,32614000036,20090701,26,140,20090701
,,,,,,,(주)케어링 주간보호센터 부산 수영점,H31,22650000151,20221031,26,500,20221031
,,,,,,,인창동구노인요양원,A03,12617000074,20100827,26,170,20100827
,,,,,,,편안한노인공동요양원,A04,12632000284,20191211,26,320,20191211
,,,,,,,스마일재가노인복지센터,B01,22611000106,20220331,26,110,20220318
,,,,,,,한울타리노인복지센터,B02,22611000109,20230501,26,110,20230406
,,,,,,,송도노인주간보호센터,B03,22614000084,20201116,26,140,20200921
,,,,,,,부산에스엠방문요양간호센터,B05,22623000482,20250522,26,230,20250522
,,,,,,,희망복지노인재가센터,B06,22617000214,20241216,26,170,20241216
,,,,,,,대현재가노인복지센터,C01,32611000059,20140401,26,110,20140401
,,,,,,,자애노인종합복지센터,C02,32614000057,20151228,26,140,20151228
,,,,,,,동구케어 노인주간보호센터,C03,32617000146,20180615,26,170,20180615
,,,,,,,새원재가노인복지센터,C05,32626000218,20160630,26,260,20160630
,,,,,,,(주)가온누리종합복지센터,C06,32614000076,20191212,26,140,20191212
,,,,,,,"""(기장)효사랑데이케어센터2",H31,22671000148,20170711,26,710,20170711
,,,,,,,파랑새노인건강센터,A03,12620000004,20080530,26,200,20030509
,,,,,,,화명은혜공동생활가정,A04,12632000334,20230721,26,320,20230630
,,,,,,,성부재가노인복지센터,B01,22611000107,20220203,26,110,20220121
,,,,,,,신창통합재가복지센터,B02,22611000111,20231010,26,110,20230720
,,,,,,,서구케어재가노인주간보호센터,B03,22614000093,20231222,26,140,20231129
,,,,,,,간호돌봄재가복지센터,B05,22626000324,20211217,26,260,20211101
,,,,,,,닥터김노인요양센터,A03,12711000113,20131101,27,110,20131101
,,,,,,,남산요양원,A04,12711000079,20100608,27,110,20100608
,,,,,,,삼덕노인복지센터,B01,22711000002,20080529,27,110,20070419
,,,,,,,삼덕노인복지센터,B02,22711000002,20080529,27,110,20070419
,,,,,,,삼덕노인복지센터,B03,22711000002,20080529,27,110,20070419
,,,,,,,더편한주간보호센터,B04,22729000563,20200901,27,290,20200901
,,,,,,,손주간호사 재가노인복지센터,B05,22714000605,20221101,27,140,20221101
,,,,,,,신광메디칼,B06,22714000604,20221101,27,140,20221101
,,,,,,,"나눔 충,효,예 복지라이프 요양보호사 파견센타",C01,32711000016,20080610,27,110,20080602
,,,,,,,"나눔 충,효,예 복지라이프 요양보호사 파견센타",C02,32711000016,20080610,27,110,20080602
,,,,,,,우리장기요양센터,C03,32711000078,20100331,27,110,20100331
,,,,,,,한마음주간보호센터,C04,32723000554,20191220,27,230,20191220
,,,,,,,율하실버케어,C05,32714000263,20130213,27,140,20130213
,,,,,,,신진의료기,C06,32711000024,20080714,27,110,20080714
,,,,,,,효성실버타운,G31,12723000107,20090812,27,230,20090811
,,,,,,,효성실버타운,G32,12723000107,20090812,27,230,20090811
,,,,,,,효성실버타운,G33,12723000107,20090812,27,230,20090811
,,,,,,,동구노인장기요양센터,H31,22714000367,20160502,27,140,20160502
,,,,,,,선정노인복지센터,I31,32714000310,20140728,27,140,20140728
,,,,,,,드림실버요양복지센터 2관,S41,12726000275,20170612,27,260,20170612
,,,,,,,보람요양원,A03,12711000132,20160112,27,110,20160112
,,,,,,,문성요양복지센터,A04,12711000091,20110527,27,110,20110527
,,,,,,,어르신마을 노인복지센터,B01,22711000005,20080529,27,110,19990527
,,,,,,,성심노인복지센터,B02,22711000044,20090107,27,110,20090107
,,,,,,,어르신마을 노인복지센터,B03,22711000005,20080529,27,110,19990527
,,,,,,,대구 신세계재가노인복지센터,B04,22729000617,20220601,27,290,20220601
,,,,,,,대구다은재가방문요양간호센터,B05,22714000620,20230501,27,140,20230501
,,,,,,,가호메디칼,B06,22714000626,20230501,27,140,20230501
,,,,,,,경북베델 재가장기요양기관,C01,32711000019,20080618,27,110,20080610
,,,,,,,동산홈케어,C02,32711000046,20090219,27,110,20090219
,,,,,,,닥터김노인요양센터,C03,32711000112,20131101,27,110,20131101
,,,,,,,엘레오스노인요양센터,C04,32726000058,20081014,27,260,20081014
,,,,,,,정다운실버센터,C05,32714000311,20140821,27,140,20140821
,,,,,,,이원건강의료기,C06,32711000028,20080728,27,110,20080728
,,,,,,,상록수 실버타운,G31,12729000252,20120201,27,290,20120201
,,,,,,,상록수 실버타운,G32,12729000252,20120201,27,290,20120201
,,,,,,,상록수 실버타운,G33,12729000252,20120201,27,290,20120201
,,,,,,,동구공립재가노인복지센터,H31,22714000615,20221228,27,140,20221228
,,,,,,,늘푸른노인복지센터,I31,32729000350,20151012,27,290,20151012
,,,,,,,가족사랑요양원+,S41,12771000221,20210727,27,710,20210727
,,,,,,,우리요양원,A03,12711000154,20190820,27,110,20190820
,,,,,,,팔공어르신요양원 동촌센터,A04,12714000265,20130319,27,140,20130319
,,,,,,,성심노인복지센터,B01,22711000044,20090107,27,110,20090107
,,,,,,,비지팅엔젤스 대구중구방문요양지점,B02,22711000167,20210330,27,110,20210330
,,,,,,,청춘재활주간보호센터,B03,22711000159,20191202,27,110,20191202
,,,,,,,군위군재가노인지원센터,B04,24772000033,20121109,27,720,20121108
,,,,,,,대구미림재가방문요양간호센터,B05,22717000349,20191010,27,170,20191010
,,,,,,,대경메디칼,B06,22714000631,20230701,27,140,20230701
,,,,,,,동산홈케어,C01,32711000046,20090219,27,110,20090219
,,,,,,,우리장기요양센터,C02,32711000078,20100331,27,110,20100331
,,,,,,,문성주간보호센터,C03,32711000130,20151029,27,110,20110527
,,,,,,,감동노인복지센터,C04,32729000217,20110214,27,290,20110214
,,,,,,,행운이365노인복지센터,C05,32714000390,20160907,27,140,20160907
,,,,,,,영남메디칼,C06,32711000051,20090519,27,110,20090519
,,,,,,,대곡가톨릭요양원,G31,12729000621,20220601,27,290,20220601
,,,,,,,대구보훈요양원,G32,12771000086,20111017,27,710,20111017
,,,,,,,대구재활주간보호센터,H31,22714000720,20250801,27,140,20250801
,,,,,,,온사랑데이케어센터,I31,32729000399,20170404,27,290,20170404
,,,,,,,청춘요양원,A03,12711000189,20250708,27,110,20250708
,,,,,,,효사랑요양원1,A04,12714000385,20160901,27,140,20160901
,,,,,,,비지팅엔젤스 대구중구방문요양지점,B01,22711000167,20210330,27,110,20210330
,,,,,,,우리재가복지센터,B02,22711000168,20210512,27,110,20210512
,,,,,,,청춘주간보호센터,B03,22711000190,20250708,27,110,20250708
,,,,,,,이로운재가복지센터,B05,22717000474,20250801,27,170,20250801
,,,,,,,삼성의료복지용구,B06,22714000647,20230901,27,140,20230901
,,,,,,,우리장기요양센터,C01,32711000078,20100331,27,110,20100331
,,,,,,,감나무 장기요양센터,C02,32711000087,20101229,27,110,20101229
,,,,,,,보람노인복지센터,C03,32711000133,20160119,27,110,20160119
,,,,,,,호산재가방문간호센터,C05,32723000391,20161226,27,230,20161226
,,,,,,,해피데이 헬스케어,C06,32711000094,20110826,27,110,20110826
,,,,,,,대구보훈요양원,G31,12771000086,20111017,27,710,20111017
,,,,,,,수성재활주간보호센터,H31,22714000722,20250901,27,140,20250901
,,,,,,,성덕실버타운,A03,12714000001,20080528,27,140,19910701
,,,,,,,효사랑요양원2,A04,12714000386,20160901,27,140,20160901
,,,,,,,우리재가복지센터,B01,22711000168,20210512,27,110,20210512
,,,,,,,9988어르신돌봄센터,B02,22711000170,20220214,27,110,20220214
,,,,,,,진명해안노인복지센터,B03,22714000012,20080528,27,140,20070611
,,,,,,,가가호호재가복지센터,B05,22720000304,20220727,27,200,20220715
,,,,,,,해와달365복지센터,B06,22714000652,20231101,27,140,20231101
,,,,,,,감나무 장기요양센터,C01,32711000087,20101229,27,110,20101229
,,,,,,,동인재가복지센터,C02,32711000105,20130305,27,110,20130305
,,,,,,,화목한재활주야간보호센터,C03,32711000142,20180517,27,110,20180517
,,,,,,,엘림노인복지센터,C05,32723000419,20170929,27,230,20170929
,,,,,,,장수메디칼,C06,32711000095,20111004,27,110,20111004
,,,,,,,죽곡골든라이프케어,G31,12771000214,20210202,27,710,20210202
,,,,,,,(주)케어링 주간보호센터 대구 서구점,H31,22717000415,20230330,27,170,20230330
,,,,,,,붓다의집,A03,12714000003,20080528,27,140,20041108
,,,,,,,율하요양원,A04,12714000465,20180501,27,140,20180501
,,,,,,,9988어르신돌봄센터,B01,22711000170,20220214,27,110,20220214
,,,,,,,K베스트재가복지센터,B02,22711000172,20221108,27,110,20221108
,,,,,,,진명재가노인복지센터,B03,22714000014,20080528,27,140,20080403
,,,,,,,'(A)비지팅엔젤스 대구남구방문요양지점,B05,22720000311,20230224,27,200,20230217
,,,,,,,안테나메디컬,B06,22714000654,20231101,27,140,20231101
,,,,,,,(주)진명해피케어 중구지점,C01,32711000097,20111118,27,110,20111118
,,,,,,,닥터김노인요양센터,C02,32711000112,20131101,27,110,20131101
,,,,,,,현대복지센터,C03,32711000148,20190401,27,110,20190401
,,,,,,,예다함재가요양센터,C05,32723000475,20181201,27,230,20181201
,,,,,,,대구보조기상사,C06,32711000119,20140701,27,110,20140701
,,,,,,,효원주간보호센터A,H31,22720000148,20140701,27,200,20140701
,,,,,,,마이홈노인전문요양원,A03,12714000008,20080528,27,140,20040216
,,,,,,,다정노인요양원,A03,12811000009,20081001,28,125,20081001
,,,,,,,섭리노인요양공동생활가정,A04,12811000052,20100301,28,125,20100301
,,,,,,,조이노인복지센터,B01,22811000144,20200529,28,125,20200529
,,,,,,,조이노인복지센터,B02,22811000144,20200529,28,125,20200529
,,,,,,,인천중구구립치매전담형주간보호센터(건강마실터),B03,22811000136,20191202,28,125,20191202
,,,,,,,만수글라라의집단기보호,B04,22820000930,20240301,28,200,20240301
,,,,,,,마음다은 방문간호센터,B05,22811000231,20260501,28,125,20260501
,,,,,,,행복한노인요양센터,B06,22811000160,20211018,28,125,20211018
,,,,,,,중앙재가장기요양기관,C01,32811000001,20080529,28,155,20080523
,,,,,,,중앙재가장기요양기관,C02,32811000001,20080529,28,155,20080523
,,,,,,,제물포구 주간보호센터,C03,32811000104,20170926,28,125,20170926
,,,,,,,늘사랑전문요양원 부설 단기보호,C04,32823700285,20111101,28,237,20111101
,,,,,,,해피실버케어,C05,32811000011,20081017,28,125,20081017
,,,,,,,인천재가노인복지센터,C06,32814000008,20080728,28,125,20080728
,,,,,,,만수요양원,G31,12820000018,20080611,28,200,20080514
,,,,,,,만수요양원,G32,12820000018,20080611,28,200,20080514
,,,,,,,시온휴요양원,G33,12826000668,20230801,28,275,20230801
,,,,,,,시온휴요양원,G34,12826000668,20230801,28,275,20230801
,,,,,,,인천중구구립치매전담형주간보호센터(건강마실터),H31,22811000136,20191202,28,125,20191202
,,,,,,,미추홀구 구립 치매전담형 주간보호센터 미추홀돌봄의집,H32,22817700573,20220801,28,177,20220801
,,,,,,,미추홀구 구립 치매전담형 주간보호센터 미추홀돌봄의집,H33,22817700573,20220801,28,177,20220801
,,,,,,,엄마손실버케어 치매전담센터,I31,32818500140,20160512,28,185,20160512
,,,,,,,천사의집2호,S41,12820000581,20181221,28,200,20181221
,,,,,,,예지요양원,A03,12811000029,20090730,28,125,20090730
,,,,,,,늘단비요양원,A04,12811000081,20140410,28,125,20140410
,,,,,,,편안한노인복지센터,B01,22811000145,20200717,28,125,20200717
,,,,,,,편안한노인복지센터,B02,22811000145,20200717,28,125,20200717
,,,,,,,수노인복지센터,B03,22811000147,20200730,28,125,20200730
,,,,,,,서창단기보호,B04,22820001032,20251001,28,200,20251001
,,,,,,,인천통합복지 사회적협동조합,B05,22817700493,20200630,28,177,20200630
,,,,,,,장수메디케어,B06,22811000173,20220916,28,155,20220916
,,,,,,,다온재활복지요양센터,C01,32811000006,20080729,28,125,20080729
,,,,,,,동인천방문요양센터,C02,32811000010,20081017,28,125,20081010
,,,,,,,중부주야간보호센터,C03,32811000133,20191101,28,125,20191101
,,,,,,,효노인복지센터,C05,32811000142,20191219,28,125,20191219
,,,,,,,주식회사 솔숲,C06,32814000086,20190320,28,125,20190320
,,,,,,,글라라의집,G31,12820000411,20151209,28,200,20151209
,,,,,,,인천광역시립요양원,G32,12820000925,20240308,28,200,20240308
,,,,,,,동구구립치매전담형주간보호센터,H31,22814000104,20220127,28,125,20220127
,,,,,,,부평구 구립 치매전담형 주간보호센터 행복의집,H32,22823700653,20210101,28,237,20210101
,,,,,,,가족같은효성요양원,A03,12811000060,20100917,28,125,20100917
,,,,,,,미래간호요양원,A04,12814000081,20180702,28,125,20180702
,,,,,,,행복한노인요양센터,B01,22811000160,20211018,28,125,20211018
,,,,,,,행복한노인요양센터,B02,22811000160,20211018,28,125,20211018
,,,,,,,희망나무노인주야간보호센터,B03,22811000150,20201127,28,155,20201127
,,,,,,,계양다사랑단기보호센터,B04,22824500511,20220901,28,245,20220901
,,,,,,,예사랑재가노인복지센터,B05,22817700505,20201229,28,177,20201229
,,,,,,,편안한복지용구,B06,22811000208,20250401,28,125,20250311
,,,,,,,동인천방문요양센터,C01,32811000010,20081017,28,125,20081010
,,,,,,,해피실버케어,C02,32811000011,20081017,28,125,20081017
,,,,,,,영종장수노인주야간보호센터,C03,32811000137,20191209,28,155,20191209
,,,,,,,(주)솔숲노인복지센터,C05,32814000085,20190201,28,125,20190201
,,,,,,,웰러스코리아,C06,32817000045,20080925,28,177,20080925
,,,,,,,인천광역시립요양원,G31,12820000925,20240308,28,200,20240308
,,,,,,,사랑의요양원3호점,G32,12823700532,20180718,28,237,20180718
,,,,,,,미추홀구 구립 치매전담형 주간보호센터 미추홀돌봄의집,H31,22817700573,20220801,28,177,20220801
,,,,,,,기억너머주야간보호센터,H32,22826000366,20180822,28,290,20180822
,,,,,,,예봄요양원,A03,12811000076,20130620,28,125,20130620
,,,,,,,미래간호요양원 2호점,A04,12814000082,20180702,28,125,20180702
,,,,,,,효당노인복지센터,B01,22811000168,20220520,28,125,20220520
,,,,,,,효당노인복지센터,B02,22811000168,20220520,28,125,20220520
,,,,,,,중부노인주야간보호센터,B03,22811000153,20201221,28,125,20201221
,,,,,,,계양다사랑단기보호센터,B04,22824500594,20251001,28,245,20251001
,,,,,,,부모사랑요양센터,B05,22817700510,20210301,28,177,20210301
,,,,,,,신기의료기(인천점),B06,22817700561,20220301,28,177,20220301
,,,,,,,해피실버케어,C01,32811000011,20081017,28,125,20081017
,,,,,,,굿모닝재가노인복지센터,C02,32811000041,20091231,28,125,20091231
,,,,,,,(주)솔숲노인복지센터,C03,32814000085,20190201,28,125,20190201
,,,,,,,실로암통합재가센터,C05,32814000094,20191129,28,125,20191129
,,,,,,,하이케어,C06,32817000112,20091013,28,177,20091013
,,,,,,,사랑의요양원3호점,G31,12823700532,20180718,28,237,20180718
,,,,,,,두드림요양원,G32,12826000565,20210701,28,275,20210701
,,,,,,,건강재활주간보호센터,H31,22817700654,20240327,28,177,20240327
,,,,,,,인천참사랑병원 부설 햇살데이케어센터,H32,22826000510,20200801,28,275,20200801
,,,,,,,수 요양원,A03,12811000082,20140620,28,125,20140620
,,,,,,,노인요양원 행복의집,A04,12817000229,20130307,28,177,20130307
,,,,,,,동행재가노인복지센터,B01,22811000169,20220615,28,125,20220615
,,,,,,,동행재가노인복지센터,B02,22811000169,20220615,28,125,20220615
,,,,,,,큰사랑주간보호센터,B03,22811000166,20220210,28,155,20220210
,,,,,,,그레이스힐단기보호센터,B04,22826000817,20260301,28,290,20260301
,,,,,,,조은재가복지센터,B05,22817700560,20220401,28,177,20220401
,,,,,,,희망재가센터,B06,22817700570,20220501,28,177,20220501
,,,,,,,하늘사랑 노인복지센터,C01,32811000025,20090618,28,125,20090618
,,,,,,,큰사랑 재가장기요양센터,C02,32811000050,20100304,28,155,20100304
,,,,,,,주식회사동구종합재가센터,C03,32814000097,20191219,28,125,20191219
,,,,,,,행복나눔방문요양센터,C05,32817000205,20120322,28,177,20120322
,,,,,,,100세시대,C06,32817000204,20120309,28,177,20120309
,,,,,,,사랑의 요양원,G31,12823700684,20210901,28,237,20210901
,,,,,,,시온휴요양원,G32,12826000668,20230801,28,275,20230801
,,,,,,,연수구립 치매전담형 주간보호센터-은빛사랑방,H31,22818500214,20191126,28,185,20191126
,,,,,,,한우리요양원,A03,12811000083,20140818,28,155,20140818
,,,,,,,행복드림요양원,A04,12817000267,20141201,28,177,20141201
,,,,,,,365효재가복지센터2호점,B01,22811000172,20220805,28,125,20220805
,,,,,,,365효재가복지센터2호점,B02,22811000172,20220805,28,125,20220805
,,,,,,,영종스마일주간보호센터(방문요양),B03,22811000178,20230401,28,155,20230401
,,,,,,,이음실버케어센터,B05,22817700610,20230201,28,177,20230201
,,,,,,,보훈복지용구,B06,22817700613,20230302,28,177,20230302
,,,,,,,굿모닝재가노인복지센터,C01,32811000041,20091231,28,125,20091231
,,,,,,,송월동노인복지센터,C02,32811000065,20120102,28,125,20120102
,,,,,,,인천남부노인복지센터,C03,32817000276,20150209,28,177,20150209
,,,,,,,금성노인요양원,A03,13011000004,20080529,30,110,20061101
,,,,,,,예스시니어,A04,13011000120,20091215,30,110,20091215
,,,,,,,금성노인복지센터,B01,23011000007,20080605,30,110,20000322
,,,,,,,금성노인복지센터,B02,23011000007,20080605,30,110,20000322
,,,,,,,금성노인복지센터,B03,23011000007,20080605,30,110,20000322
,,,,,,,하진재가복지센터,B05,23011000425,20240901,30,110,20240813
,,,,,,,섬김복지용구지원센터,B06,23011000374,20220127,30,110,20220105
,,,,,,,노을빛재가복지센터,C01,33011000037,20080820,30,110,20080820
,,,,,,,우리노인복지센터,C02,33011000023,20080702,30,110,20080702
,,,,,,,행복한실버케어센터,C03,33011000251,20160319,30,110,20160319
,,,,,,,대전연합 실버케어,C05,33011000248,20160215,30,110,20160215
,,,,,,,행복메디칼,C06,33011000095,20090827,30,110,20090827
,,,,,,,임마누엘실버홈,G31,13011000009,20080605,30,110,20041109
,,,,,,,임마누엘실버홈,G32,13011000009,20080605,30,110,20041109
,,,,,,,임마누엘실버홈,G33,13011000009,20080605,30,110,20041109
,,,,,,,임마누엘실버홈,G34,13011000009,20080605,30,110,20041109
,,,,,,,대전요양원 주간보호센터,H31,23017000292,20140915,30,170,20140915
,,,,,,,부모애공동생활가정,S41,13011000384,20220930,30,110,20220913
,,,,,,,임마누엘실버홈,A03,13011000009,20080605,30,110,20041109
,,,,,,,새빛사랑의집,A04,13011000145,20100301,30,110,20100301
,,,,,,,선우노인복지센터,B01,23011000008,20080605,30,110,19940328
,,,,,,,산내노인종합센터,B02,23011000151,20100412,30,110,20100412
,,,,,,,선우노인복지센터,B03,23011000008,20080605,30,110,19940328
,,,,,,,사랑가득한재가복지센터,B05,23011000450,20251203,30,110,20251117
,,,,,,,대전연합복지용구,B06,23011000391,20230403,30,110,20230313
,,,,,,,마리아노인복지센터,C01,33011000044,20080929,30,110,20080926
,,,,,,,노을빛재가복지센터,C02,33011000037,20080820,30,110,20080820
,,,,,,,동행노인주야간보호센터,C03,33011000258,20160614,30,110,20160614
,,,,,,,스마일방문간호요양센터,C05,33011000273,20170516,30,110,20170516
,,,,,,,(주)국민복지환경,C06,33011000109,20091109,30,110,20091109
,,,,,,,대전요양원,G31,13011000376,20220511,30,110,20220331
,,,,,,,대전요양원,G32,13011000376,20220511,30,110,20220331
,,,,,,,대전요양원,G33,13011000376,20220511,30,110,20220331
,,,,,,,대전요양원,G34,13011000376,20220511,30,110,20220331
,,,,,,,대전서구주간보호센터,H31,23017000584,20240201,30,170,20240123
,,,,,,,섬김과 나눔의 집,S41,13017000366,20170401,30,170,20170401
,,,,,,,대전노인요양원,A03,13011000015,20080611,30,110,19920227
,,,,,,,예명요양원,A04,13011000283,20171120,30,110,20171120
,,,,,,,산내노인종합센터,B01,23011000151,20100412,30,110,20100412
,,,,,,,해드림노인복지센터,B02,23011000185,20120417,30,110,20120417
,,,,,,,산내노인종합센터,B03,23011000151,20100412,30,110,20100412
,,,,,,,엄마손통합재가센터,B05,23011000463,20260601,30,110,20260515
,,,,,,,늘사랑복지용구,B06,23011000412,20240228,30,110,20240214
,,,,,,,아가페재가노인복지센터,C01,33011000056,20081120,30,110,20081114
,,,,,,,아가페재가노인복지센터,C02,33011000056,20081120,30,110,20081114
,,,,,,,하나주야간보호,C03,33011000285,20171208,30,110,20171208
,,,,,,,대전방문간호센터,C05,33011000280,20171016,30,110,20171016
,,,,,,,350복지용구,C06,33011000192,20121214,30,110,20121214
,,,,,,,축복마을,G31,13014000241,20130301,30,140,20130301
,,,,,,,나이팅게일주간보호센터,H31,23020000144,20140501,30,200,20140501
,,,,,,,온누리노인요양원,A03,13011000048,20081010,30,110,20081008
,,,,,,,하나요양원,A04,13011000284,20171208,30,110,20171208
,,,,,,,해드림노인복지센터,B01,23011000185,20120417,30,110,20120417
,,,,,,,예명 주야간보호센터,B02,23011000233,20150316,30,110,20150316
,,,,,,,해드림노인복지센터,B03,23011000185,20120417,30,110,20120417
,,,,,,,보라재가복지센터,B05,23014000642,20250401,30,140,20250311
,,,,,,,예스복지용구,B06,23011000428,20241202,30,110,20241015
,,,,,,,대전보람노인복지센터,C01,33011000063,20090122,30,110,20090120
,,,,,,,대전보람노인복지센터,C02,33011000063,20090122,30,110,20090120
,,,,,,,삼성주간보호센터,C03,33011000304,20181002,30,110,20181002
,,,,,,,굿널스방문간호요양센터,C05,33011000325,20190813,30,110,20190813
,,,,,,,더드림노인요양복지센터,C06,33011000227,20141104,30,110,20141104
,,,,,,,실버누리요양원,G31,13017000253,20120810,30,170,20120810
,,,,,,,예사랑재가노인복지센터,H31,23023000153,20150612,30,230,20150612
,,,,,,,산내노인종합센터,A03,13011000150,20100412,30,110,20100412
,,,,,,,한울노인요양원,A04,13011000294,20180501,30,110,20180501
,,,,,,,예명 주야간보호센터,B01,23011000233,20150316,30,110,20150316
,,,,,,,원동주야간보호센터,B02,23011000353,20200904,30,110,20200813
,,,,,,,예명 주야간보호센터,B03,23011000233,20150316,30,110,20150316
,,,,,,,유앤아이주간보호센터,B05,23017000329,20160309,30,170,20160309
,,,,,,,효자복지용구,B06,23011000454,20260101,30,110,20251215
,,,,,,,한솔노인복지센터,C01,33011000064,20090209,30,110,20090209
,,,,,,,한솔노인복지센터,C02,33011000064,20090209,30,110,20090209
,,,,,,,대전효감주간보호센터,C03,33014000124,20090901,30,140,20090901
,,,,,,,대전효감주간보호센터,C05,33014000124,20090901,30,140,20090901
,,,,,,,아가페복지,C06,33011000242,20150903,30,110,20150903
,,,,,,,해드림실버요양원,A03,13011000184,20120417,30,110,20120417
,,,,,,,대전실버빌,A04,13011000306,20181022,30,110,20181022
,,,,,,,한울재가노인복지센터,B01,23011000295,20180501,30,110,20180501
,,,,,,,수재가노인복지센터,B02,23011000354,20200904,30,110,20200813
,,,,,,,새봄실버주간보호센터,B03,23011000335,20191101,30,110,20191101
,,,,,,,더편한실버센터,B05,23017000500,20201231,30,170,20201127
,,,,,,,(주)사랑과존경복지용구,B06,23011000460,20260415,30,110,20260406
,,,,,,,백합노인복지센터,C01,33011000070,20090302,30,110,20090302
,,,,,,,백합노인복지센터,C02,33011000070,20090302,30,110,20090302
,,,,,,,태평주간보호센터,C03,33014000291,20150216,30,140,20150216
,,,,,,,보문노인복지센터,C05,33014000424,20180801,30,140,20180801
,,,,,,,현암복지센터,C06,33011000328,20190923,30,110,20190923
,,,,,,,플래티늄,A03,13011000195,20130225,30,110,20081107
,,,,,,,가은실버홈,A04,13011000346,20191217,30,110,20191217
,,,,,,,새봄실버주간보호센터,B01,23011000335,20191101,30,110,20191101
,,,,,,,행복나눔재가복지센터,B02,23011000359,20210501,30,110,20210501
,,,,,,,동부실버케어센터,B03,23011000351,20200414,30,110,20200414
,,,,,,,대전간호요양센터,B05,23017000507,20210401,30,170,20210304
,,,,,,,하나엠케어복지용구사업소,B06,23014000527,20210101,30,140,20201207
,,,,,,,새빛재가요양보호센터,C01,33011000080,20090421,30,110,20090421
,,,,,,,새빛재가요양보호센터,C02,33011000080,20090421,30,110,20090421
,,,,,,,신한국복지센터,C03,33014000324,20151006,30,140,20151006
,,,,,,,대전효재가노인복지센터,C05,33014000435,20181128,30,140,20181128
,,,,,,,행복나무복지센터,C06,33011000337,20191119,30,110,20191119
,,,,,,,국민요양원,A03,13111000005,20080604,31,110,20070913
,,,,,,,울산한우리노인요양센터,A04,13111000147,20200820,31,110,20200820
,,,,,,,국민노인돌봄지원플랫폼,B01,23111000001,20080527,31,110,20040630
,,,,,,,신울산노인재가복지센터,B02,23111000150,20201012,31,110,20201012
,,,,,,,신울산노인재가복지센터,B03,23111000150,20201012,31,110,20201012
,,,,,,,윤씨재가복지센터,B05,23111000177,20220629,31,110,20220629
,,,,,,,대신의료기상사,B06,23111000149,20201127,31,110,20201127
,,,,,,,옥선노인복지센터,C01,33111000042,20091023,31,110,20091021
,,,,,,,옥선노인복지센터,C02,33111000042,20091023,31,110,20091021
,,,,,,,나도람노인복지센터,C03,33111000048,20100401,31,110,20100401
,,,,,,,지원재가노인복지센터,C05,33111000081,20140327,31,110,20140327
,,,,,,,새광명의료기,C06,33111000041,20091023,31,110,20091021
,,,,,,,늘푸른노인전문요양원,G31,13111000007,20080612,31,110,20041006
,,,,,,,늘푸른노인전문요양원,G32,13111000007,20080612,31,110,20041006
,,,,,,,울산북구실버케어센터,G33,13120000124,20221226,31,200,20221216
,,,,,,,울산북구실버케어센터,G34,13120000124,20221226,31,200,20221216
,,,,,,,헤븐노인복지센터,H31,23111000218,20240502,31,110,20240502
,,,,,,,다비다노인요양원,M31,13117000004,20080609,31,170,20080515
,,,,,,,효녀심청의집,S41,13171000142,20151123,31,710,20151123
,,,,,,,늘푸른노인전문요양원,A03,13111000007,20080612,31,110,20041006
,,,,,,,A+백정애건강실버타운,A04,13111000205,20230403,31,110,20230403
,,,,,,,울산중구노인돌봄지원플랫폼,B01,23111000002,20080527,31,110,20020822
,,,,,,,울산노인복지센터,B02,23111000154,20210224,31,110,20210224
,,,,,,,더조은노인복지주간보호센터,B03,23111000155,20210406,31,110,20210406
,,,,,,,헤븐노인복지센터,B05,23111000218,20240502,31,110,20240502
,,,,,,,굿헬스의료기,B06,23111000159,20210622,31,110,20210622
,,,,,,,나도람노인복지센터,C01,33111000048,20100401,31,110,20100401
,,,,,,,잉꼬 방문목욕센터,C02,33111000045,20091222,31,110,20091222
,,,,,,,장수마을재가복지센터,C03,33111000076,20130206,31,110,20130206
,,,,,,,백정애 건강실버타운,C05,33111000083,20140531,31,110,20140531
,,,,,,,건강의료기,C06,33111000062,20110207,31,110,20110207
,,,,,,,늘푸른노인요양원,G31,13111000008,20080612,31,110,20050322
,,,,,,,늘푸른노인요양원,G32,13111000008,20080612,31,110,20050322
,,,,,,,남목노인복지관 부설 치매보호센터,H31,23117000069,20210201,31,170,20210201
,,,,,,,늘푸른노인요양원,A03,13111000008,20080612,31,110,20050322
,,,,,,,굿실버공동생활가정,A04,13114000234,20220907,31,140,20220830
,,,,,,,신울산노인재가복지센터,B01,23111000150,20201012,31,110,20201012
,,,,,,,더조은노인복지주간보호센터,B02,23111000155,20210406,31,110,20210406
,,,,,,,함월주야간보호센터,B03,23111000161,20210730,31,110,20210730
,,,,,,,가온누리재가방문요양센터,B05,23111000231,20251119,31,110,20251017
,,,,,,,신기의료기,B06,23111000211,20231206,31,110,20231206
,,,,,,,행복소망나눔 요양보호센터,C01,33111000063,20110301,31,110,20110301
,,,,,,,나도람노인복지센터,C02,33111000048,20100401,31,110,20100401
,,,,,,,백정애 건강실버타운,C03,33111000083,20140531,31,110,20140531
,,,,,,,스마일재가노인복지센터,C05,33111000122,20190219,31,110,20190219
,,,,,,,세운의료기 보조기도매센타,C06,33111000084,20140610,31,110,20140610
,,,,,,,다비다노인요양원,G31,13117000004,20080609,31,170,20080515
,,,,,,,울산북구실버케어센터,G32,13120000124,20221226,31,200,20221216
,,,,,,,밝은미소 재가실버케어,H31,23117000082,20231120,31,170,20231120
,,,,,,,예랑소규모요양원,A03,13111000009,20080612,31,110,20080304
,,,,,,,더 즐거운공동생활가정,A04,13114000278,20240801,31,140,20240801
,,,,,,,울산노인복지센터,B01,23111000154,20210224,31,110,20210224
,,,,,,,다인재가복지센터,B02,23111000157,20210521,31,110,20210521
,,,,,,,효정주간보호센터,B03,23111000162,20210801,31,110,20210801
,,,,,,,A+마르페 실버케어,B05,23120000094,20200525,31,200,20200525
,,,,,,,두날개복지센터,B06,23111000222,20250528,31,110,20250507
,,,,,,,현대노인복지센터,C01,33111000064,20110418,31,110,20110418
,,,,,,,행복소망나눔 요양보호센터,C02,33111000063,20110301,31,110,20110301
,,,,,,,울산한우리노인복지시설,C03,33111000089,20150914,31,110,20150914
,,,,,,,돌보미 재가노인 복지센터,C05,33111000138,20191122,31,110,20191122
,,,,,,,백세의료기,C06,33111000091,20151216,31,110,20151216
,,,,,,,울산북구실버케어센터,G31,13120000124,20221226,31,200,20221216
,,,,,,,백정애 건강실버타운,A03,13111000082,20140516,31,110,20140516
,,,,,,,가은실버홈,A04,13117000032,20100817,31,170,20100817
,,,,,,,더조은노인복지주간보호센터,B01,23111000155,20210406,31,110,20210406
,,,,,,,강남재가노인복지센터,B02,23111000184,20220825,31,110,20220825
,,,,,,,울산정주간보호센터,B03,23111000164,20210909,31,110,20210909
,,,,,,,미소방문간호센터,B05,23120000128,20230530,31,200,20230426
,,,,,,,울산복지용구센터,B06,23111000234,20260311,31,110,20260311
,,,,,,,가나안 요양파견센터,C01,33111000071,20120101,31,110,20120101
,,,,,,,현대노인복지센터,C02,33111000064,20110418,31,110,20110418
,,,,,,,태화노인복지센터,C03,33111000106,20170601,31,110,20170601
,,,,,,,마더스노인복지센터,C05,33114000091,20100308,31,140,20100302
,,,,,,,보드미의료기,C06,33111000103,20170221,31,110,20170221
,,,,,,,효자실버요양원,A03,13111000143,20191220,31,110,20191218
,,,,,,,인애노인요양실버홈,A04,13117000088,20251210,31,170,20251104
,,,,,,,다인재가복지센터,B01,23111000157,20210521,31,110,20210521
,,,,,,,조은아침중구복지센터,B02,23111000193,20230101,31,110,20230101
,,,,,,,선경주야간보호센터,B03,23111000165,20210930,31,110,20210930
,,,,,,,화정방문간호센터,B05,23171000243,20230623,31,710,20230609
,,,,,,,행운의료기,B06,23114000238,20221031,31,140,20220914
,,,,,,,연희재가노인복지센터,C01,33111000075,20120801,31,110,20120801
,,,,,,,가나안 요양파견센터,C02,33111000071,20120101,31,110,20120101
,,,,,,,소중한노인복지센터,C03,33111000109,20170711,31,110,20170711
,,,,,,,사랑의 손길 재가센터,C05,33117000062,20191201,31,170,20191201
,,,,,,,돌보미 재가노인 복지센터,C06,33111000138,20191122,31,110,20191122
,,,,,,,효정요양원,A03,13111000163,20210801,31,110,20210801
,,,,,,,청담종합복지센터,A04,13120000102,20210324,31,200,20210324
,,,,,,,함월주야간보호센터,B01,23111000161,20210730,31,110,20210730
,,,,,,,동행노인복지센터,B02,23111000195,20221219,31,110,20221219
,,,,,,,오월주간보호센터,B03,23111000168,20211123,31,110,20211123
,,,,,,,행복의료기,B06,23114000249,20230406,31,140,20230309
,,,,,,,장수마을재가복지센터,C01,33111000076,20130206,31,110,20130206
,,,,,,,연희재가노인복지센터,C02,33111000075,20120801,31,110,20120801
,,,,,,,베리굿실버복지센터,C03,33111000110,20170711,31,110,20170711
,,,,,,,양지노인복지센터,C05,33120000042,20091210,31,200,20091209
,,,,,,,신우메디칼통상,C06,33114000047,20090107,31,140,20090107
,,,,,,,울산광역시립노인요양원,A03,13111000175,20220401,31,110,20220401
,,,,,,,백세재활복지센터,A04,13120000129,20230530,31,200,20230426
,,,,,,,팔팔백세 방문요양센터,B01,23111000167,20211123,31,110,20211123
,,,,,,,세종우리요양원,A03,13611000061,20121010,36,110,20121010
,,,,,,,늘평안 노인요양공동생활가정,A04,13611000143,20201111,36,110,20200801
,,,,,,,행복한주간보호센터,B01,23611000109,20190527,36,110,20190527
,,,,,,,가정재가복지센터,B02,23611000135,20200608,36,110,20200608
,,,,,,,종촌종합복지센터 노인주간보호센터,B03,23611000074,20150831,36,110,20150522
,,,,,,,세종똑똑방문간호센터,B05,23611000186,20240306,36,110,20240214
,,,,,,,이원건강의료기 세종점,B06,23611000138,20200710,36,110,20200710
,,,,,,,세종시행복주간보호센터,C01,33611000068,20140303,36,110,20140303
,,,,,,,무지개 재가장기요양기관,C02,33611000072,20150428,36,110,20150428
,,,,,,,세종시행복주간보호센터,C03,33611000068,20140303,36,110,20140303
,,,,,,,세종시 노인복지센터,C05,33611000091,20171109,36,110,20171109
,,,,,,,시니어데이케어 주은 세종센터,C06,33611000089,20170512,36,110,20170512
,,,,,,,세종시립요양원,G31,13611000182,20231129,36,110,20231117
,,,,,,,종촌종합복지센터 노인주간보호센터,H31,23611000074,20150831,36,110,20150522
,,,,,,,사랑의마을 노인요양공동생활가정,S41,14473000023,20081226,36,110,20081202
,,,,,,,세종행복요양원,A03,13611000067,20140303,36,110,20140303
,,,,,,,약산실버홈,A04,13611000203,20250401,36,110,20250401
,,,,,,,세종우리노인복지센터,B01,23611000125,20191209,36,110,20191209
,,,,,,,세종재가복지센터,B02,23611000153,20210903,36,110,20210903
,,,,,,,세종가족사랑주간보호센터,B03,23611000107,20190429,36,110,20190429
,,,,,,,세종방문간호센터,B05,23611000214,20251204,36,110,20251111
,,,,,,,세종중앙의료기,B06,23611000164,20221001,36,110,20221001
,,,,,,,무지개 재가장기요양기관,C01,33611000072,20150428,36,110,20150428
,,,,,,,세종한마음노인복지센터,C02,33611000084,20161216,36,110,20161216
,,,,,,,더 행복주간보호센터,C03,33611000082,20161107,36,110,20161107
,,,,,,,세종 감성큰사랑 통합재가복지센터,C05,33611000092,20171218,36,110,20171218
,,,,,,,세종의료기,C06,33611000102,20190319,36,110,20190319
,,,,,,,세종에덴요양원,A03,13611000087,20170419,36,110,20170419
,,,,,,,휴먼주간보호센터,B01,23611000129,20200131,36,110,20200131
,,,,,,,기쁨방문요양센터,B02,23611000169,20221230,36,110,20221216
,,,,,,,행복한주간보호센터,B03,23611000109,20190527,36,110,20190527
,,,,,,,건강복지용구센터,B06,23611000175,20230801,36,110,20230725
,,,,,,,재가복지센터 유다원,C01,33611000075,20151017,36,110,20151017
,,,,,,,세종시 노인복지센터,C02,33611000091,20171109,36,110,20171109
,,,,,,,도담노인재활주간보호,C03,33611000085,20161226,36,110,20161226
,,,,,,,간호드림주간보호센터,C05,33611000120,20191118,36,110,20191118
,,,,,,,365 행복케어,C06,34473000029,20090828,36,110,20090826
,,,,,,,세종천애안요양원,A03,13611000090,20170517,36,110,20170517
,,,,,,,세종고운재가복지센터,B01,23611000131,20200131,36,110,20200131
,,,,,,,가람재가복지센터,B02,23611000180,20231107,36,110,20231013
,,,,,,,세종우리노인복지센터,B03,23611000125,20191209,36,110,20191209
,,,,,,,(주)가온렌탈케어 복지용구센터,B06,23611000181,20231201,36,110,20231117
,,,,,,,행복요양센터,C01,33611000076,20151101,36,110,20151101
,,,,,,,세종 감성큰사랑 통합재가복지센터,C02,33611000092,20171218,36,110,20171218
,,,,,,,시니어데이케어 주은 세종센터,C03,33611000089,20170512,36,110,20170512
,,,,,,,성덕효성원,A03,13611000099,20181025,36,110,20181025
,,,,,,,유정재가복지원,B01,23611000132,20200331,36,110,20200331
,,,,,,,다정한재가복지센터,B02,23611000184,20240108,36,110,20231214
,,,,,,,플래티늄세종주야간보호센터,B03,23611000127,20191220,36,110,20191220
,,,,,,,세종한누리복지용구사업소,B06,23611000183,20240202,36,110,20231215
,,,,,,,조약돌요양복지센터,C01,33611000078,20160531,36,110,20160531
,,,,,,,가가호호 재가방문요양센터,C02,33611000111,20190813,36,110,20190813
,,,,,,,고운세종노인주야간센터,C03,33611000118,20191106,36,110,20191106
,,,,,,,세종실버타운 평강요양원,A03,13611000113,20190830,36,110,20190830
,,,,,,,가정재가복지센터,B01,23611000135,20200608,36,110,20200608
,,,,,,,시온재가노인복지센터,B02,23611000188,20240306,36,110,20240215
,,,,,,,휴먼주간보호센터,B03,23611000129,20200131,36,110,20200131
,,,,,,,다정한복지의료기,B06,23611000194,20240801,36,110,20240621
,,,,,,,에덴노인복지센터,C01,33611000083,20161108,36,110,20161108
,,,,,,,사나섬재가복지센터,C02,33611000116,20200101,36,110,20200101
,,,,,,,간호드림주간보호센터,C03,33611000120,20191118,36,110,20191118
,,,,,,,VIP요양원,A03,13611000133,20200401,36,110,20200401
,,,,,,,민들레재가노인복지센터,B01,23611000140,20200729,36,110,20200729
,,,,,,,세종하나재가요양센터,B02,23611000190,20240502,36,110,20240422
,,,,,,,세종케어재활전문주간보호센터,B03,23611000136,20200615,36,110,20200615
,,,,,,,가족사랑복지용구사업소,B06,23611000200,20250205,36,110,20250109
,,,,,,,세종한마음노인복지센터,C01,33611000084,20161216,36,110,20161216
,,,,,,,(주)휴먼에듀피아,C02,34473000052,20110601,36,110,20110601
,,,,,,,세종해밀 요양원,A03,13611000150,20210520,36,110,20210520
,,,,,,,더힐링 세종전원주간보호센터,B01,23611000148,20210430,36,110,20210430
,,,,,,,우리통합재가센터,B02,23611000197,20241205,36,110,20241106
,,,,,,,VIP주간보호센터,B03,23611000145,20210104,36,110,20210104
,,,,,,,가치가봄 복지용구,B06,23611000201,20250201,36,110,20250115
,,,,,,,시니어데이케어 주은 세종센터,C01,33611000089,20170512,36,110,20170512
,,,,,,,세종마음숲요양원 고운점,A03,13611000160,20220613,36,110,20220613
,,,,,,,세종재가복지센터,B01,23611000153,20210903,36,110,20210903
,,,,,,,봄날재가복지센터,B02,23611000202,20250301,36,110,20250301
,,,,,,,더힐링 세종전원주간보호센터,B03,23611000148,20210430,36,110,20210430
,,,,,,,세종시 노인복지센터,C01,33611000091,20171109,36,110,20171109
,,,,,,,더 사랑 요양원,A03,13611000162,20220801,36,110,20220801
,,,,,,,세종특별자치시 사회서비스원 세종종합재가센터,B01,23611000154,20211220,36,110,20211220
,,,,,,,드림 재가 방문요양 센터,B02,23611000205,20250501,36,110,20250407
,,,,,,,세종주간보호센터,B03,23611000165,20221001,36,110,20221001
,,,,,,,세종 감성큰사랑 통합재가복지센터,C01,33611000092,20171218,36,110,20171218
,,,,,,,세종요양원,A03,13611000166,20221001,36,110,20221001
,,,,,,,세종통합돌봄센터,B01,23611000155,20220502,36,110,20220502
,,,,,,,최고방문요양센터,B02,23611000211,20251001,36,110,20250915
,,,,,,,세종부강노인복지센터,B03,23611000173,20230705,36,110,20230626
,,,,,,,참빛재가 노인복지센터,C01,33611000093,20171228,36,110,20171228
,,,,,,,세종굿모닝요양원,A03,13611000167,20221201,36,110,20221201
,,,,,,,한누리재가장기요양기관,B01,23611000157,20220502,36,110,20220502
,,,,,,,하트풀방문요양센터,B02,23611000212,20251101,36,110,20250915
,,,,,,,세종한누리주간보호센터,B03,23611000178,20231005,36,110,20230918
,,,,,,,성심노인복지센터,C01,33611000098,20181015,36,110,20181015
,,,,,,,조이실버케어요양원,A03,13611000168,20221214,36,110,20221201
,,,,,,,행복드림 재가방문요양센터,B01,23611000159,20220502,36,110,20220502
,,,,,,,나눔재가복지센터,B02,23611000221,20260301,36,110,20260301
,,,,,,,부강돌봄센터,B03,23611000193,20240710,36,110,20240516
,,,,,,,해바라기방문요양사업소,C01,33611000108,20190523,36,110,20190523
,,,,,,,세종시립요양원,A03,13611000182,20231129,36,110,20231117
,,,,,,,사회복지법인 죽파재단 감천장요양원,A03,14111000023,20080617,41,111,19511108
,,,,,,,행복나라 노인전문요양센터,A04,14111000229,20100301,41,111,20100301
,,,,,,,서호재가노인복지센터,B01,24111000012,20080611,41,113,20060105
,,,,,,,해피홈수원재활주간보호센터,B02,24111000682,20190415,41,111,20190415
,,,,,,,서호재가노인복지센터,B03,24111000012,20080611,41,113,20060105
,,,,,,,평화노인종합복지,B04,24115001043,20251201,41,150,20251201
,,,,,,,테레사간호통합방문센터,B05,24111000816,20210201,41,113,20210201
,,,,,,,가족사랑드림 복지용구,B06,24111000777,20200701,41,117,20200701
,,,,,,,1004노인복지센터,C01,34111000056,20080625,41,117,20080624
,,,,,,,1004노인복지센터,C02,34111000056,20080625,41,117,20080624
,,,,,,,중앙재가노인복지센터(주간보호),C03,34111000135,20090320,41,113,20090320
,,,,,,,'365'단기보호센터,C04,34113000539,20180604,41,135,20180604
,,,,,,,도경노인복지센터,C05,34111000079,20080704,41,117,20080704
,,,,,,,의료기백화점,C06,34111000078,20080704,41,115,20080704
,,,,,,,성남시립노인요양센터,G31,14113000234,20100301,41,133,20100301
,,,,,,,더힐링요양원,G32,14113000329,20120927,41,135,20120927
,,,,,,,차오름재활요양원,G33,14119001431,20240501,41,194,20240501
,,,,,,,미소요양원,G34,14122000189,20140211,41,220,20140211
,,,,,,,미소요양원,G35,14122000189,20140211,41,220,20140211
,,,,,,,마음의숲노인복지센터본점,H31,24115000902,20221201,41,150,20221201
,,,,,,,마음의숲노인복지센터본점,H32,24115000902,20221201,41,150,20221201
,,,,,,,365송은노인학교(주야간),H33,24146000736,20190701,41,465,20190701
,,,,,,,케어네이션 만안센터,I31,34117000237,20141110,41,171,20141110
,,,,,,,파라밀 요양원,M31,14155000032,20080624,41,550,20020814
,,,,,,,긋시아케어링a,S41,14117000627,20251001,41,171,20251001
,,,,,,,중앙요양원,A03,14111000024,20080617,41,113,20050103
,,,,,,,새수원복지요양원,A04,14111000306,20110808,41,113,20110808
,,,,,,,버드내재가노인복지센터,B01,24111000013,20080609,41,113,20080529
,,,,,,,수 데이케어센터,B02,24111000688,20190521,41,113,20190521
,,,,,,,버드내재가노인복지센터,B03,24111000013,20080609,41,113,20080529
,,,,,,,삼성중앙주간보호센터,B04,24117000528,20230601,41,173,20230601
,,,,,,,가온케어 통합돌봄센터,B05,24111000852,20210801,41,111,20210801
,,,,,,,주식회사 케어프렌드,B06,24111000825,20210401,41,113,20210401
,,,,,,,수원시립방문요양센터,C01,34111000065,20080626,41,111,20080626
,,,,,,,수원시립방문요양센터,C02,34111000065,20080626,41,111,20080626
,,,,,,,선재재활주야간보호센터,C03,34111000431,20140609,41,111,20140609
,,,,,,,카네이션요양원,C04,34115000528,20160310,41,150,20160310
,,,,,,,아노가 홈케어,C05,34111000138,20090331,41,115,20090331
,,,,,,,현대의료기,C06,34111000087,20080716,41,115,20080716
,,,,,,,더힐링요양원,G31,14113000329,20120927,41,135,20120927
,,,,,,,부모섬김,G32,14119000138,20090206,41,196,20090206
,,,,,,,미소요양원,G33,14122000189,20140211,41,220,20140211
,,,,,,,의정부통합돌봄요양센터,H31,24115001048,20260201,41,150,20260201
,,,,,,,의정부통합돌봄요양센터,H32,24115001048,20260201,41,150,20260201
,,,,,,,가평중앙재가노인복지센터,H33,24182000102,20200102,41,820,20200102
,,,,,,,부천남부노인주야간보호센터,I31,34119000977,20180711,41,194,20180711
,,,,,,,새소망요양원,M31,14159000412,20181107,41,591,20181107
,,,,,,,아주좋은요양원,S41,14127001053,20220701,41,273,20220701
,,,,,,,수원 아노가 요양원,A03,14111000032,20080618,41,115,20051102
,,,,,,,새수원노인요양공동생활가정,A04,14111000311,20110928,41,113,20110928
,,,,,,,해피홈수원재활주간보호센터,B01,24111000682,20190415,41,111,20190415
,,,,,,,보람찬어르신센터,B02,24111000700,20190730,41,113,20190730
,,,,,,,수원시립노인주간보호센터,B03,24111000036,20080619,41,111,20050303
,,,,,,,효사랑통합복지센터,B04,24119001569,20251001,41,192,20251001
,,,,,,,광교재가복지센터,B05,24111000853,20210730,41,117,20210730
,,,,,,,마실주야간보호센터,B06,24111000869,20211201,41,113,20211201
,,,,,,,도경노인복지센터,C01,34111000079,20080704,41,117,20080704
,,,,,,,도경노인복지센터,C02,34111000079,20080704,41,117,20080704
,,,,,,,동행노인주간보호센터,C03,34111000489,20151030,41,115,20151030
,,,,,,,고향 단기보호시설,C04,34119000587,20130612,41,192,20130612
,,,,,,,실버벨스 방문요양센터,C05,34111000154,20090604,41,115,20090604
,,,,,,,장안요양센터,C06,34111000117,20081203,41,111,20081203
,,,,,,,헤리티지요양원,G31,14113000714,20220101,41,135,20220101
,,,,,,,성은요양원,G32,14119000749,20150821,41,192,20150821
,,,,,,,늘사랑실버케어센터,G33,14136000319,20120203,41,360,20120203
,,,,,,,차오름재활주간보호/방문요양센터,H31,24119001185,20210301,41,194,20210301
,,,,,,,차오름재활주간보호/방문요양센터,H32,24119001185,20210301,41,194,20210301
,,,,,,,행신치매전담형 주야간보호센터,I31,34128001141,20190307,41,281,20190307
,,,,,,,사랑의집,S41,14128000005,20080610,41,281,20061013
,,,,,,,수원시립노인전문요양원,A03,14111000034,20080619,41,111,20041122
,,,,,,,행복나라노인전문요양센터 2동,A04,14111000365,20130301,41,111,20130301
,,,,,,,수 데이케어센터,B01,24111000688,20190521,41,113,20190521
,,,,,,,(주)효자노치원,B02,24111000773,20200701,41,113,20200701
,,,,,,,영통노인주간보호센터,B03,24111000051,20080623,41,117,20040727
,,,,,,,그림뜰재가복지센터,B04,24122000412,20211001,41,220,20211001
,,,,,,,라온노인복지센터,B05,24111000926,20220527,41,117,20220527
,,,,,,,서광노인가정방문요양센터,B06,24111000879,20211001,41,113,20211001
,,,,,,,평강재가복지센터,C01,34111000090,20080724,41,111,20080724
,,,,,,,평강재가복지센터,C02,34111000090,20080724,41,111,20080724
,,,,,,,사랑방노인복지센터,C03,34111000504,20160303,41,117,20160303
,,,,,,,E.S.H엘림재가복지,C04,34128000630,20130404,41,285,20130404
,,,,,,,행복한재가복지센터,C05,34111000453,20150313,41,113,20150313
,,,,,,,국제의료기,C06,34111000124,20090102,41,113,20090102
,,,,,,,루시아참요양원,G31,14115000968,20241001,41,150,20241001
,,,,,,,차오름재활요양원,G32,14119001431,20240501,41,194,20240501
,,,,,,,가원노인복지센터,H31,24128001344,20210201,41,287,20210201
,,,,,,,포르테주간보호센터,H32,24128001681,20241001,41,281,20241001
,,,,,,,'나들이' 데이케어센터,I31,34141000172,20140501,41,410,20140501
,,,,,,,A+샬롬요양원,S41,14128001485,20220801,41,281,20220801
,,,,,,,효행노인전문요양원,A03,14111000041,20080619,41,111,19910330
,,,,,,,베데스다요양원,A04,14111000409,20140106,41,113,20140106
,,,,,,,우리함께주간보호센터,B01,24111000697,20190624,41,111,20190624
,,,,,,,(A+)케어재가복지센터,B02,24111000779,20200717,41,117,20200717
,,,,,,,밤밭노인주간보호센터,B03,24111000498,20160101,41,111,20160101
,,,,,,,아름다운재가복지센터,B04,24122000526,20250401,41,220,20250401
,,,,,,,백세통합재가센터,B05,24111000948,20221001,41,115,20221001
,,,,,,,희망의료기,B06,24111000892,20211229,41,115,20211229
,,,,,,,장안요양센터,C01,34111000117,20081203,41,111,20081203
,,,,,,,장안요양센터,C02,34111000117,20081203,41,111,20081203
,,,,,,,"""효자노치원"" 서수원점",C03,34111000516,20160503,41,113,20160503
,,,,,,,산새노인요양원,A03,14311000027,20080602,43,112,20080527
,,,,,,,우리노인요양공동생활가정,A04,14311000041,20080613,43,111,20080603
,,,,,,,평화노인복지센터,B01,24311000058,20080625,43,113,20080624
,,,,,,,(A+)동행노인복지센터,B02,24311000637,20190604,43,113,20190604
,,,,,,,청주흥덕노인통합지원센터,B03,24311000020,20080530,43,113,20071204
,,,,,,,홈널스통합재가센터,B05,24311000845,20220203,43,113,20220203
,,,,,,,(A+)동행노인복지센터,B06,24311000637,20190604,43,113,20190604
,,,,,,,어르신이행복한세상청주지사,C01,34311000028,20080602,43,111,20080528
,,,,,,,어르신이행복한세상청주지사,C02,34311000028,20080602,43,111,20080528
,,,,,,,부모사랑노인복지센터,C03,34311000110,20090305,43,114,20090305
,,,,,,,연수노인주야간보호센터,C04,34313000211,20181129,43,130,20181129
,,,,,,,어르신이행복한세상청주지사,C05,34311000028,20080602,43,111,20080528
,,,,,,,한국의료기유한회사,C06,34311000046,20080620,43,111,20080620
,,,,,,,청주카리타스노인요양원,G31,14311000242,20110801,43,113,20110801
,,,,,,,숲속요양원,G32,14311000498,20170201,43,111,20170201
,,,,,,,옥천군립치매전담요양원,G33,14373000128,20240325,43,730,20240325
,,,,,,,옥천군립치매전담요양원,G34,14373000128,20240325,43,730,20240325
,,,,,,,옥천군립치매전담요양원,G35,14373000128,20240325,43,730,20240325
,,,,,,,옥천군립치매전담요양원,G36,14373000128,20240325,43,730,20240325
,,,,,,,충주시립노인주야간보호센터,H31,24313000302,20221216,43,130,20221122
,,,,,,,제천시립치매전담주야간보호센터,H32,24315000250,20250828,43,150,20250828
,,,,,,,충주시립노인요양원,M31,14313000303,20221216,43,130,20221122
,,,,,,,충주시립노인요양원,M32,14313000303,20221216,43,130,20221122
,,,,,,,제천시립치매전담요양원,M33,14315000251,20250828,43,150,20250828
,,,,,,,제천시립치매전담요양원,M34,14315000251,20250828,43,150,20250828
,,,,,,,제천시립치매전담요양원,M35,14315000251,20250828,43,150,20250828
,,,,,,,제천시립치매전담요양원,M36,14315000251,20250828,43,150,20250828
,,,,,,,그레이스힐하우스,S41,14315000157,20191001,43,150,20191001
,,,,,,,청주소망의집,A03,14311000029,20080602,43,114,20060206
,,,,,,,용담사랑의집노인요양공동생활가정,A04,14311000102,20090116,43,111,20090116
,,,,,,,고려요양협동조합,B01,24311000575,20180817,43,112,20180817
,,,,,,,사랑으로노인복지센터,B02,24311000680,20191101,43,113,20191101
,,,,,,,현진노인복지센터(흥덕노인요양원병설),B03,24311000227,20110209,43,113,20110209
,,,,,,,재가요양센터한스,B05,24311000994,20240601,43,111,20240601
,,,,,,,건강의료기 한국병원점,B06,24311000752,20200731,43,111,20200731
,,,,,,,THE명품노인복지센터,C01,34311000051,20080620,43,114,20080620
,,,,,,,THE명품노인복지센터,C02,34311000051,20080620,43,114,20080620
,,,,,,,하늘정원 재가장기요양기관,C03,34311000120,20090410,43,114,20090410
,,,,,,,보생원노인복지센터,C04,34374000003,20080523,43,740,20060212
,,,,,,,돌봄천사재가노인복지센터,C05,34311000261,20120301,43,112,20120301
,,,,,,,바다메디칼장기요양기관,C06,34311000065,20080707,43,112,20080707
,,,,,,,숲속요양원,G31,14311000498,20170201,43,111,20170201
,,,,,,,옥천군립치매전담요양원,G32,14373000128,20240325,43,730,20240325
,,,,,,,영동군립치매전담요양원,G33,14374000137,20231214,43,740,20231204
,,,,,,,영동군립치매전담요양원,G34,14374000137,20231214,43,740,20231204
,,,,,,,영동군립치매전담요양원,G35,14374000137,20231214,43,740,20231204
,,,,,,,영동군립치매전담요양원,G36,14374000137,20231214,43,740,20231204
,,,,,,,제천시립치매전담주야간보호센터,H31,24315000250,20250828,43,150,20250828
,,,,,,,옥천군립주야간보호센터,H32,24373000127,20240325,43,730,20240325
,,,,,,,제천시립치매전담요양원,M31,14315000251,20250828,43,150,20250828
,,,,,,,제천시립치매전담요양원,M32,14315000251,20250828,43,150,20250828
,,,,,,,송학보금자리 요양센터,S41,14315000177,20210528,43,150,20210528
,,,,,,,흥덕실비노인요양원,A03,14311000032,20080604,43,113,20051215
,,,,,,,내덕늘푸른요양원,A04,14311000161,20091211,43,114,20091211
,,,,,,,가나노인주간보호센터,B01,24311000606,20190201,43,112,20190201
,,,,,,,옥산방문요양복지센터,B02,24311000788,20210201,43,113,20210201
,,,,,,,내덕노인복지센터,B03,24311000292,20130206,43,114,20130206
,,,,,,,청주새일재가노인복지센터,B05,24311000996,20240601,43,112,20240601
,,,,,,,100세동안재가장기요양기관(청주점),B06,24311000859,20220401,43,112,20220401
,,,,,,,사랑천사재가장기요양기관,C01,34311000069,20080714,43,112,20080711
,,,,,,,사랑천사재가장기요양기관,C02,34311000069,20080714,43,112,20080711
,,,,,,,해피투게더 노인복지센터,C03,34311000220,20101207,43,113,20101207
,,,,,,,보생원전문노인요양원,C04,34374000031,20090602,43,740,20090602
,,,,,,,닥터케어방문간호센터,C05,34311000337,20140822,43,113,20140822
,,,,,,,이원의료기육거리점복지용구재가장기요양기관,C06,34311000071,20080729,43,111,20080729
,,,,,,,충주평화의집,G31,14313000001,20080530,43,130,20080530
,,,,,,,영동군립치매전담요양원,G32,14374000137,20231214,43,740,20231204
,,,,,,,옥천군립주야간보호센터,H31,24373000127,20240325,43,730,20240325
,,,,,,,병설 영동군립주야간보호센터,H32,24374000138,20231214,43,740,20231204
,,,,,,,진천군립치매전담요양원,M31,14375000097,20220524,43,750,20220524
,,,,,,,진천군립치매전담요양원,M32,14375000097,20220524,43,750,20220524
,,,,,,,송학실버홈,S41,14315000241,20240724,43,150,20240724
,,,,,,,성심노인요양원,A03,14311000039,20080609,43,114,20031231
,,,,,,,새순노인요양공동생활가정,A04,14311000267,20120608,43,113,20120608
,,,,,,,(A+)동행노인복지센터,B01,24311000637,20190604,43,113,20190604
,,,,,,,다복한주간보호센터,B02,24311000805,20210428,43,112,20210428
,,,,,,,성민주야간보호센터,B03,24311000579,20180904,43,114,20180904
,,,,,,,꽃돌이방문간호센터,B05,24311001102,20260301,43,114,20260301
,,,,,,,누리복지용구,B06,24311000863,20220501,43,114,20220501
,,,,,,,용암재가장기요양기관,C01,34311000105,20090130,43,111,20090123
,,,,,,,용암재가장기요양기관,C02,34311000105,20090130,43,111,20090123
,,,,,,,가경열린복지센터재가장기요양기관,C03,34311000274,20120827,43,112,20120827
,,,,,,,청주 주찬미방문간호센터,C05,34311000516,20170612,43,112,20170612
,,,,,,,주성메디칼재가장기요양기관,C06,34311000073,20080805,43,111,20080805
,,,,,,,충주노인요양원,G31,14313000110,20120824,43,130,20120824
,,,,,,,병설 영동군립주야간보호센터,H31,24374000138,20231214,43,740,20231204
,,,,,,,괴산군립치매전담요양원,M31,14376000107,20251223,43,760,20251211
,,,,,,,증평치매전문요양원,S41,14374500070,20221201,43,745,20221201
,,,,,,,참사랑노인요양원,A03,14311000042,20080613,43,112,20080609
,,,,,,,로뎀나무노인요양공동생활가정,A04,14311000346,20141022,43,111,20141022
,,,,,,,효림노인주야간보호센터,B01,24311000664,20190909,43,112,20190909
,,,,,,,보람케어노인복지센터,B02,24311000809,20210528,43,112,20210528
,,,,,,,가나노인주간보호센터,B03,24311000606,20190201,43,112,20190201
,,,,,,,나우리재가노인복지센터,B05,24311001114,20260701,43,112,20260701
,,,,,,,실버복지용구,B06,24311000904,20221201,43,112,20221201
,,,,,,,부모사랑노인복지센터,C01,34311000110,20090305,43,114,20090305
,,,,,,,예수재가장기요양기관,C02,34311000199,20100514,43,111,20100514
,,,,,,,청주노인주간보호센터,C03,34311000314,20131023,43,112,20131023
,,,,,,,청주방문간호센터,C05,34311000528,20170810,43,114,20170810
,,,,,,,모세휠체어재가장기요양기관,C06,34311000257,20120127,43,111,20120127
,,,,,,,천안제일요양원,A03,14413000003,20080509,44,131,20080402
,,,,,,,민들레요양원,A04,14413000198,20110323,44,131,20110323
,,,,,,,천안시노인종합복지관부설 천안노인복지센터,B01,24413000019,20080611,44,133,20080611
,,,,,,,이웃사랑노인복지센터,B02,24413000028,20080619,44,133,20071008
,,,,,,,천안시노인종합복지관부설 천안노인복지센터,B03,24413000020,20080618,44,133,19960819
,,,,,,,남천안노인요양원병설재가노인복지센터,B04,24413000215,20111109,44,131,20111109
,,,,,,,천안재가복지센터,B05,24413000503,20201008,44,131,20200803
,,,,,,,하은요양센터,B06,24413000301,20141219,44,133,20141219
,,,,,,,엔젤요양서비스,C01,34413000004,20080509,44,131,20070710
,,,,,,,엔젤요양서비스,C02,34413000004,20080509,44,131,20070710
,,,,,,,서로사랑노인복지센터,C03,34413000058,20080716,44,133,20080716
,,,,,,,사회복지법인 영서복지재단 충무노인복지센터,C05,34413000076,20080919,44,133,20080919
,,,,,,,엔젤요양서비스,C06,34413000004,20080509,44,131,20070710
,,,,,,,공주원로원 아담스하우스,G31,14415000012,20080612,44,150,20050818
,,,,,,,해피니스요양원,G32,14423000328,20260401,44,230,20260401
,,,,,,,천안시립노인요양원병설주야간보호센터,H31,24413000704,20260501,44,131,20260501
,,,,,,,벧엘노인복지센터,I31,34476000049,20100702,44,760,20100701
,,,,,,,벧엘노인복지센터,I32,34476000049,20100702,44,760,20100701
,,,,,,,당진전문요양원,M31,14427000124,20170101,44,270,20170101
,,,,,,,당진전문요양원,M32,14427000124,20170101,44,270,20170101
,,,,,,,당진전문요양원,M33,14427000124,20170101,44,270,20170101
,,,,,,,당진전문요양원,M34,14427000124,20170101,44,270,20170101
,,,,,,,당진전문요양원,M35,14427000124,20170101,44,270,20170101
,,,,,,,당진전문요양원,M36,14427000124,20170101,44,270,20170101
,,,,,,,천안노인전문요양원,A03,14413000007,20080528,44,131,20060127
,,,,,,,젬마의집,A04,14413000199,20110324,44,131,20110324
,,,,,,,이웃사랑노인복지센터,B01,24413000028,20080619,44,133,20071008
,,,,,,,+사랑실천복지센터,B02,24413000487,20191217,44,131,20191217
,,,,,,,느티나무노인복지센터,B03,24413000030,20080619,44,131,20060619
,,,,,,,계룡효재가노인복지센터,B04,24425000054,20170118,44,250,20170118
,,,,,,,입장한옥실버센터,B05,24413000552,20210901,44,133,20210819
,,,,,,,천안도우누리재가노인복지센터,B06,24413000499,20200102,44,131,20200102
,,,,,,,서로사랑노인복지센터,C01,34413000058,20080716,44,133,20080716
,,,,,,,서로사랑노인복지센터,C02,34413000058,20080716,44,133,20080716
,,,,,,,사회복지법인 영서복지재단 충무노인복지센터,C03,34413000076,20080919,44,133,20080919
,,,,,,,섬김노인복지센터,C05,34413000146,20091111,44,133,20091111
,,,,,,,연세의료기,C06,34413000069,20080819,44,133,20080819
,,,,,,,행복한요양원,G31,14420000203,20170712,44,200,20170712
,,,,,,,당진시립노인요양원,G32,14427000256,20250101,44,270,20250101
,,,,,,,아산재활주간보호센터,H31,24420000370,20251101,44,200,20251101
,,,,,,,부여노인주간보호센터,I31,34476000122,20191216,44,760,20191216
,,,,,,,태안군립어르신돌봄센터,M31,14482500118,20240909,44,825,20240909
,,,,,,,태안군립어르신돌봄센터,M32,14482500118,20240909,44,825,20240909
,,,,,,,실버프리 송악,M33,14483000025,20090210,44,270,20090210
,,,,,,,실버프리 송악,M34,14483000025,20090210,44,270,20090210
,,,,,,,효자의 집,A03,14413000008,20080528,44,131,20080528
,,,,,,,행복미소의집,A04,14413000223,20120117,44,133,20120117
,,,,,,,느티나무노인복지센터,B01,24413000030,20080619,44,131,20060619
,,,,,,,아가페재가복지센터,B02,24413000497,20191219,44,131,20191219
,,,,,,,남천안노인요양원병설재가노인복지센터,B03,24413000215,20111109,44,131,20111109
,,,,,,,동행랜드 핑크동,B04,24471000159,20230303,44,710,20230303
,,,,,,,더베스트방문간호요양센터,B05,24413000672,20250401,44,133,20250401
,,,,,,,제일메디컬,B06,24413000571,20220127,44,131,20220113
,,,,,,,천안우리방문요양센터,C01,34413000060,20080724,44,131,20080715
,,,,,,,하나요양보호원,C02,34413000081,20080924,44,131,20080917
,,,,,,,금빛사랑 재가장기요양기관,C03,34413000123,20090721,44,133,20090716
,,,,,,,남천안노인요양원병설재가노인복지센터,C05,34413000216,20111109,44,131,20111109
,,,,,,,충청의료기상사,C06,34413000070,20080819,44,131,20080819
,,,,,,,수린목요양원,G31,14421000117,20150101,44,210,20150101
,,,,,,,부여장수요양원,G32,14476000071,20130402,44,760,20130402
,,,,,,,마실노인복지센터,H31,24427000153,20181001,44,270,20181001
,,,,,,,내포주간보호센터,I31,34481000114,20150601,44,810,20150601
,,,,,,,실버프리 송악,M31,14483000025,20090210,44,270,20090210
,,,,,,,실버프리 송악,M32,14483000025,20090210,44,270,20090210
,,,,,,,호서노인전문요양원,A03,14413000009,20080528,44,131,20060621
,,,,,,,미소의집,A04,14413000224,20120201,44,133,20120201
,,,,,,,남천안노인요양원병설재가노인복지센터,B01,24413000215,20111109,44,131,20111109
,,,,,,,천안재가복지센터,B02,24413000503,20201008,44,131,20200803
,,,,,,,북천안요양원부설주야간보호센터,B03,24413000251,20121228,44,133,20121228
,,,,,,,대한메디컬재가복지센터,B05,24413000682,20250901,44,131,20250901
,,,,,,,효드림복지용구센터,B06,24413000586,20220530,44,133,20220518
,,,,,,,사회복지법인 영서복지재단 충무노인복지센터,C01,34413000076,20080919,44,133,20080919
,,,,,,,섬김노인복지센터,C02,34413000146,20091111,44,133,20091111
,,,,,,,해피하우스노인복지센터,C03,34413000256,20130201,44,131,20130201
,,,,,,,르모브재가간호구강센터,C05,34413000484,20191212,44,133,20191212
,,,,,,,충남의료기,C06,34413000087,20081023,44,131,20081023
,,,,,,,해피니스요양원,G31,14423000328,20260401,44,230,20260401
,,,,,,,서천 마서요양원,G32,14477000001,20080523,44,770,19820715
,,,,,,,온누리주야간보호센터,H31,24427000178,20200521,44,270,20200521
,,,,,,,사회복지법인 참사랑복지재단 참사랑요양원,M31,14483000068,20110801,44,270,20110801
,,,,,,,너싱홈 천안 간호천사,A03,14413000011,20080528,44,133,20080528
,,,,,,,초록마을공동생활가정,A04,14413000247,20121101,44,133,20121101
,,,,,,,하은요양센터,B01,24413000301,20141219,44,133,20141219
,,,,,,,으뜸재가복지센터,B02,24413000506,20201008,44,131,20200910
,,,,,,,아우내은빛복지관부설아우내노인복지센터,B03,24413000340,20160101,44,131,20010614
,,,,,,,하루 재가 방문간호센터,B05,24413000684,20251001,44,133,20251001
,,,,,,,고은빛나재가센터,B06,24413000588,20220627,44,131,20220524
,,,,,,,하나요양보호원,C01,34413000081,20080924,44,131,20080917
,,,,,,,'(A)돕는천사 벧엘 천안지사,C02,34413000156,20091229,44,131,20091229
,,,,,,,쌍용노인전문요양원병설주야간보호센터,C03,34413000317,20150513,44,133,20150513
,,,,,,,힐링재가복지센터,C05,34418000104,20140115,44,180,20140115
,,,,,,,천안아산복지용구센터,C06,34413000088,20081024,44,133,20081024
,,,,,,,당진시립노인요양원,G31,14427000256,20250101,44,270,20250101
,,,,,,,서천군노인요양시설,G32,14477000018,20081013,44,770,20081013
,,,,,,,서천노인복지센터,H31,24477000023,20090112,44,770,20050627
,,,,,,,충무원,A03,14413000089,20081107,44,131,20081107
,,,,,,,원성효그룹홈,A04,14413000295,20140707,44,131,20140707
,,,,,,,성남재가노인복지시설,B01,24413000303,20150102,44,131,20150102
,,,,,,,효드림재가복지센터,B02,24413000508,20201008,44,133,20200916
,,,,,,,우리노인주간보호센터,B03,24413000423,20180831,44,131,20180831
,,,,,,,갈릴리마을,A03,14711000004,20080527,47,113,20080307
,,,,,,,다예요양센터,A04,14711000388,20180212,47,111,20180212
,,,,,,,실버힐 재가복지센터,B01,24711000163,20100209,47,113,20100209
,,,,,,,실버힐 재가복지센터,B02,24711000163,20100209,47,113,20100209
,,,,,,,햇빛마을,B03,24711000011,20080609,47,111,20010110
,,,,,,,혜성노인복지센터,B04,24717000109,20151020,47,170,20151020
,,,,,,,우리동네 방문간호센터,B05,24711000621,20230601,47,113,20230601
,,,,,,,가온누리 복지센터,B06,24711000494,20200626,47,113,20200626
,,,,,,,죽장노인장기요양센타,C01,34711000046,20080703,47,113,20080703
,,,,,,,죽장노인장기요양센타,C02,34711000046,20080703,47,113,20080703
,,,,,,,평화의집 노인복지센터,C03,34711000132,20090916,47,111,20090916
,,,,,,,해와달노인복지센터,C04,34711000200,20111221,47,111,20111221
,,,,,,,동국 방문요양센터,C05,34711000054,20080714,47,113,20080714
,,,,,,,동산보청기의료기상사,C06,34711000060,20080826,47,113,20080806
,,,,,,,공영노인전문요양시설 사랑원,G31,14713000104,20100517,47,130,20100517
,,,,,,,공영노인전문요양시설 사랑원,G32,14713000104,20100517,47,130,20100517
,,,,,,,봉화요양원,G33,14792000001,20080522,47,920,19980728
,,,,,,,봉화요양원,G34,14792000001,20080522,47,920,19980728
,,,,,,,포항휴주간보호센터,H31,24711000679,20250301,47,113,20250301
,,,,,,,청우산대주간보호센터,H32,24713000311,20220208,47,130,20220208
,,,,,,,우현노인복지센터,I31,34711000450,20190819,47,113,20190819
,,,,,,,주식회사참사랑,I32,34719000121,20091028,47,190,20091028
,,,,,,,우현요양원,M31,14711000453,20190906,47,113,20190906
,,,,,,,우현요양원,M32,14711000453,20190906,47,113,20190906
,,,,,,,경주따뜻한집,S41,14713000134,20120713,47,130,20120713
,,,,,,,포항위덕어르신마을,A03,14711000006,20080529,47,111,20080403
,,,,,,,부영노인요양공동생활가정,A04,14711000561,20211201,47,111,20211201
,,,,,,,들꽃마을 노인복지센터,B01,24711000182,20101217,47,113,20101210
,,,,,,,유락원재가노인복지센터,B02,24711000215,20120813,47,111,20120813
,,,,,,,들꽃마을 노인복지센터,B03,24711000182,20101217,47,113,20101210
,,,,,,,보현노인복지센터,B04,24729028734,20100115,47,290,20100115
,,,,,,,우리방문간호센터,B05,24711000622,20230601,47,113,20230601
,,,,,,,부림복지용구,B06,24711000514,20201201,47,111,20201201
,,,,,,,동국 방문요양센터,C01,34711000054,20080714,47,113,20080714
,,,,,,,동국 방문요양센터,C02,34711000054,20080714,47,113,20080714
,,,,,,,가장조은복지센터,C03,34711000135,20090928,47,113,20090928
,,,,,,,심청노인복지센터,C04,34719000188,20111107,47,190,20111107
,,,,,,,경북재가요양원,C05,34711000227,20130409,47,113,20130409
,,,,,,,"파티마보조기,의료기백화점",C06,34711000094,20090202,47,113,20090202
,,,,,,,네스트빌요양원,G31,14713000370,20230224,47,130,20230224
,,,,,,,네스트빌요양원,G32,14713000370,20230224,47,130,20230224
,,,,,,,청우산대주간보호센터,H31,24713000311,20220208,47,130,20220208
,,,,,,,나천재가노인복지센터,H32,24717000003,20080626,47,170,19981228
,,,,,,,경주어르신종합돌봄센터,I31,34713000239,20190601,47,130,20190601
,,,,,,,은빛둥지,S41,14721000195,20191115,47,210,20191115
,,,,,,,포항원광보은의집,A03,14711000008,20080604,47,113,20080403
,,,,,,,포항 효 요양원,A04,14711000623,20230701,47,111,20230701
,,,,,,,유락원재가노인복지센터,B01,24711000215,20120813,47,111,20120813
,,,,,,,가온누리 복지센터,B02,24711000494,20200626,47,113,20200626
,,,,,,,선재 주야간노인센터,B03,24711000267,20141022,47,113,20141022
,,,,,,,안계노인복지센터,B04,24773000054,20080825,47,730,20080825
,,,,,,,돌보고 통합재가복지센터,B05,24711000707,20251101,47,111,20251101
,,,,,,,딜라이트(보청기),B06,24711000519,20210201,47,111,20210201
,,,,,,,은혜재가요양센터,C01,34711000065,20080911,47,113,20080911
,,,,,,,은혜재가요양센터,C02,34711000065,20080911,47,113,20080911
,,,,,,,선한이웃노인복지원,C03,34711000170,20100427,47,111,20100427
,,,,,,,(A+)황박사노치원,C04,34729028901,20180911,47,290,20180911
,,,,,,,소담방문간호센터,C05,34711000457,20191001,47,113,20191001
,,,,,,,미래복지재가센타,C06,34711000158,20100203,47,111,20100203
,,,,,,,노인요양시설 효구미실버힐,G31,14719000249,20140804,47,190,20140804
,,,,,,,보현요양원,G32,14729000004,20080603,47,290,20051226
,,,,,,,김천나눔사회적협동조합,H31,24715000275,20191220,47,150,20191220
,,,,,,,은가람재가노인복지센터,H32,24719000197,20120803,47,190,20120803
,,,,,,,주식회사참사랑,I31,34719000121,20091028,47,190,20091028
,,,,,,,금성산치매공동생활가정,S41,14773000079,20141201,47,730,20141201
,,,,,,,햇빛마을,A03,14711000010,20080609,47,111,20010103
,,,,,,,사랑의보금자리,A04,14713000016,20080609,47,130,20051104
,,,,,,,가온누리 복지센터,B01,24711000494,20200626,47,113,20200626
,,,,,,,은혜로재가복지센터,B02,24711000505,20201005,47,113,20201005
,,,,,,,효도마을 노인주간보호센터,B03,24711000271,20141101,47,111,20141101
,,,,,,,드림주간보호센터,B04,24785000189,20230401,47,850,20230401
,,,,,,,오늘방문간호요양센터,B05,24713000384,20230727,47,130,20230727
,,,,,,,선한이웃 복지용구 센터,B06,24711000551,20211001,47,113,20211001
,,,,,,,한사랑노인복지센터,C01,34711000072,20081013,47,113,20081013
,,,,,,,한사랑노인복지센터,C02,34711000072,20081013,47,113,20081013
,,,,,,,해와달노인복지센터,C03,34711000200,20111221,47,111,20111221
,,,,,,,국민건강재가복지센터,C05,34711000458,20191001,47,113,20191001
,,,,,,,수메디칼,C06,34711000181,20101129,47,113,20101129
,,,,,,,소망의집,G31,14721000003,20080529,47,210,19991130
,,,,,,,봉화요양원,G32,14792000001,20080522,47,920,19980728
,,,,,,,우리노인복지센터,H31,24715000340,20241001,47,150,20241001
,,,,,,,효구미노인복지센터,H32,24719000477,20230601,47,190,20230601
,,,,,,,대경케어노인복지센터,I31,34790000024,20100616,47,900,20100616
,,,,,,,학계노인전문요양원,A03,14711000015,20080610,47,111,20030208
,,,,,,,낮은둥지공동체,A04,14713000102,20100412,47,130,20100406
,,,,,,,한결재가복지센터,B01,24711000496,20200626,47,111,20200623
,,,,,,,보리재가복지센터,B02,24711000507,20201005,47,111,20201005
,,,,,,,환호노인복지센터,B03,24711000487,20200220,47,113,20200220
,,,,,,,예천연꽃마을 재가노인복지센터,B04,24790000392,20260602,47,900,20260602
,,,,,,,늘봄방문간호센터,B05,24713000467,20250529,47,130,20250529
,,,,,,,바른복지용구,B06,24711000595,20221101,47,111,20221101
,,,,,,,기계 효 장기요양센터,C01,34711000080,20081110,47,113,20081110
,,,,,,,기계 효 장기요양센터,C02,34711000080,20081110,47,113,20081110
,,,,,,,오천행복재가복지센터,C03,34711000273,20141112,47,111,20141112
,,,,,,,한울재가복지센터,C05,34711000467,20191120,47,113,20191120
,,,,,,,주식회사 케어스토어,C06,34711000213,20120802,47,113,20120802
,,,,,,,상주연세실버타운,G31,14725000094,20110714,47,250,20110712
,,,,,,,나천재가노인복지센터,H31,24717000003,20080626,47,170,19981228
,,,,,,,미소치매전담형 주야간보호센터,H32,24728000161,20200925,47,280,20200925
,,,,,,,유락원,A03,14711000016,20080610,47,111,20070801
,,,,,,,동진노인복지센터,A03,14811000005,20080527,48,121,20060904
,,,,,,,수산자비선원 부설 자비마을,A04,14811000007,20080529,48,121,20070313
,,,,,,,한빛노인복지센터,B01,24811000030,20080620,48,123,20041118
,,,,,,,희연재가커뮤니티케어센터,B02,24811000045,20080711,48,123,20080711
,,,,,,,동진소규모노인종합센터,B03,24811000008,20080527,48,121,20080328
,,,,,,,큰나무주간보호센터,B04,24825000612,20241231,48,250,20240927
,,,,,,,희연재가커뮤니티케어센터,B05,24811000045,20080711,48,123,20080711
,,,,,,,우리복지의료기,B06,24812000589,20200320,48,121,20200210
,,,,,,,설암재가노인복지센터,C01,34811000001,20080523,48,121,20080522
,,,,,,,설암재가노인복지센터,C02,34811000001,20080523,48,121,20080522
,,,,,,,경남다올노인복지센터,C03,34812000150,20100726,48,125,20100726
,,,,,,,가나안노인복지센터,C04,34825000252,20170413,48,250,20170413
,,,,,,,설암재가노인복지센터,C05,34811000001,20080523,48,121,20080522
,,,,,,,정우의료기,C06,34811000043,20080702,48,121,20080702
,,,,,,,효림요양원,G31,14812000478,20190601,48,129,20190601
,,,,,,,효림요양원,G32,14812000478,20190601,48,129,20190601
,,,,,,,창원삼계요양원,G33,14816000037,20080710,48,127,20080710
,,,,,,,희연치매전담형주간보호,H31,24812000761,20230113,48,121,20230113
,,,,,,,희연치매전담형주간보호,H32,24812000761,20230113,48,121,20230113
,,,,,,,태성데이케어센터,I31,34817000220,20150902,48,170,20150902
,,,,,,,연꽃노인요양원,M31,14887000034,20090612,48,870,20090612
,,,,,,,그린힐 치매전문요양센터,S41,14811000081,20090416,48,121,20090416
,,,,,,,주남요양센터,A03,14811000006,20080519,48,121,20060228
,,,,,,,아름다운요양원,A04,14811000023,20080609,48,121,20070131
,,,,,,,희연재가커뮤니티케어센터,B01,24811000045,20080711,48,123,20080711
,,,,,,,안정재활재가센터,B02,24812000359,20170727,48,121,20170727
,,,,,,,한빛노인복지센터,B03,24811000030,20080620,48,123,20041118
,,,,,,,행복한재가방문요양센터,B05,24812000624,20201015,48,121,20201006
,,,,,,,돌봄의료기복지용구,B06,24812000611,20200615,48,121,20200528
,,,,,,,은광재가복지센터,C01,34811000048,20080725,48,123,20080725
,,,,,,,은광재가복지센터,C02,34811000048,20080725,48,123,20080725
,,,,,,,소답노인장기요양센터,C03,34812000233,20130601,48,121,20130601
,,,,,,,웅동방문간호요양센터,C05,34812000263,20140827,48,129,20140827
,,,,,,,(주)한국메디칼,C06,34811000084,20090421,48,121,20090421
,,,,,,,새론케어,G31,14812000781,20230418,48,125,20230418
,,,,,,,창원삼계요양원,G32,14816000037,20080710,48,127,20080710
,,,,,,,백세시대 청춘실버케어센터,H31,24822000113,20251024,48,220,20251016
,,,,,,,백세시대 청춘실버케어센터,H32,24822000113,20251024,48,220,20251016
,,,,,,,오이주간보호센터,I31,34827000171,20190605,48,270,20190605
,,,,,,,거창시니어카운티,M31,14888000099,20240807,48,880,20240729
,,,,,,,효원실버그룹홈,S41,14817000162,20110929,48,170,20110929
,,,,,,,창원성심요양원,A03,14811000016,20080529,48,121,19981028
,,,,,,,온새미로요양원,A04,14812000153,20100824,48,121,20100824
,,,,,,,창원성심재가노인복지센터,B01,24811000063,20081118,48,121,20080908
,,,,,,,태양재가노인복지센터,B02,24812000424,20181205,48,123,20181205
,,,,,,,희연재가커뮤니티케어센터,B03,24811000045,20080711,48,123,20080711
,,,,,,,백세행복노인복지센터 내서점,B05,24812000633,20201215,48,127,20201215
,,,,,,,해피케어,B06,24812000636,20210120,48,127,20210106
,,,,,,,새경남노인복지센터,C01,34811000051,20080821,48,123,20080820
,,,,,,,새경남노인복지센터,C02,34811000051,20080821,48,123,20080820
,,,,,,,예본노인복지센터,C03,34812000260,20140801,48,121,20140801
,,,,,,,푸른방문간호요양센터,C05,34812000328,20160822,48,127,20160822
,,,,,,,국제의료기,C06,34811000085,20090421,48,121,20090420
,,,,,,,창원삼계요양원,G31,14816000037,20080710,48,127,20080710
,,,,,,,반도노인요양원,G32,14817000138,20100928,48,170,20100928
,,,,,,,사천노인복지센터,H31,24824000006,20080630,48,240,20080630
,,,,,,,양산도우누리치매전문센터,H32,24833000238,20190904,48,330,20190904
,,,,,,,효원실버그룹홈2호,S41,14817000180,20130430,48,170,20130430
,,,,,,,창원성심노인전문요양원,A03,14811000017,20080529,48,121,20011101
,,,,,,,은빛노인센터,A04,14812000180,20110601,48,129,20110601
,,,,,,,명진노인통합지원센터,B01,24812000200,20120330,48,125,20050831
,,,,,,,창원도우누리 노인통합재가센터,B02,24812000435,20190114,48,121,20190114
,,,,,,,안정재활재가센터,B03,24812000359,20170727,48,121,20170727
,,,,,,,참방문간호요양센터,B05,24812000768,20230310,48,127,20230216
,,,,,,,세종메디,B06,24812000640,20210120,48,121,20210120
,,,,,,,예명 재가복지센터,C01,34811000056,20080916,48,121,20080909
,,,,,,,예명 재가복지센터,C02,34811000056,20080916,48,121,20080909
,,,,,,,사랑방 주.야간복지센터,C03,34812000331,20160922,48,129,20160919
,,,,,,,누림재가복지센터,C05,34812000573,20191216,48,121,20191211
,,,,,,,정동통상의료기,C06,34811000105,20090916,48,121,20090916
,,,,,,,공덕의집 노인요양원,G31,14817000013,20080528,48,170,20080527
,,,,,,,사천노인전문요양원,G32,14824000004,20080630,48,240,20080630
,,,,,,,사천기억학교,H31,24824000133,20171205,48,240,20171205
,,,,,,,효원실버그룹홈3호,S41,14817000233,20160104,48,170,20160104
,,,,,,,다솜창원노인복지센터,A03,14811000133,20100301,48,121,20100301
,,,,,,,늘돌봄요양센터,A04,14812000189,20110803,48,125,20110803
,,,,,,,안정재활재가센터,B01,24812000359,20170727,48,121,20170727
,,,,,,,선일데이케어센터,B02,24812000437,20190121,48,121,20190121
,,,,,,,남가람 노인 통합지원센터,B03,24812000415,20181030,48,125,20181030
,,,,,,,창원 효사랑주간보호센터,B05,24812000847,20240422,48,121,20240422
,,,,,,,해피한 복지용구사업소,B06,24812000739,20220920,48,127,20220920
,,,,,,,늘돌봄터,C01,34811000067,20090219,48,125,20090213
,,,,,,,늘돌봄터,C02,34811000067,20090219,48,125,20090213
,,,,,,,행복나눔재가장기요양기관,C03,34812000358,20170719,48,121,20170719
,,,,,,,재가장기요양기관 새론,C05,34816000145,20100601,48,125,20100601
,,,,,,,(주)하울,C06,34812000170,20110411,48,127,20110411
,,,,,,,반도노인요양원,G31,14817000138,20100928,48,170,20100928
,,,,,,,사천행복요양원,G32,14824000059,20100301,48,240,20100301
,,,,,,,㈜케어링 주간보호센터 김해점,H31,24825000536,20230901,48,250,20230721
,,,,,,,풀꽃사랑채,S41,14833000226,20190409,48,330,20190409
,,,,,,,소답노인요양센터,A03,14812000197,20111226,48,121,20111226
,,,,,,,에버그린 실버홈,A04,14812000306,20160205,48,129,20160205
,,,,,,,남가람 노인 통합지원센터,B01,24812000415,20181030,48,125,20181030
,,,,,,,다안재가복지센터,B02,24812000594,20200409,48,121,20200330
,,,,,,,태양재가노인복지센터,B03,24812000424,20181205,48,123,20181205
,,,,,,,창원 효 방문간호재가센터,B05,24812000850,20240422,48,123,20240422
,,,,,,,효담 재가노인복지센터,B06,24812000767,20230313,48,125,20230313
,,,,,,,영남방문요양센터,C01,34811000071,20090305,48,123,20090302
,,,,,,,영남방문요양센터,C02,34811000071,20090305,48,123,20090302
,,,,,,,한울노인복지기관,C03,34812000375,20180302,48,125,20180302
,,,,,,,한경원광소규모요양시설,A03,15011000001,20080509,50,110,20070615
,,,,,,,서부요양원,A04,15011000163,20111018,50,110,20111018
,,,,,,,동제주노인복지센터,B01,25011000003,20080526,50,110,20060106
,,,,,,,한경원광소규모요양시설,B02,25011000002,20080509,50,110,20070615
,,,,,,,한경원광소규모요양시설,B03,25011000002,20080509,50,110,20070615
,,,,,,,서귀포공립요양원 주간보호센터,B04,25013000127,20220302,50,130,20220222
,,,,,,,한울재가복지센터,B05,25011000314,20200521,50,110,20200504
,,,,,,,한라복지용구센터,B06,25011000334,20211102,50,110,20210901
,,,,,,,세모바퀴재가장기요양기관,C01,35011000017,20080611,50,110,20080611
,,,,,,,세모바퀴재가장기요양기관,C02,35011000017,20080611,50,110,20080611
,,,,,,,저청노인복지센터,C03,35011000096,20090501,50,110,20090501
,,,,,,,제주방문간호센터,C05,35011000031,20080623,50,110,20080623
,,,,,,,힘찬노인복지센터,C06,35011000051,20080704,50,110,20080704
,,,,,,,제주특별자치도립노인요양원,G31,15011000131,20100615,50,110,20100615
,,,,,,,제주특별자치도립노인요양원,G32,15011000131,20100615,50,110,20100615
,,,,,,,제주특별자치도립노인요양원 부설 주야간보호센터,H31,25011000328,20210801,50,110,20210801
,,,,,,,제주특별자치도립노인요양원 부설 주야간보호센터,H32,25011000328,20210801,50,110,20210801
,,,,,,,서귀포공립요양원,M31,15013000123,20200703,50,130,20200629
,,,,,,,서귀포공립요양원,M32,15013000123,20200703,50,130,20200629
,,,,,,,제주요양원,A03,15011000005,20080602,50,110,19920301
,,,,,,,서부노인요양원,A04,15011000165,20111121,50,110,20111121
,,,,,,,은빛마을노인복지센터,B01,25011000004,20080529,50,110,20060601
,,,,,,,동제주노인복지센터,B02,25011000003,20080526,50,110,20060106
,,,,,,,은빛마을노인복지센터,B03,25011000004,20080529,50,110,20060601
,,,,,,,올레재가복지센터,B05,25011000342,20220331,50,110,20220218
,,,,,,,설문대 복지용구,B06,25011000346,20220429,50,110,20220419
,,,,,,,엔젤방문요양지원센터,C01,35011000019,20080612,50,110,20080603
,,,,,,,엔젤방문요양지원센터,C02,35011000019,20080612,50,110,20080603
,,,,,,,효심노인복지센터,C03,35011000098,20090515,50,110,20090515
,,,,,,,참된장기요양기관,C05,35011000099,20090518,50,110,20090518
,,,,,,,한라의료기,C06,35011000077,20081203,50,110,20081202
,,,,,,,정효원,G31,15011000245,20150521,50,110,20150521
,,,,,,,정효원,G32,15011000245,20150521,50,110,20150521
,,,,,,,서귀포공립요양원 주간보호센터,H31,25013000127,20220302,50,130,20220222
,,,,,,,주사랑요양원,A03,15011000006,20080602,50,110,20040504
,,,,,,,아름마을 요양원,A04,15011000200,20130524,50,110,20130524
,,,,,,,제주원광재가노인복지센터,B01,25011000008,20080602,50,110,19960906
,,,,,,,은빛마을노인복지센터,B02,25011000004,20080529,50,110,20060601
,,,,,,,제주원광재가노인복지센터,B03,25011000008,20080602,50,110,19960906
,,,,,,,제주두성통합재가센터,B05,25011000356,20221031,50,110,20220923
,,,,,,,나눔복지용구센터,B06,25011000348,20220530,50,110,20220429
,,,,,,,제주방문간호센터,C01,35011000031,20080623,50,110,20080623
,,,,,,,제주방문간호센터,C02,35011000031,20080623,50,110,20080623
,,,,,,,탐모라노인복지센터,C03,35011000114,20091211,50,110,20091208
,,,,,,,반딧불복지센터,C05,35011000235,20150205,50,110,20150205
,,,,,,,행복나눔(복지용구),C06,35011000089,20090409,50,110,20090409
,,,,,,,성이시돌요양원,A03,15011000010,20080603,50,110,20030630
,,,,,,,둥지노인요양공동생활가정,A04,15011000202,20130708,50,110,20130708
,,,,,,,제주노인복지센터,B01,25011000026,20080619,50,110,20040915
,,,,,,,제주원광재가노인복지센터,B02,25011000008,20080602,50,110,19960906
,,,,,,,삼양소규모노인종합센터,B03,25011000036,20080624,50,110,20071011
,,,,,,,이웃집재가복지센터,B05,25011000396,20240718,50,110,20240531
,,,,,,,하나노인복지센터,B06,25011000353,20220923,50,110,20220824
,,,,,,,힘찬노인복지센터,C01,35011000051,20080704,50,110,20080704
,,,,,,,힘찬노인복지센터,C02,35011000051,20080704,50,110,20080704
,,,,,,,탐라노인복지센터,C03,35011000136,20100803,50,110,20100803
,,,,,,,간호사가 여는  빛사랑통합돌봄재활센터,C05,35011000296,20190403,50,110,20190403
,,,,,,,노인복지용구사업소,C06,35011000101,20090609,50,110,20090609
,,,,,,,소망요양원,A03,15011000011,20080603,50,110,20040504
,,,,,,,동문요양원,A04,15011000256,20151120,50,110,20151120
,,,,,,,주사랑소규모요양원,B01,25011000082,20090205,50,110,20090205
,,,,,,,제주노인복지센터,B02,25011000026,20080619,50,110,20040915
,,,,,,,제광원소규모요양시설,B03,25011000080,20090114,50,110,20090114
,,,,,,,나무재가복지센터,B05,25011000398,20241226,50,110,20240822
,,,,,,,중앙로복지용구센터,B06,25011000360,20230227,50,110,20230202
,,,,,,,참사랑재가장기요양기관,C01,35011000062,20080811,50,110,20080811
,,,,,,,효심노인복지센터,C02,35011000098,20090515,50,110,20090515
,,,,,,,다솜노인종합복지센터,C03,35011000188,20121217,50,110,20121213
,,,,,,,효드림노인복지센터,C06,35011000149,20110131,50,110,20110131
,,,,,,,세화요양원,A03,15011000012,20080603,50,110,20050728
,,,,,,,낭그늘요양원,A04,15011000264,20160920,50,110,20160920
,,,,,,,성안노인복지센터,B01,25011000087,20090401,50,110,20090401
,,,,,,,주사랑소규모요양원,B02,25011000082,20090205,50,110,20090205
,,,,,,,주사랑소규모요양원,B03,25011000082,20090205,50,110,20090205
,,,,,,,돌담재가노인복지센터,B05,25011000402,20250513,50,110,20250311
,,,,,,,그린메디복지용구,B06,25011000372,20230609,50,110,20230504
,,,,,,,진영노인복지센터,C01,35011000067,20080916,50,110,20080911
,,,,,,,참된장기요양기관,C02,35011000099,20090518,50,110,20090518
,,,,,,,다올주야간보호센터,C03,35011000218,20140103,50,110,20140103
,,,,,,,빛사랑복지센터,C06,35011000161,20110630,50,110,20110630
,,,,,,,보은의집,A03,15011000013,20080603,50,110,20040426
,,,,,,,신촌실버복지센터,A04,15011000320,20210512,50,110,20210325
,,,,,,,전원요양원,B01,25011000124,20100323,50,110,20100323
,,,,,,,성안노인복지센터,B02,25011000087,20090401,50,110,20090401
,,,,,,,노인복지센터 연화원,B03,25011000091,20090422,50,110,20090422
,,,,,,,수호통합재가복지센터,B05,25011000405,20250513,50,110,20250401
,,,,,,,제주케어메디칼,B06,25011000383,20230922,50,110,20230830
,,,,,,,행복한재가요양기관,C01,35011000073,20081027,50,110,20081027
,,,,,,,탐라노인복지센터,C02,35011000136,20100803,50,110,20100803
,,,,,,,다원노인복지센터,C03,35011000230,20140929,50,110,20140929
,,,,,,,제주의료복지용구기관,C06,35011000162,20111007,50,110,20111007
,,,,,,,제주태고원,A03,15011000015,20080604,50,110,20050126
,,,,,,,어르신요양가정 효누리,A04,15011000422,20251224,50,110,20251128
,,,,,,,한림주간보호센터,B01,25011000298,20190509,50,110,20190509
,,,,,,,전원요양원,B02,25011000124,20100323,50,110,20100323
,,,,,,,전원요양원,B03,25011000124,20100323,50,110,20100323
,,,,,,,제주 진심돌봄 통합재가복지센터,B06,25011000391,20231222,50,110,20231121
,,,,,,,효심노인복지센터,C01,35011000098,20090515,50,110,20090515
,,,,,,,한마음복지센터,C02,35011000140,20100930,50,110,20100930
,,,,,,,오라노인주간보호센터,C03,35011000234,20141112,50,110,20141112
,,,,,,,양지노인마을,A03,14211000010,20080624,51,110,20050318
,,,,,,,춘천평화노인마을,A04,14211000120,20100113,51,110,20100113
,,,,,,,춘천효자종합사회복지관부설춘천효자노인복지센터,B01,24211000017,20080624,51,110,19910314
,,,,,,,춘천효자종합사회복지관부설춘천효자노인복지센터,B02,24211000017,20080624,51,110,19910314
,,,,,,,운교노인복지센터,B03,24211000216,20140501,51,110,20140501
,,,,,,,사랑채움재가복지센터,B04,24215000357,20220203,51,150,20220118
,,,,,,,"""춘천희망""복지센터",B05,24211000228,20141006,51,110,20141006
,,,,,,,주식회사엘케어,B06,24211000472,20220627,51,110,20220620
,,,,,,,그린노인복지센터,C01,34211000052,20081009,51,110,20081009
,,,,,,,그린노인복지센터,C02,34211000052,20081009,51,110,20081009
,,,,,,,천사노인복지센터,C03,34211000070,20090218,51,110,20090212
,,,,,,,그린노인복지센터,C05,34211000052,20081009,51,110,20081009
,,,,,,,고려의료기,C06,34211000002,20080607,51,110,20080607
,,,,,,,세실요양원,G31,14211000383,20191001,51,110,20191001
,,,,,,,원주보훈요양원,G32,14213000345,20201214,51,130,20201212
,,,,,,,너브내노인전문요양원,G33,14272000041,20100408,51,720,20100408
,,,,,,,정선군노인요양원,G34,14277000010,20080625,51,770,20070125
,,,,,,,정선군노인요양원,G35,14277000010,20080625,51,770,20070125
,,,,,,,정선군노인요양원,G36,14277000010,20080625,51,770,20070125
,,,,,,,동해이레복지센터,H31,24217000070,20150624,51,170,20141128
,,,,,,,동해이레복지센터,H32,24217000070,20150624,51,170,20141128
,,,,,,,안식의 집,M31,14219000001,20080605,51,190,20080530
,,,,,,,철원군노인전문요양원,M32,14278000001,20080609,51,780,20050303
,,,,,,,강릉시립노인요양센터,M33,15115000446,20251017,51,150,20250811
,,,,,,,화천군 치매전담형 종합노인요양시설 공동생활가정,S41,15179000032,20250818,51,790,20250730
,,,,,,,연화마을,A03,14211000011,20080624,51,110,20050830
,,,,,,,예다온,A04,14211000130,20100713,51,110,20100713
,,,,,,,운교노인복지센터,B01,24211000216,20140501,51,110,20140501
,,,,,,,운교노인복지센터,B02,24211000216,20140501,51,110,20140501
,,,,,,,"""춘천희망""복지센터",B03,24211000228,20141006,51,110,20141006
,,,,,,,좋은복지센터,B04,25115000411,20240301,51,150,20240206
,,,,,,,A+중앙통합복지센터,B05,24211000421,20200901,51,110,20200901
,,,,,,,백세의료기기,B06,24213000335,20200801,51,130,20200617
,,,,,,,우리재가복지센터,C01,34211000053,20081016,51,110,20081014
,,,,,,,천사노인복지센터,C02,34211000070,20090218,51,110,20090212
,,,,,,,수빈재가노인복지센터,C03,34211000313,20170608,51,110,20170608
,,,,,,,우리재가복지센터,C05,34211000053,20081016,51,110,20081014
,,,,,,,강원의료기상사,C06,34211000035,20080708,51,110,20080624
,,,,,,,원주성문요양원,G31,14213000109,20100503,51,130,20100503
,,,,,,,너브내노인전문요양원,G32,14272000041,20100408,51,720,20100408
,,,,,,,정선군노인요양원,G33,14277000010,20080625,51,770,20070125
,,,,,,,햇빛나눔노인복지센터,H31,24219000019,20150701,51,190,20150701
,,,,,,,철원군노인전문요양원,M31,14278000001,20080609,51,780,20050303
,,,,,,,강릉시립노인요양센터,M32,15115000446,20251017,51,150,20250811
,,,,,,,춘천원광효도의집,A03,14211000014,20080624,51,110,20050921
,,,,,,,봄내공동생활가정,A04,14211000155,20110622,51,110,20110622
,,,,,,,"""춘천희망""복지센터",B01,24211000228,20141006,51,110,20141006
,,,,,,,"""춘천희망""복지센터",B02,24211000228,20141006,51,110,20141006
,,,,,,,A+춘천시니어복지센터,B03,24211000253,20151005,51,110,20151005
,,,,,,,온누리재가요양센터,B05,24211000498,20230101,51,110,20230101
,,,,,,,성지의료기,B06,24213000347,20201222,51,130,20201214
,,,,,,,천사노인복지센터,C01,34211000070,20090218,51,110,20090212
,,,,,,,노인방문요양센터 에벤에셀,C02,34211000089,20090706,51,110,20090630
,,,,,,,참조은노인복지센터,C03,34211000328,20180201,51,110,20180201
,,,,,,,천사노인복지센터,C05,34211000070,20090218,51,110,20090212
,,,,,,,솔루션복지용구지원센터,C06,34211000041,20080709,51,110,20080709
,,,,,,,원주보훈요양원,G31,14213000345,20201214,51,130,20201212
,,,,,,,예가노인전문요양원,G32,14275000010,20080811,51,750,20080811
,,,,,,,중앙노인복지센터,H31,24272000013,20080630,51,720,20011204
,,,,,,,강릉시립노인요양센터,M31,15115000446,20251017,51,150,20250811
,,,,,,,춘천시립요양원,A03,14211000019,20080625,51,110,19950101
,,,,,,,아름다운요양원,A04,14211000160,20111101,51,110,20111101
,,,,,,,A+춘천시니어복지센터,B01,24211000253,20151005,51,110,20151005
,,,,,,,Ⅱ희망노인주야간보호센터,B02,24211000357,20190213,51,110,20190213
,,,,,,,춘천중앙노인복지센터,B03,24211000282,20160801,51,110,20160801
,,,,,,,숨케어재가복지센터,B05,24211000511,20230401,51,110,20230301
,,,,,,,누가119의료기,B06,24213000394,20220501,51,130,20220501
,,,,,,,노인방문요양센터 에벤에셀,C01,34211000089,20090706,51,110,20090630
,,,,,,,동원노인복지센터,C02,34211000148,20110210,51,110,20110210
,,,,,,,스마일 재가노인복지센터,C03,34211000342,20180611,51,110,20180611
,,,,,,,강릉사랑재가복지센터,C05,34215000023,20080624,51,150,20080623
,,,,,,,100세동안 춘천점,C06,34211000158,20110901,51,110,20110901
,,,,,,,갈바리노인요양원,G31,14215000221,20160108,51,150,20160108
,,,,,,,정선군노인요양원,G32,14277000010,20080625,51,770,20070125
,,,,,,,강릉시립주야간보호센터,H31,25115000447,20251017,51,150,20250811
,,,,,,,엘림원,A03,14211000038,20080701,51,110,20080403
,,,,,,,노아요양원,A04,14211000169,20120901,51,110,20120901
,,,,,,,Ⅱ희망노인주야간보호센터,B01,24211000357,20190213,51,110,20190213
,,,,,,,춘천노인복지센터,B02,24211000369,20190614,51,110,20190614
,,,,,,,Ⅱ희망노인주야간보호센터,B03,24211000357,20190213,51,110,20190213
,,,,,,,+조해숙재가복지센터,B05,24213000388,20220228,51,130,20220228
,,,,,,,라온라이프케어,B06,24213000422,20230101,51,130,20230101
,,,,,,,동원노인복지센터,C01,34211000148,20110210,51,110,20110210
,,,,,,,자양방문노인복지센터,C02,34211000263,20160202,51,110,20160202
,,,,,,,효섬김재가복지센터,C03,34213000174,20131219,51,130,20131219
,,,,,,,동해방문간호센터,C05,34217000098,20191129,51,170,20191129
,,,,,,,A플러스 복지용구,C06,34211000323,20171101,51,110,20171101
,,,,,,,이레마을노인요양원,G31,14217000003,20080624,51,170,20021015
,,,,,,,삼척시립 도계요양원,G32,15123000131,20250801,51,230,20250217
,,,,,,,화천군 치매전담형 종합노인요양시설 주간보호센터,H31,25179000033,20250818,51,790,20250730
,,,,,,,소망의집,A03,14211000124,20100301,51,110,20100301
,,,,,,,다나은공동생활,A04,14211000279,20160727,51,110,20160727
,,,,,,,춘천노인복지센터,B01,24211000369,20190614,51,110,20190614
,,,,,,,다사랑실버케어,B02,24211000373,20190701,51,110,20190701
,,,,,,,다사랑실버케어,B03,24211000373,20190701,51,110,20190701
,,,,,,,착한사랑재가복지센터,B05,24215000293,20190808,51,150,20190808
,,,,,,,부영의료기,B06,24215000342,20210628,51,150,20210524
,,,,,,,자양방문노인복지센터,C01,34211000263,20160202,51,110,20160202
,,,,,,,샬롬재가복지센터,C02,34211000265,20160304,51,110,20160225
,,,,,,,시니어데이케어 주은 원주센터,C03,34213000282,20181113,51,130,20181113
,,,,,,,성예전문요양원,A03,14511000001,20080523,52,111,20080523
,,,,,,,반석의집,A04,14511000041,20080620,52,113,20020814
,,,,,,,전주중앙노인복지센터,B01,24511000024,20080613,52,111,20080603
,,,,,,,엘림 노인복지센터,B02,24511000364,20131120,52,111,20131120
,,,,,,,서원노인주간보호센터,B03,24511000076,20080707,52,111,20080707
,,,,,,,다온노인복지센터,B04,25280000187,20241216,52,800,20241209
,,,,,,,돌봄재가복지센터,B05,24511000683,20210621,52,111,20210621
,,,,,,,가정복지용구,B06,24511000645,20200423,52,113,20200423
,,,,,,,예찬365일데이케어,C01,34511000003,20080521,52,113,20080521
,,,,,,,예찬365일데이케어,C02,34511000003,20080521,52,113,20080521
,,,,,,,예찬365일데이케어,C03,34511000003,20080521,52,113,20080521
,,,,,,,하나방문간호센터,C05,34511000415,20150914,52,111,20150914
,,,,,,,예찬365일데이케어,C06,34511000003,20080521,52,113,20080521
,,,,,,,전주요양원,G31,14511000002,20080523,52,113,20080523
,,,,,,,전주요양원,G32,14511000002,20080523,52,113,20080523
,,,,,,,전주요양원,G33,14511000002,20080523,52,113,20080523
,,,,,,,전주요양원,G34,14511000002,20080523,52,113,20080523
,,,,,,,전주 재활전문 주간보호센터,H31,24511000576,20190501,52,111,20190501
,,,,,,,이웃사랑노인주간보호센터,I31,34519000115,20190108,52,190,20190108
,,,,,,,서전주요양원,M31,14511000026,20080609,52,111,20080609
,,,,,,,전주요양원,A03,14511000002,20080523,52,113,20080523
,,,,,,,전주인보노인복지센터,A04,14511000290,20110201,52,111,20110201
,,,,,,,엘림 노인복지센터,B01,24511000364,20131120,52,111,20131120
,,,,,,,전주사회서비스 재가노인복지센터,B02,24511000367,20140102,52,111,20140102
,,,,,,,전주 인보노인복지센터,B03,24511000083,20080714,52,111,20080714
,,,,,,,(유)행복한주간보호센터,B04,25280000190,20250708,52,800,20250617
,,,,,,,엔케어재가복지센터,B05,24511000753,20230306,52,111,20230222
,,,,,,,동행케어,B06,24511000651,20200819,52,113,20200819
,,,,,,,성목노인복지기관,C01,34511000081,20080710,52,111,20080710
,,,,,,,성목노인복지기관,C02,34511000081,20080710,52,111,20080710
,,,,,,,비전재가복지센터,C03,34511000127,20081212,52,111,20081212
,,,,,,,더행복플러스재가복지센터,C05,34511000501,20171127,52,113,20171127
,,,,,,,대성의료기,C06,34511000008,20080530,52,111,20080530
,,,,,,,전주보훈요양원,G31,14511000718,20220426,52,111,20220426
,,,,,,,전주보훈요양원,G32,14511000718,20220426,52,111,20220426
,,,,,,,군산행복한집,G33,14513000009,20080925,52,130,20031224
,,,,,,,군산행복한집,G34,14513000009,20080925,52,130,20031224
,,,,,,,씨앗노인복지센터,H31,24513000149,20111004,52,130,20111004
,,,,,,,원광 재활전문 주야간보호센터,I31,34579000039,20110311,52,790,20110311
,,,,,,,선덕효심원,A03,14511000015,20080530,52,111,20080530
,,,,,,,사랑의문,A04,14511000308,20110622,52,113,20110622
,,,,,,,전주사회서비스 재가노인복지센터,B01,24511000367,20140102,52,111,20140102
,,,,,,,예은재가노인복지센터,B02,24511000551,20190102,52,111,20190102
,,,,,,,즐거운집노인복지센터,B03,24511000244,20100203,52,113,20100202
,,,,,,,우리마을재가방문센터,B05,24511000765,20230501,52,113,20230418
,,,,,,,마더의료기,B06,24511000690,20210729,52,111,20210628
,,,,,,,건강한마을노인복지센터,C01,34511000085,20080714,52,111,20080714
,,,,,,,건강한마을노인복지센터,C02,34511000085,20080714,52,111,20080714
,,,,,,,전북실버복지센터,C03,34511000136,20090113,52,113,20090113
,,,,,,,정현방문간호센터,C05,34511000508,20180302,52,111,20180302
,,,,,,,백제의료기,C06,34511000087,20080715,52,111,20080715
,,,,,,,시온의집,G31,14513000001,20080603,52,130,20050704
,,,,,,,시온의집,G32,14513000001,20080603,52,130,20050704
,,,,,,,지리산주간보호센터,H31,24519000023,20080620,52,190,20080620
,,,,,,,서전주요양원,A03,14511000026,20080609,52,111,20080609
,,,,,,,감나무요양원,A04,14511000371,20140201,52,111,20140201
,,,,,,,다사랑노인복지센터,B01,24511000372,20140210,52,111,20140210
,,,,,,,전주재활주야간보호센터,B02,24511000555,20190208,52,111,20190208
,,,,,,,안골노인복지센터,B03,24511000282,20101220,52,113,20101220
,,,,,,,행복나눔재가복지센터,B05,24511000770,20230703,52,111,20230616
,,,,,,,참사랑복지용구,B06,24511000700,20211123,52,113,20211021
,,,,,,,GIP홈케어,C01,34511000103,20080829,52,111,20080829
,,,,,,,GIP홈케어,C02,34511000103,20080829,52,111,20080829
,,,,,,,효자복지센터,C03,34511000148,20090313,52,111,20090313
,,,,,,,간호천사노인복지센터,C05,34511000588,20190617,52,113,20190617
,,,,,,,건강우리의료기,C06,34511000088,20080715,52,111,20080715
,,,,,,,군산행복한집,G31,14513000009,20080925,52,130,20031224
,,,,,,,군산행복한집,G32,14513000009,20080925,52,130,20031224
,,,,,,,김제노인복지센터,H31,24521000010,20080605,52,210,20011109
,,,,,,,은혜요양원,A03,14511000027,20080609,52,113,20050905
,,,,,,,드림요양원,A04,14511000661,20201005,52,113,20201005
,,,,,,,예은재가노인복지센터,B01,24511000551,20190102,52,111,20190102
,,,,,,,사회적협동조합 새샘노인복지센터,B02,24511000561,20190228,52,111,20190228
,,,,,,,늘푸른집 주야간보호센터,B03,24511000316,20110907,52,113,20110907
,,,,,,,다인재가복지센터,B05,24511000789,20231204,52,111,20231106
,,,,,,,백세의료기기,B06,24511000719,20220419,52,111,20220405
,,,,,,,한사랑 재가복지센터,C01,34511000125,20081126,52,111,20081126
,,,,,,,한사랑 재가복지센터,C02,34511000125,20081126,52,111,20081126
,,,,,,,코리아복지요양센터,C03,34511000335,20120712,52,113,20120712
,,,,,,,정성방문간호센터,C05,34513000026,20080630,52,130,20080630
,,,,,,,상아의료기,C06,34511000120,20081112,52,113,20081112
,,,,,,,백향노인전문요양원,G31,14514000005,20080620,52,140,20050408
,,,,,,,백향노인전문요양원,G32,14514000005,20080620,52,140,20050408
,,,,,,,예은노인복지센터,H31,24571000009,20080613,52,710,20080613
,,,,,,,하늘나무복지원,A03,14511000029,20080616,52,111,20080613
,,,,,,,가나안요양원,A04,14511000801,20240102,52,111,20231226
,,,,,,,전주재활주야간보호센터,B01,24511000555,20190208,52,111,20190208
,,,,,,,안디옥노인통합지원센터,B02,24511000563,20190304,52,113,20190304
,,,,,,,전주사회서비스 재가노인복지센터,B03,24511000367,20140102,52,111,20140102
,,,,,,,군산최영희재가노인복지센터,B05,24513000353,20210111,52,130,20201218
,,,,,,,맘편한의료기,B06,24511000720,20220419,52,113,20220401
,,,,,,,비전재가복지센터,C01,34511000127,20081212,52,111,20081212
,,,,,,,비전재가복지센터,C02,34511000127,20081212,52,111,20081212
,,,,,,,사랑방노인복지센터,C03,34511000346,20130104,52,111,20130104
,,,,,,,가정노인복지센터,C05,34513000063,20090421,52,130,20090421
,,,,,,,연세물산,C06,34511000132,20081217,52,111,20081217
,,,,,,,사랑방요양원,G31,14514000455,20201217,52,140,20201207
,,,,,,,크로바실버빌,G32,14518000021,20080731,52,180,20080731
,,,,,,,믿음의집 병설 밀알재가노인복지센터,H31,24572000046,20130301,52,720,20130301
,,,,,,,따뜻한사랑의집,A03,14511000030,20080616,52,113,20070102
