지역키,sido_name,sigungu_name,region_code,demand_value,total_population,elderly_population,elderly_single_households,current_resource,aging_rate,elderly_single_household_index,service,resource_type,demand_scenario,current_supply_rate,target_scenario,target_supply_rate,target_resource,continuous_gap,integer_need,provider_missing,eligible_for_allocation,allocation_cap,vulnerability_score
경기도|연천군,경기도,연천군,41800,1694.5,42977,14788,5073,1.0,34.40910254322079,34.3048417635921,visit_nursing,institution,ltci_midpoint,0.5901445854234287,county_median,0.4134130418495324,0.7005283994140327,0.0,0,False,False,2,-0.8341130156300356
경기도|가평군,경기도,가평군,41820,2497.5,62041,21597,7681,1.0,34.81085088892829,35.56512478584989,visit_nursing,institution,ltci_midpoint,0.4004004004004004,county_median,0.4134130418495324,1.0324990720192073,0.03249907201920732,1,False,True,2,-0.6051631039795765
경기도|양평군,경기도,양평군,41830,4810.5,126822,43216,13464,1.0,34.07610666918989,31.155127730470195,visit_nursing,institution,ltci_midpoint,0.20787859889824342,county_median,0.4134130418495324,1.9887234378171756,0.9887234378171756,1,False,True,2,-1.354002110776552
충청북도|보은군,충청북도,보은군,43720,1853.5,31181,13525,4769,0.0,43.37577370834803,35.26062846580407,visit_nursing,institution,ltci_midpoint,0.0,county_median,0.4134130418495324,0.7662610730681083,0.7662610730681083,1,True,True,2,0.014673453402190617
충청북도|옥천군,충청북도,옥천군,43730,2494.5,50547,18901,6548,2.0,37.392921439452394,34.64366964710862,visit_nursing,institution,ltci_midpoint,0.8017638805371818,county_median,0.4134130418495324,1.0312588328936585,0.0,0,False,False,2,-0.5484066819200446
충청북도|영동군,충청북도,영동군,43740,2642.5,43011,17768,6398,2.0,41.31036246541582,36.008554705087796,visit_nursing,institution,ltci_midpoint,0.7568590350047304,county_median,0.4134130418495324,1.0924439630873894,0.0,0,False,False,2,-0.02902486989295594
충청북도|증평군,충청북도,증평군,43745,1208.5,36741,8781,3173,0.0,23.899730546256226,36.134836578977335,visit_nursing,institution,ltci_midpoint,0.0,county_median,0.4134130418495324,0.4996096610751599,0.4996096610751599,1,True,True,2,-1.366281744361387
충청북도|진천군,충청북도,진천군,43750,1967.5,85569,18464,5943,1.0,21.57790788720214,32.18695840554593,visit_nursing,institution,ltci_midpoint,0.5082592121982211,county_median,0.4134130418495324,0.813390159838955,0.0,0,False,False,2,-2.1663556677033737
충청북도|괴산군,충청북도,괴산군,43760,1594.0,37415,16412,5875,0.0,43.86476012294535,35.79697782110651,visit_nursing,institution,ltci_midpoint,0.0,county_median,0.4134130418495324,0.6589803887081547,0.6589803887081547,1,True,True,2,0.13689676730574335
충청북도|음성군,충청북도,음성군,43770,2769.5,95954,26403,9003,1.0,27.51630989849303,34.09839790932849,visit_nursing,institution,ltci_midpoint,0.3610760064993681,county_median,0.4134130418495324,1.14494741940228,0.14494741940227995,1,False,True,2,-1.4037414449250742
충청북도|단양군,충청북도,단양군,43800,1098.5,26628,11286,4144,0.0,42.38395673726904,36.71805777068935,visit_nursing,institution,ltci_midpoint,0.0,county_median,0.4134130418495324,0.45413422647171137,0.45413422647171137,1,True,True,2,0.16591905189001477
충청남도|금산군,충청남도,금산군,44710,2943.0,48939,19220,6934,2.0,39.27338114795971,36.07700312174818,visit_nursing,institution,ltci_midpoint,0.6795786612300374,county_median,0.4134130418495324,1.216674582163174,0.0,0,False,False,2,-0.17706204673266548
충청남도|부여군,충청남도,부여군,44760,3443.0,57762,25613,8850,2.0,44.3423011668571,34.55276617342756,visit_nursing,institution,ltci_midpoint,0.5808887598024979,county_median,0.4134130418495324,1.4233811030879402,0.0,0,False,False,2,-0.020997220906607217
충청남도|서천군,충청남도,서천군,44770,3164.5,46761,20945,7437,1.0,44.791599837471395,35.50728097397947,visit_nursing,institution,ltci_midpoint,0.31600568810238583,county_median,0.4134130418495324,1.3082455709328453,0.3082455709328453,1,False,True,2,0.1637088050125447
충청남도|청양군,충청남도,청양군,44790,1595.0,30051,12963,4309,0.0,43.13666766496955,33.24076216925094,visit_nursing,institution,ltci_midpoint,0.0,county_median,0.4134130418495324,0.6593938017500042,0.6593938017500042,1,True,True,2,-0.3207162465664129
충청남도|홍성군,충청남도,홍성군,44800,4122.0,101566,29222,9328,3.0,28.77143926117008,31.92115529395661,visit_nursing,institution,ltci_midpoint,0.727802037845706,county_median,0.4134130418495324,1.7040885585037726,0.0,0,False,False,2,-1.6473434953261967
충청남도|예산군,충청남도,예산군,44810,3516.0,78318,29283,9243,8.0,37.38987206006282,31.564388894580475,visit_nursing,institution,ltci_midpoint,2.2753128555176336,county_median,0.4134130418495324,1.453560255142956,0.0,0,False,False,2,-1.0315330619470107
충청남도|태안군,충청남도,태안군,44825,2568.0,59039,24025,8296,3.0,40.6934399295381,34.53069719042664,visit_nursing,institution,ltci_midpoint,1.1682242990654206,county_median,0.4134130418495324,1.0616446914695994,0.0,0,False,False,2,-0.3088661335074567
전라남도|담양군,전라남도,담양군,46710,2475.5,44031,16914,5979,2.0,38.41384479116986,35.349414686058886,visit_nursing,institution,ltci_midpoint,0.8079175924055746,county_median,0.4134130418495324,1.0234039850985175,0.0,0,False,False,2,-0.3581574890152635
전라남도|곡성군,전라남도,곡성군,46720,1768.5,27657,11583,4598,3.0,41.88089814513505,39.69610636277303,visit_nursing,institution,ltci_midpoint,1.6963528413910094,county_median,0.4134130418495324,0.7311209645108981,0.0,0,False,False,2,0.5937220873562147
전라남도|구례군,전라남도,구례군,46730,1776.0,24337,10138,3929,2.0,41.656736656120316,38.75517853620043,visit_nursing,institution,ltci_midpoint,1.1261261261261262,county_median,0.4134130418495324,0.7342215623247695,0.0,0,False,False,2,0.42869492179343427
전라남도|고흥군,전라남도,고흥군,46770,3853.5,58976,28413,11626,3.0,48.17722463374932,40.9178896983775,visit_nursing,institution,ltci_midpoint,0.7785130400934215,county_median,0.4134130418495324,1.5930871567671732,0.0,0,False,False,2,1.276083537693859
전라남도|보성군,전라남도,보성군,46780,2159.5,37559,16869,7049,2.0,44.913336350808066,41.7867093485091,visit_nursing,institution,ltci_midpoint,0.9261403102570039,county_median,0.4134130418495324,0.8927654638740653,0.0,0,False,False,2,1.1579290547954109
전라남도|화순군,전라남도,화순군,46790,2868.0,59909,19853,7960,3.0,33.13859353352584,40.094696015715506,visit_nursing,institution,ltci_midpoint,1.0460251046025104,county_median,0.4134130418495324,1.185668604024459,0.0,0,False,False,2,-0.025184786010808924
전라남도|장흥군,전라남도,장흥군,46800,2456.5,33952,13971,5826,5.0,41.149269557021675,41.700665664590936,visit_nursing,institution,ltci_midpoint,2.0354162426216162,county_median,0.4134130418495324,1.0155491373033763,0.0,0,False,False,2,0.8510480938084749
전라남도|강진군,전라남도,강진군,46810,2094.0,31666,13064,5353,2.0,41.25560538116592,40.97519902020821,visit_nursing,institution,ltci_midpoint,0.9551098376313276,county_median,0.4134130418495324,0.8656869096329209,0.0,0,False,False,2,0.7455696585330088
전라남도|해남군,전라남도,해남군,46820,3274.0,62027,24626,9400,2.0,39.702065229658054,38.171038739543576,visit_nursing,institution,ltci_midpoint,0.6108735491753208,county_median,0.4134130418495324,1.3535142990153692,0.0,0,False,False,2,0.18473532245445495
전라남도|영암군,전라남도,영암군,46830,2349.5,50076,16430,6607,1.0,32.810128604521125,40.213024954351795,visit_nursing,institution,ltci_midpoint,0.42562247286656735,county_median,0.4134130418495324,0.9713139418254765,0.0,0,False,False,2,-0.03223058216610941
전라남도|무안군,전라남도,무안군,46840,2945.0,95659,20837,7613,2.0,21.78258187938406,36.5359696693382,visit_nursing,institution,ltci_midpoint,0.6791171477079797,county_median,0.4134130418495324,1.2175014082468731,0.0,0,False,False,2,-1.468396345866459
전라남도|함평군,전라남도,함평군,46860,2148.0,29601,12736,5471,0.0,43.02557346035607,42.95697236180904,visit_nursing,institution,ltci_midpoint,0.0,county_median,0.4134130418495324,0.8880112138927957,0.8880112138927957,1,True,True,2,1.1943077045164685
전라남도|영광군,전라남도,영광군,46870,2678.5,53902,17674,6755,1.0,32.78913583911543,38.21998415751952,visit_nursing,institution,ltci_midpoint,0.3733432891543775,county_median,0.4134130418495324,1.1073268325939725,0.10732683259397247,1,False,True,2,-0.34641284737767386
전라남도|장성군,전라남도,장성군,46880,2492.5,43095,15429,5869,1.0,35.80229725026105,38.03875818264307,visit_nursing,institution,ltci_midpoint,0.40120361083249745,county_median,0.4134130418495324,1.0304320068099595,0.0304320068099595,1,False,True,2,-0.13997358271849286
전라남도|완도군,전라남도,완도군,46890,2575.0,44175,17538,6739,1.0,39.70118845500849,38.42513399475425,visit_nursing,institution,ltci_midpoint,0.38834951456310685,county_median,0.4134130418495324,1.064538582762546,0.06453858276254598,1,False,True,2,0.22451386165184795
전라남도|진도군,전라남도,진도군,46900,1511.5,27882,11249,4772,2.0,40.34502546445736,42.421548582096186,visit_nursing,institution,ltci_midpoint,1.3231888852133642,county_median,0.4134130418495324,0.6248738127555682,0.0,0,False,False,2,0.9014097151691349
전라남도|신안군,전라남도,신안군,46910,1939.5,42319,16501,5513,0.0,38.991942153642576,33.4100963577965,visit_nursing,institution,ltci_midpoint,0.0,county_median,0.4134130418495324,0.8018145946671682,0.8018145946671682,1,True,True,2,-0.6172193832502889
경상북도|의성군,경상북도,의성군,47730,3596.5,47952,24027,9445,1.0,50.10635635635635,39.30994298081325,visit_nursing,institution,ltci_midpoint,0.27804810232170163,county_median,0.4134130418495324,1.4868400050118435,0.48684000501184355,1,False,True,2,1.1742923799361131
경상북도|청송군,경상북도,청송군,47750,1085.5,24020,10843,3986,0.0,45.14154870940882,36.761043991515265,visit_nursing,institution,ltci_midpoint,0.0,county_median,0.4134130418495324,0.44875985692766746,0.44875985692766746,1,True,True,2,0.38759878238235385
경상북도|영양군,경상북도,영양군,47760,754.0,15972,7035,2596,0.0,44.045830202854994,36.901208244491826,visit_nursing,institution,ltci_midpoint,0.0,county_median,0.4134130418495324,0.31171343355454745,0.31171343355454745,1,True,True,2,0.3241740966846919
경상북도|영덕군,경상북도,영덕군,47770,2183.0,32560,14945,6213,0.0,45.89987714987715,41.572432251589156,visit_nursing,institution,ltci_midpoint,0.0,county_median,0.4134130418495324,0.9024806703575293,0.9024806703575293,1,True,True,2,1.201221678763409
경상북도|청도군,경상북도,청도군,47820,2719.5,40021,19045,7497,0.0,47.58751655380925,39.36466264111315,visit_nursing,institution,ltci_midpoint,0.0,county_median,0.4134130418495324,1.1242767673098035,1.1242767673098035,2,True,True,2,0.986544135823392
경상북도|고령군,경상북도,고령군,47830,1334.0,29545,12167,5151,0.0,41.18124894229142,42.33582641571464,visit_nursing,institution,ltci_midpoint,0.0,county_median,0.4134130418495324,0.5514929978272762,0.5514929978272762,1,True,True,2,0.953145767253421
경상북도|성주군,경상북도,성주군,47840,2043.0,40461,17243,6602,1.0,42.616346605373074,38.288000927912776,visit_nursing,institution,ltci_midpoint,0.4894762604013706,county_median,0.4134130418495324,0.8446028444985948,0.0,0,False,False,2,0.43022891773836147
경상북도|칠곡군,경상북도,칠곡군,47850,3196.0,103537,23770,8446,4.0,22.957976375595198,35.53218342448464,visit_nursing,institution,ltci_midpoint,1.2515644555694618,county_median,0.4134130418495324,1.3212680817511058,0.0,0,False,False,2,-1.5341934158905277
경상북도|예천군,경상북도,예천군,47900,2676.5,53422,18847,6875,2.0,35.279472876343085,36.4779540510426,visit_nursing,institution,ltci_midpoint,0.7472445357743321,county_median,0.4134130418495324,1.1065000065102735,0.0,0,False,False,2,-0.42548800489225674
경상북도|봉화군,경상북도,봉화군,47920,1176.5,28122,13123,4923,1.0,46.664533105753506,37.51428789148823,visit_nursing,institution,ltci_midpoint,0.8499787505312367,county_median,0.4134130418495324,0.4863804437359749,0.0,0,False,False,2,0.6244295004927404
경상북도|울진군,경상북도,울진군,47930,2376.5,46195,15934,6622,2.0,34.49291048814806,41.5589305886783,visit_nursing,institution,ltci_midpoint,0.8415737428992215,county_median,0.4134130418495324,0.9824760939554138,0.0,0,False,False,2,0.3099958680114145
경상북도|울릉군,경상북도,울릉군,47940,137.5,8768,2900,1202,0.0,33.074817518248175,41.44827586206897,visit_nursing,institution,ltci_midpoint,0.0,county_median,0.4134130418495324,0.05684429325431071,0.05684429325431071,1,True,True,2,0.18211081960031728
경상남도|의령군,경상남도,의령군,48720,1658.5,24531,11216,5012,0.0,45.7217398393869,44.686162624821684,visit_nursing,institution,ltci_midpoint,0.0,county_median,0.4134130418495324,0.6856455299074495,0.6856455299074495,1,True,True,2,1.6756279252139599
경상남도|함안군,경상남도,함안군,48730,3117.5,56867,19771,7483,1.0,34.76708811788911,37.84836376511051,visit_nursing,institution,ltci_midpoint,0.32076984763432237,county_median,0.4134130418495324,1.2888151579659173,0.2888151579659173,1,False,True,2,-0.25051967469042014
경상남도|창녕군,경상남도,창녕군,48740,3504.0,54445,22415,9213,1.0,41.16998806134632,41.10194066473344,visit_nursing,institution,ltci_midpoint,0.28538812785388123,county_median,0.4134130418495324,1.4485992986407616,0.44859929864076165,1,False,True,2,0.7587717285224828
경상남도|고성군,경상남도,고성군,48820,2806.5,46808,18942,7481,0.0,40.467441462997776,39.49424559180657,visit_nursing,institution,ltci_midpoint,0.0,county_median,0.4134130418495324,1.1602437019507126,1.1602437019507126,2,True,True,2,0.45189560118179994
경상남도|남해군,경상남도,남해군,48840,3037.0,41143,18171,6564,0.0,44.16547164766789,36.12349347861978,visit_nursing,institution,ltci_midpoint,0.0,county_median,0.4134130418495324,1.25553540809703,1.25553540809703,2,True,True,2,0.21153927855808963
경상남도|하동군,경상남도,하동군,48850,3168.5,39596,17739,7003,4.0,44.79997979593898,39.47798635774283,visit_nursing,institution,ltci_midpoint,1.262427015938141,county_median,0.4134130418495324,1.3098992231002435,0.0,0,False,False,2,0.7870426945327347
경상남도|산청군,경상남도,산청군,48860,2599.0,32638,15044,6314,2.0,46.093510631778905,41.97022068598777,visit_nursing,institution,ltci_midpoint,0.7695267410542517,county_median,0.4134130418495324,1.0744604957669348,0.0,0,False,False,2,1.2786949642985335
경상남도|함양군,경상남도,함양군,48870,2274.0,35141,14871,6012,0.0,42.31808998036482,40.427678031067174,visit_nursing,institution,ltci_midpoint,0.0,county_median,0.4134130418495324,0.9401012571658367,0.9401012571658367,1,True,True,2,0.7425228094989436
경상남도|거창군,경상남도,거창군,48880,3058.5,58846,20343,7663,3.0,34.56989430037726,37.66897704370054,visit_nursing,institution,ltci_midpoint,0.980872976949485,county_median,0.4134130418495324,1.264423788496795,0.0,0,False,False,2,-0.29402100307493373
경상남도|합천군,경상남도,합천군,48890,2398.0,38854,18921,8049,0.0,48.69768878365162,42.54003488187728,visit_nursing,institution,ltci_midpoint,0.0,county_median,0.4134130418495324,0.9913644743551788,0.9913644743551788,1,True,True,2,1.5710334156585803
강원특별자치도|홍천군,강원특별자치도,홍천군,51720,2163.5,65849,24363,8014,0.0,36.998283952679614,32.89414275746008,visit_nursing,institution,ltci_midpoint,0.0,county_median,0.4134130418495324,0.8944191160414634,0.8944191160414634,1,True,True,2,-0.8535249127219697
강원특별자치도|횡성군,강원특별자치도,횡성군,51730,1679.0,45575,18436,5901,3.0,40.45200219418541,32.008027771750925,visit_nursing,institution,ltci_midpoint,1.7867778439547348,county_median,0.4134130418495324,0.694120497265365,0.0,0,False,False,2,-0.7232864902659932
강원특별자치도|영월군,강원특별자치도,영월군,51750,1378.0,35714,14054,5502,1.0,39.3515148121185,39.14899672691049,visit_nursing,institution,ltci_midpoint,0.7256894049346879,county_median,0.4134130418495324,0.5696831716686557,0.0,0,False,False,2,0.3107739676569163
강원특별자치도|평창군,강원특별자치도,평창군,51760,1182.5,39897,15356,5414,2.0,38.489109456851395,35.256577233654596,visit_nursing,institution,ltci_midpoint,1.6913319238900633,county_median,0.4134130418495324,0.4888609219870721,0.0,0,False,False,2,-0.36684967964638276
강원특별자치도|정선군,강원특별자치도,정선군,51770,1063.0,35128,12956,4985,0.0,36.882259166476885,38.47638159925903,visit_nursing,institution,ltci_midpoint,0.0,county_median,0.4134130418495324,0.439458063486053,0.439458063486053,1,True,True,2,0.012830857190139072
강원특별자치도|철원군,강원특별자치도,철원군,51780,1157.5,39711,12246,4022,0.0,30.837803127596885,32.843377429364686,visit_nursing,institution,ltci_midpoint,0.0,county_median,0.4134130418495324,0.47852559594083377,0.47852559594083377,1,True,True,2,-1.341660481196371
강원특별자치도|화천군,강원특별자치도,화천군,51790,574.5,22579,6942,2460,1.0,30.745382877895388,35.43647363872083,visit_nursing,institution,ltci_midpoint,1.7406440382941688,county_median,0.4134130418495324,0.23750579254255638,0.0,0,False,False,2,-0.942218229706963
강원특별자치도|양구군,강원특별자치도,양구군,51800,555.0,20372,5891,1993,0.0,28.91714117416061,33.8312680359871,visit_nursing,institution,ltci_midpoint,0.0,county_median,0.4134130418495324,0.2294442382264905,0.2294442382264905,1,True,True,2,-1.3364455246857456
강원특별자치도|인제군,강원특별자치도,인제군,51810,611.0,30771,8679,3008,1.0,28.205128205128204,34.65837078004378,visit_nursing,institution,ltci_midpoint,1.6366612111292964,county_median,0.4134130418495324,0.2525953685700643,0.0,0,False,False,2,-1.2622377577476962
강원특별자치도|고성군,강원특별자치도,고성군,51820,838.0,27204,9753,3771,0.0,35.85134539038376,38.66502614580129,visit_nursing,institution,ltci_midpoint,0.0,county_median,0.4134130418495324,0.3464401290699082,0.3464401290699082,1,True,True,2,-0.037940051567619426
강원특별자치도|양양군,강원특별자치도,양양군,51830,1012.0,27326,10299,3708,0.0,37.68938007758179,36.003495484998545,visit_nursing,institution,ltci_midpoint,0.0,county_median,0.4134130418495324,0.41837399835172684,0.41837399835172684,1,True,True,2,-0.31205333562650783
전북특별자치도|완주군,전북특별자치도,완주군,52710,3941.0,100102,27560,9016,4.0,27.53191744420691,32.71407837445574,visit_nursing,institution,ltci_midpoint,1.0149708195889369,county_median,0.4134130418495324,1.6292607979290075,0.0,0,False,False,2,-1.6196120670779623
전북특별자치도|진안군,전북특별자치도,진안군,52720,1338.5,24689,10514,4020,1.0,42.58576694074284,38.23473463952825,visit_nursing,institution,ltci_midpoint,0.7471049682480388,county_median,0.4134130418495324,0.5533533565155991,0.0,0,False,False,2,0.4194922576761587
전북특별자치도|무주군,전북특별자치도,무주군,52730,1095.0,23326,9356,3691,0.0,40.10974877818743,39.45061992304403,visit_nursing,institution,ltci_midpoint,0.0,county_median,0.4134130418495324,0.452687280825238,0.452687280825238,1,True,True,2,0.41717416146864095
전북특별자치도|장수군,전북특별자치도,장수군,52740,835.0,21169,8755,3301,0.0,41.35764561386934,37.70416904625928,visit_nursing,institution,ltci_midpoint,0.0,county_median,0.4134130418495324,0.3451998899443596,0.3451998899443596,1,True,True,2,0.24056456205045668
전북특별자치도|임실군,전북특별자치도,임실군,52750,1597.0,25342,11198,4625,0.0,44.18751479756926,41.302018217538844,visit_nursing,institution,ltci_midpoint,0.0,county_median,0.4134130418495324,0.6602206278337033,0.6602206278337033,1,True,True,2,1.025346755910398
전북특별자치도|순창군,전북특별자치도,순창군,52770,1451.0,27584,10831,4119,0.0,39.2655162412993,38.02972948019573,visit_nursing,institution,ltci_midpoint,0.0,county_median,0.4134130418495324,0.5998623237236715,0.5998623237236715,1,True,True,2,0.12854886982421446
전북특별자치도|고창군,전북특별자치도,고창군,52790,3457.5,50071,20870,8300,4.0,41.68081324519183,39.77000479156684,visit_nursing,institution,ltci_midpoint,1.1569052783803326,county_median,0.4134130418495324,1.4293755921947584,0.0,0,False,False,2,0.5897152546906386
전북특별자치도|부안군,전북특별자치도,부안군,52800,2577.5,46946,19234,8057,5.0,40.97047671793124,41.88936258708537,visit_nursing,institution,ltci_midpoint,1.9398642095053347,county_median,0.4134130418495324,1.0655721153671698,0.0,0,False,False,2,0.8667034033701545
