법정동_시군구코드,기준연월,시도명,시군구명,65세이상1인세대,65세이상남자1인세대,65세이상여자1인세대
11110,2026-06-30,서울특별시,종로구,9786,4000,5786
11140,2026-06-30,서울특별시,중구,8852,3675,5177
11170,2026-06-30,서울특별시,용산구,10652,3901,6751
11200,2026-06-30,서울특별시,성동구,13523,4763,8760
11215,2026-06-30,서울특별시,광진구,16228,5800,10428
11230,2026-06-30,서울특별시,동대문구,20808,7818,12990
11260,2026-06-30,서울특별시,중랑구,26742,10216,16526
11290,2026-06-30,서울특별시,성북구,22573,7209,15364
11305,2026-06-30,서울특별시,강북구,23901,8389,15512
11320,2026-06-30,서울특별시,도봉구,20803,7174,13629
11350,2026-06-30,서울특별시,노원구,29970,9003,20967
11380,2026-06-30,서울특별시,은평구,27403,8954,18449
11410,2026-06-30,서울특별시,서대문구,16249,5178,11071
11440,2026-06-30,서울특별시,마포구,15832,4710,11122
11470,2026-06-30,서울특별시,양천구,20914,6976,13938
11500,2026-06-30,서울특별시,강서구,31448,10870,20578
11530,2026-06-30,서울특별시,구로구,21962,7812,14150
11545,2026-06-30,서울특별시,금천구,15195,5954,9241
11560,2026-06-30,서울특별시,영등포구,18755,7148,11607
11590,2026-06-30,서울특별시,동작구,18193,5596,12597
11620,2026-06-30,서울특별시,관악구,26602,9650,16952
11650,2026-06-30,서울특별시,서초구,12915,4033,8882
11680,2026-06-30,서울특별시,강남구,19616,6120,13496
11710,2026-06-30,서울특별시,송파구,24417,8164,16253
11740,2026-06-30,서울특별시,강동구,23359,8316,15043
26110,2026-06-30,부산광역시,중구,5538,2133,3405
26140,2026-06-30,부산광역시,서구,11387,3853,7534
26170,2026-06-30,부산광역시,동구,10159,3522,6637
26200,2026-06-30,부산광역시,영도구,12550,4275,8275
26230,2026-06-30,부산광역시,부산진구,27302,8813,18489
26260,2026-06-30,부산광역시,동래구,17869,5486,12383
26290,2026-06-30,부산광역시,남구,17452,5090,12362
26320,2026-06-30,부산광역시,북구,20793,6899,13894
26350,2026-06-30,부산광역시,해운대구,24946,7397,17549
26380,2026-06-30,부산광역시,사하구,24254,8254,16000
26410,2026-06-30,부산광역시,금정구,18171,5802,12369
26440,2026-06-30,부산광역시,강서구,6722,2912,3810
26470,2026-06-30,부산광역시,연제구,14970,4652,10318
26500,2026-06-30,부산광역시,수영구,13344,3935,9409
26530,2026-06-30,부산광역시,사상구,16883,6065,10818
26710,2026-06-30,부산광역시,기장군,12149,4202,7947
27110,2026-06-30,대구광역시,중구,6092,1946,4146
27140,2026-06-30,대구광역시,동구,27726,8781,18945
27170,2026-06-30,대구광역시,서구,17364,5607,11757
27200,2026-06-30,대구광역시,남구,14740,4610,10130
27230,2026-06-30,대구광역시,북구,25851,7832,18019
27260,2026-06-30,대구광역시,수성구,22833,6316,16517
27290,2026-06-30,대구광역시,달서구,33044,10129,22915
27710,2026-06-30,대구광역시,달성군,14058,4824,9234
27720,2026-06-30,대구광역시,군위군,4152,1808,2344
28110,2026-06-30,인천광역시,중구,9821,4180,5641
28140,2026-06-30,인천광역시,동구,5377,1880,3497
28177,2026-06-30,인천광역시,미추홀구,28578,10335,18243
28185,2026-06-30,인천광역시,연수구,13029,4326,8703
28200,2026-06-30,인천광역시,남동구,30785,10629,20156
28237,2026-06-30,인천광역시,부평구,28881,9798,19083
28245,2026-06-30,인천광역시,계양구,16883,5948,10935
28260,2026-06-30,인천광역시,서구,25967,9748,16219
28710,2026-06-30,인천광역시,강화군,8842,3573,5269
28720,2026-06-30,인천광역시,옹진군,2899,1333,1566
29110,2026-06-30,광주광역시,동구,8933,3071,5862
29140,2026-06-30,광주광역시,서구,16451,5118,11333
29155,2026-06-30,광주광역시,남구,14649,4474,10175
29170,2026-06-30,광주광역시,북구,28428,9459,18969
29200,2026-06-30,광주광역시,광산구,16333,5588,10745
30110,2026-06-30,대전광역시,동구,18452,6768,11684
30140,2026-06-30,대전광역시,중구,17851,6341,11510
30170,2026-06-30,대전광역시,서구,22143,7013,15130
30200,2026-06-30,대전광역시,유성구,12426,4296,8130
30230,2026-06-30,대전광역시,대덕구,12162,4261,7901
31110,2026-06-30,울산광역시,중구,13840,4831,9009
31140,2026-06-30,울산광역시,남구,15536,5382,10154
31170,2026-06-30,울산광역시,동구,7615,2675,4940
31200,2026-06-30,울산광역시,북구,7137,2527,4610
31710,2026-06-30,울산광역시,울주군,15126,6201,8925
36110,2026-06-30,세종특별자치시,,12263,4491,7772
41111,2026-06-30,경기도,수원시 장안구,14304,4900,9404
41113,2026-06-30,경기도,수원시 권선구,15708,5602,10106
41115,2026-06-30,경기도,수원시 팔달구,11390,4243,7147
41117,2026-06-30,경기도,수원시 영통구,8493,2510,5983
41131,2026-06-30,경기도,성남시 수정구,16169,6249,9920
41133,2026-06-30,경기도,성남시 중원구,13183,5063,8120
41135,2026-06-30,경기도,성남시 분당구,15288,4308,10980
41150,2026-06-30,경기도,의정부시,28208,9709,18499
41171,2026-06-30,경기도,안양시 만안구,13341,4853,8488
41173,2026-06-30,경기도,안양시 동안구,11009,3117,7892
41192,2026-06-30,경기도,부천시 원미구,19355,6815,12540
41194,2026-06-30,경기도,부천시 소사구,13105,4409,8696
41196,2026-06-30,경기도,부천시 오정구,9969,3730,6239
41210,2026-06-30,경기도,광명시,13017,3933,9084
41220,2026-06-30,경기도,평택시,28221,10802,17419
41250,2026-06-30,경기도,동두천시,8895,3365,5530
41271,2026-06-30,경기도,안산시 상록구,17358,6574,10784
41273,2026-06-30,경기도,안산시 단원구,14264,5584,8680
41281,2026-06-30,경기도,고양시 덕양구,26436,9292,17144
41285,2026-06-30,경기도,고양시 일산동구,13142,4477,8665
41287,2026-06-30,경기도,고양시 일산서구,11729,3475,8254
41290,2026-06-30,경기도,과천시,2189,637,1552
41310,2026-06-30,경기도,구리시,9574,3540,6034
41360,2026-06-30,경기도,남양주시,36643,13198,23445
41370,2026-06-30,경기도,오산시,9517,3507,6010
41390,2026-06-30,경기도,시흥시,21444,8784,12660
41410,2026-06-30,경기도,군포시,13614,4418,9196
41430,2026-06-30,경기도,의왕시,6390,1958,4432
41450,2026-06-30,경기도,하남시,12738,4787,7951
41461,2026-06-30,경기도,용인시 처인구,14209,5709,8500
41463,2026-06-30,경기도,용인시 기흥구,15399,4564,10835
41465,2026-06-30,경기도,용인시 수지구,9353,2418,6935
41480,2026-06-30,경기도,파주시,26366,9932,16434
41500,2026-06-30,경기도,이천시,12181,4917,7264
41550,2026-06-30,경기도,안성시,13707,5276,8431
41570,2026-06-30,경기도,김포시,21093,7974,13119
41591,2026-06-30,경기도,화성시 만세구,13581,6467,7114
41593,2026-06-30,경기도,화성시 효행구,7181,3113,4068
41595,2026-06-30,경기도,화성시 병점구,4927,1667,3260
41597,2026-06-30,경기도,화성시 동탄구,5630,1706,3924
41610,2026-06-30,경기도,광주시,18574,7686,10888
41630,2026-06-30,경기도,양주시,16680,6600,10080
41650,2026-06-30,경기도,포천시,14562,6646,7916
41670,2026-06-30,경기도,여주시,10180,4328,5852
41800,2026-06-30,경기도,연천군,5073,2159,2914
41820,2026-06-30,경기도,가평군,7681,3343,4338
41830,2026-06-30,경기도,양평군,13464,5833,7631
43111,2026-06-30,충청북도,청주시 상당구,12787,4532,8255
43112,2026-06-30,충청북도,청주시 서원구,12277,4101,8176
43113,2026-06-30,충청북도,청주시 흥덕구,12084,4141,7943
43114,2026-06-30,충청북도,청주시 청원구,10346,3575,6771
43130,2026-06-30,충청북도,충주시,17685,6364,11321
43150,2026-06-30,충청북도,제천시,13017,4740,8277
43720,2026-06-30,충청북도,보은군,4769,1803,2966
43730,2026-06-30,충청북도,옥천군,6548,2572,3976
43740,2026-06-30,충청북도,영동군,6398,2466,3932
43745,2026-06-30,충청북도,증평군,3173,1237,1936
43750,2026-06-30,충청북도,진천군,5943,2393,3550
43760,2026-06-30,충청북도,괴산군,5875,2547,3328
43770,2026-06-30,충청북도,음성군,9003,3911,5092
43800,2026-06-30,충청북도,단양군,4144,1656,2488
44131,2026-06-30,충청남도,천안시 동남구,16151,6159,9992
44133,2026-06-30,충청남도,천안시 서북구,14705,5447,9258
44150,2026-06-30,충청남도,공주시,10962,4129,6833
44180,2026-06-30,충청남도,보령시,10884,3890,6994
44200,2026-06-30,충청남도,아산시,18666,7243,11423
44210,2026-06-30,충청남도,서산시,12444,4719,7725
44230,2026-06-30,충청남도,논산시,13123,4676,8447
44250,2026-06-30,충청남도,계룡시,2137,695,1442
44270,2026-06-30,충청남도,당진시,12923,5481,7442
44710,2026-06-30,충청남도,금산군,6934,2687,4247
44760,2026-06-30,충청남도,부여군,8850,3080,5770
44770,2026-06-30,충청남도,서천군,7437,2573,4864
44790,2026-06-30,충청남도,청양군,4309,1652,2657
44800,2026-06-30,충청남도,홍성군,9328,3317,6011
44810,2026-06-30,충청남도,예산군,9243,3335,5908
44825,2026-06-30,충청남도,태안군,8296,3138,5158
46110,2026-06-30,전라남도,목포시,18153,6205,11948
46130,2026-06-30,전라남도,여수시,21795,7556,14239
46150,2026-06-30,전라남도,순천시,19036,6373,12663
46170,2026-06-30,전라남도,나주시,11896,4398,7498
46230,2026-06-30,전라남도,광양시,9357,3615,5742
46710,2026-06-30,전라남도,담양군,5979,2196,3783
46720,2026-06-30,전라남도,곡성군,4598,1604,2994
46730,2026-06-30,전라남도,구례군,3929,1335,2594
46770,2026-06-30,전라남도,고흥군,11626,3796,7830
46780,2026-06-30,전라남도,보성군,7049,2314,4735
46790,2026-06-30,전라남도,화순군,7960,2912,5048
46800,2026-06-30,전라남도,장흥군,5826,1822,4004
46810,2026-06-30,전라남도,강진군,5353,1705,3648
46820,2026-06-30,전라남도,해남군,9400,3110,6290
46830,2026-06-30,전라남도,영암군,6607,2375,4232
46840,2026-06-30,전라남도,무안군,7613,2702,4911
46860,2026-06-30,전라남도,함평군,5471,1939,3532
46870,2026-06-30,전라남도,영광군,6755,2260,4495
46880,2026-06-30,전라남도,장성군,5869,2249,3620
46890,2026-06-30,전라남도,완도군,6739,2141,4598
46900,2026-06-30,전라남도,진도군,4772,1561,3211
46910,2026-06-30,전라남도,신안군,5513,2129,3384
47111,2026-06-30,경상북도,포항시 남구,17714,6452,11262
47113,2026-06-30,경상북도,포항시 북구,20430,6631,13799
47130,2026-06-30,경상북도,경주시,25247,8829,16418
47150,2026-06-30,경상북도,김천시,13629,4623,9006
47170,2026-06-30,경상북도,안동시,16561,5548,11013
47190,2026-06-30,경상북도,구미시,18095,6340,11755
47210,2026-06-30,경상북도,영주시,11569,3727,7842
47230,2026-06-30,경상북도,영천시,13744,5346,8398
47250,2026-06-30,경상북도,상주시,12767,4144,8623
47280,2026-06-30,경상북도,문경시,9526,3132,6394
47290,2026-06-30,경상북도,경산시,18602,6372,12230
47730,2026-06-30,경상북도,의성군,9445,3360,6085
47750,2026-06-30,경상북도,청송군,3986,1363,2623
47760,2026-06-30,경상북도,영양군,2596,865,1731
47770,2026-06-30,경상북도,영덕군,6213,1905,4308
47820,2026-06-30,경상북도,청도군,7497,2925,4572
47830,2026-06-30,경상북도,고령군,5151,2092,3059
47840,2026-06-30,경상북도,성주군,6602,2857,3745
47850,2026-06-30,경상북도,칠곡군,8446,3333,5113
47900,2026-06-30,경상북도,예천군,6875,2405,4470
47920,2026-06-30,경상북도,봉화군,4923,1892,3031
47930,2026-06-30,경상북도,울진군,6622,2228,4394
47940,2026-06-30,경상북도,울릉군,1202,527,675
48121,2026-06-30,경상남도,창원시 의창구,12528,4630,7898
48123,2026-06-30,경상남도,창원시 성산구,8135,2742,5393
48125,2026-06-30,경상남도,창원시 마산합포구,16422,5529,10893
48127,2026-06-30,경상남도,창원시 마산회원구,14114,4675,9439
48129,2026-06-30,경상남도,창원시 진해구,11239,3843,7396
48170,2026-06-30,경상남도,진주시,25086,7887,17199
48220,2026-06-30,경상남도,통영시,11593,4203,7390
48240,2026-06-30,경상남도,사천시,11282,3765,7517
48250,2026-06-30,경상남도,김해시,27323,9969,17354
48270,2026-06-30,경상남도,밀양시,14003,4977,9026
48310,2026-06-30,경상남도,거제시,12066,4730,7336
48330,2026-06-30,경상남도,양산시,22020,7653,14367
48720,2026-06-30,경상남도,의령군,5012,1794,3218
48730,2026-06-30,경상남도,함안군,7483,2916,4567
48740,2026-06-30,경상남도,창녕군,9213,3255,5958
48820,2026-06-30,경상남도,고성군,7481,2769,4712
48840,2026-06-30,경상남도,남해군,6564,1993,4571
48850,2026-06-30,경상남도,하동군,7003,2565,4438
48860,2026-06-30,경상남도,산청군,6314,2331,3983
48870,2026-06-30,경상남도,함양군,6012,1933,4079
48880,2026-06-30,경상남도,거창군,7663,2315,5348
48890,2026-06-30,경상남도,합천군,8049,2732,5317
50110,2026-06-30,제주특별자치도,제주시,28560,10638,17922
50130,2026-06-30,제주특별자치도,서귀포시,14483,5435,9048
51110,2026-06-30,강원특별자치도,춘천시,19960,6794,13166
51130,2026-06-30,강원특별자치도,원주시,23947,8760,15187
51150,2026-06-30,강원특별자치도,강릉시,19502,6614,12888
51170,2026-06-30,강원특별자치도,동해시,8150,2783,5367
51190,2026-06-30,강원특별자치도,태백시,4911,1727,3184
51210,2026-06-30,강원특별자치도,속초시,7604,2718,4886
51230,2026-06-30,강원특별자치도,삼척시,7413,2606,4807
51720,2026-06-30,강원특별자치도,홍천군,8014,3520,4494
51730,2026-06-30,강원특별자치도,횡성군,5901,2634,3267
51750,2026-06-30,강원특별자치도,영월군,5502,2280,3222
51760,2026-06-30,강원특별자치도,평창군,5414,2365,3049
51770,2026-06-30,강원특별자치도,정선군,4985,2076,2909
51780,2026-06-30,강원특별자치도,철원군,4022,1383,2639
51790,2026-06-30,강원특별자치도,화천군,2460,1054,1406
51800,2026-06-30,강원특별자치도,양구군,1993,828,1165
51810,2026-06-30,강원특별자치도,인제군,3008,1363,1645
51820,2026-06-30,강원특별자치도,고성군,3771,1351,2420
51830,2026-06-30,강원특별자치도,양양군,3708,1480,2228
52111,2026-06-30,전북특별자치도,전주시 완산구,22070,6925,15145
52113,2026-06-30,전북특별자치도,전주시 덕진구,17629,5795,11834
52130,2026-06-30,전북특별자치도,군산시,21796,8007,13789
52140,2026-06-30,전북특별자치도,익산시,23906,8290,15616
52180,2026-06-30,전북특별자치도,정읍시,13435,4647,8788
52190,2026-06-30,전북특별자치도,남원시,9910,3273,6637
52210,2026-06-30,전북특별자치도,김제시,11803,4094,7709
52710,2026-06-30,전북특별자치도,완주군,9016,3660,5356
52720,2026-06-30,전북특별자치도,진안군,4020,1618,2402
52730,2026-06-30,전북특별자치도,무주군,3691,1324,2367
52740,2026-06-30,전북특별자치도,장수군,3301,1130,2171
52750,2026-06-30,전북특별자치도,임실군,4625,1827,2798
52770,2026-06-30,전북특별자치도,순창군,4119,1386,2733
52790,2026-06-30,전북특별자치도,고창군,8300,2756,5544
52800,2026-06-30,전북특별자치도,부안군,8057,2794,5263
