주민등록_시군구코드,기준연월,시도명,시군구명,총인구,65세이상인구,75세이상인구,85세이상인구,65세이상남자,65세이상여자,고령화율
11110,2026-06-30,서울특별시,종로구,136318,31263,13561,3984,14085,17178,22.933875203568128
11140,2026-06-30,서울특별시,중구,117558,27701,11832,3259,12340,15361,23.56368771159768
11170,2026-06-30,서울특별시,용산구,199648,40120,17010,5091,17727,22393,20.095367847411445
11200,2026-06-30,서울특별시,성동구,274517,54447,22326,5711,24133,30314,19.833744358272895
11215,2026-06-30,서울특별시,광진구,330905,64022,25146,6268,28673,35349,19.347546879013613
11230,2026-06-30,서울특별시,동대문구,352848,74629,31112,7770,33202,41427,21.150467056636284
11260,2026-06-30,서울특별시,중랑구,376386,90782,35164,8335,40912,49870,24.119388075008104
11290,2026-06-30,서울특별시,성북구,421762,89110,38011,9838,38433,50677,21.12802955221191
11305,2026-06-30,서울특별시,강북구,278041,75944,32936,8006,32585,43359,27.313957294068143
11320,2026-06-30,서울특별시,도봉구,298225,80304,32606,8458,35624,44680,26.92731997652779
11350,2026-06-30,서울특별시,노원구,481053,107095,43371,11332,45513,61582,22.26261971134158
11380,2026-06-30,서울특별시,은평구,453212,104893,44060,11007,45159,59734,23.144356283593552
11410,2026-06-30,서울특별시,서대문구,299810,63351,27591,7587,27097,36254,21.13038257563123
11440,2026-06-30,서울특별시,마포구,356487,62999,27185,7487,26542,36457,17.672173178825595
11470,2026-06-30,서울특별시,양천구,421247,86569,32094,7356,38927,47642,20.550650805821764
11500,2026-06-30,서울특별시,강서구,548515,116416,44664,10778,51110,65306,21.223849849138126
11530,2026-06-30,서울특별시,구로구,382633,88085,35535,7910,39391,48694,23.020753568040394
11545,2026-06-30,서울특별시,금천구,222503,51091,19833,4484,23460,27631,22.961937591852692
11560,2026-06-30,서울특별시,영등포구,371867,72898,30420,7681,33108,39790,19.60324524628429
11590,2026-06-30,서울특별시,동작구,371999,77106,33011,8182,33462,43644,20.727475073857725
11620,2026-06-30,서울특별시,관악구,477797,94060,40246,9061,41448,52612,19.68618471861481
11650,2026-06-30,서울특별시,서초구,414383,73931,30626,7172,33176,40755,17.84122418149393
11680,2026-06-30,서울특별시,강남구,552830,97588,39659,8979,43596,53992,17.652442884792794
11710,2026-06-30,서울특별시,송파구,650258,123327,45315,10104,56192,67135,18.965856629214866
11740,2026-06-30,서울특별시,강동구,499011,100813,36154,7773,45742,55071,20.20256066499536
26110,2026-06-30,부산광역시,중구,36306,12724,5452,1324,5450,7274,35.04654877981601
26140,2026-06-30,부산광역시,서구,101216,32261,13890,3495,13672,18589,31.873419222257347
26170,2026-06-30,부산광역시,동구,83354,26547,11763,2939,11270,15277,31.84850157161024
26200,2026-06-30,부산광역시,영도구,100570,36257,15766,3672,15650,20607,36.05150641344338
26230,2026-06-30,부산광역시,부산진구,364912,89706,35849,8527,38673,51033,24.582913140702416
26260,2026-06-30,부산광역시,동래구,271097,65555,25755,5830,28565,36990,24.181381571909686
26290,2026-06-30,부산광역시,남구,254413,65555,27486,6373,28168,37387,25.767158124781357
26320,2026-06-30,부산광역시,북구,260736,69412,24590,5600,31362,38050,26.62156357388316
26350,2026-06-30,부산광역시,해운대구,370739,89956,35195,8753,39136,50820,24.26397007058874
26380,2026-06-30,부산광역시,사하구,282159,78434,29222,6430,34948,43486,27.79780194854674
26410,2026-06-30,부산광역시,금정구,205672,60192,24324,5938,26234,33958,29.266015792135047
26440,2026-06-30,부산광역시,강서구,153555,23798,7889,1837,11338,12460,15.498030021816286
26470,2026-06-30,부산광역시,연제구,211464,52516,20954,4842,22618,29898,24.834487194037756
26500,2026-06-30,부산광역시,수영구,168440,46555,19601,4674,19591,26964,27.63892187128948
26530,2026-06-30,부산광역시,사상구,192475,53336,18442,3774,24200,29136,27.710611767762046
26710,2026-06-30,부산광역시,기장군,175262,37583,15299,3700,16323,21260,21.44389542513494
27110,2026-06-30,대구광역시,중구,101754,18811,8634,2333,7747,11064,18.486742535919966
27140,2026-06-30,대구광역시,동구,338476,86908,36014,9221,37029,49879,25.67626655951973
27170,2026-06-30,대구광역시,서구,163508,48739,19245,4604,20796,27943,29.808327421288254
27200,2026-06-30,대구광역시,남구,141344,40203,17730,4946,16620,23583,28.443372198324656
27230,2026-06-30,대구광역시,북구,406915,85869,33577,8560,37358,48511,21.102441541845348
27260,2026-06-30,대구광역시,수성구,408147,85343,35377,9743,36815,48528,20.909868258250093
27290,2026-06-30,대구광역시,달서구,513399,111111,40606,10276,48893,62218,21.642231480778108
27710,2026-06-30,대구광역시,달성군,252000,47722,17137,4386,21602,26120,18.937301587301587
27720,2026-06-30,대구광역시,군위군,22622,11296,5204,1687,5336,5960,49.93369286535231
28110,2026-06-30,인천광역시,중구,179030,30100,11792,2945,13807,16293,16.81282466625705
28140,2026-06-30,인천광역시,동구,57926,16881,7340,1844,7312,9569,29.14235403791044
28177,2026-06-30,인천광역시,미추홀구,418211,92292,36936,9360,40509,51783,22.068286104382718
28185,2026-06-30,인천광역시,연수구,410290,60007,19906,5568,27928,32079,14.625508786468108
28200,2026-06-30,인천광역시,남동구,479149,102290,37187,9525,45302,56988,21.348265362131613
28237,2026-06-30,인천광역시,부평구,488191,103325,37942,10185,45685,57640,21.164871945611452
28245,2026-06-30,인천광역시,계양구,276309,58847,19525,5494,26969,31878,21.297532834616316
28260,2026-06-30,인천광역시,서구,662875,98623,32986,8505,45707,52916,14.878069017537243
28710,2026-06-30,인천광역시,강화군,69681,29163,13138,4054,13559,15604,41.852154819821756
28720,2026-06-30,인천광역시,옹진군,19340,7265,2909,852,3568,3697,37.564632885212
29110,2026-06-30,광주광역시,동구,105200,26334,12276,3258,11464,14870,25.03231939163498
29140,2026-06-30,광주광역시,서구,274624,55087,22523,5632,23818,31269,20.059062572826846
29155,2026-06-30,광주광역시,남구,205647,47751,20807,5248,20297,27454,23.219886504544196
29170,2026-06-30,광주광역시,북구,416783,86558,34917,8653,37732,48826,20.768121540465902
29200,2026-06-30,광주광역시,광산구,383206,52385,20011,5252,23302,29083,13.670193055432325
30110,2026-06-30,대전광역시,동구,218251,54207,22308,5769,23901,30306,24.836999601376398
30140,2026-06-30,대전광역시,중구,224273,56540,24439,6489,24645,31895,25.210346318995153
30170,2026-06-30,대전광역시,서구,464359,84043,30981,7979,37334,46709,18.098712418624384
30200,2026-06-30,대전광역시,유성구,371104,51566,17233,4753,23829,27737,13.895296197292403
30230,2026-06-30,대전광역시,대덕구,164047,38941,14457,3756,17538,21403,23.73770931501338
31110,2026-06-30,울산광역시,중구,203026,46142,15901,3395,20885,25257,22.7271383960675
31140,2026-06-30,울산광역시,남구,304337,56898,18115,3772,26449,30449,18.69572217640313
31170,2026-06-30,울산광역시,동구,147756,30798,9112,1649,14606,16192,20.843823601072035
31200,2026-06-30,울산광역시,북구,213685,29555,9031,2140,14162,15393,13.831106535320684
31710,2026-06-30,울산광역시,울주군,218285,48168,16982,4523,22862,25306,22.066564353940947
36110,2026-06-30,세종특별자치시, ,390923,49871,18092,5163,22818,27053,12.757243753885037
41111,2026-06-30,경기도,수원시 장안구,269984,50880,19758,5541,22646,28234,18.845561218442576
41113,2026-06-30,경기도,수원시 권선구,360286,61494,21134,5364,28062,33432,17.06810700388025
41115,2026-06-30,경기도,수원시 팔달구,193401,36762,14187,3684,16266,20496,19.008174725053127
41117,2026-06-30,경기도,수원시 영통구,362099,39646,13653,3695,18047,21599,10.948939378457274
41131,2026-06-30,경기도,성남시 수정구,234639,50865,18883,4296,22892,27973,21.677981921164
41133,2026-06-30,경기도,성남시 중원구,200064,45149,16593,3900,20459,24690,22.567278470889317
41135,2026-06-30,경기도,성남시 분당구,467641,79863,32360,9721,36089,43774,17.077843901625393
41150,2026-06-30,경기도,의정부시,461917,96398,38158,10181,42482,53916,20.869117179060307
41171,2026-06-30,경기도,안양시 만안구,233711,53177,19480,5012,24130,29047,22.75331499159218
41173,2026-06-30,경기도,안양시 동안구,328594,55606,19084,5304,25038,30568,16.922402721899974
41192,2026-06-30,경기도,부천시 원미구,382339,77244,25569,6592,35418,41826,20.203013556032733
41194,2026-06-30,경기도,부천시 소사구,224202,49763,17522,4344,22293,27470,22.195609316598425
41196,2026-06-30,경기도,부천시 오정구,148912,34356,11756,3067,15476,18880,23.071344149564844
41210,2026-06-30,경기도,광명시,303666,57121,20401,5129,25113,32008,18.81046939729835
41220,2026-06-30,경기도,평택시,619670,93532,35511,9930,42290,51242,15.093840269821035
41250,2026-06-30,경기도,동두천시,86265,24403,10864,3155,10661,13742,28.28841360922738
41271,2026-06-30,경기도,안산시 상록구,320773,58305,20716,6036,26929,31376,18.176405121378668
41273,2026-06-30,경기도,안산시 단원구,288467,49350,15929,4448,23299,26051,17.10767609466594
41281,2026-06-30,경기도,고양시 덕양구,483048,96407,38473,11240,42940,53467,19.958057998376972
41285,2026-06-30,경기도,고양시 일산동구,298269,55225,21589,7071,24896,30329,18.515165840231468
41287,2026-06-30,경기도,고양시 일산서구,276121,53246,21610,7099,23731,29515,19.28357495445837
41290,2026-06-30,경기도,과천시,80832,13205,5013,1521,6011,7194,16.33635193982581
41310,2026-06-30,경기도,구리시,187782,37208,13378,3317,17014,20194,19.81446571023847
41360,2026-06-30,경기도,남양주시,727440,142550,55935,14449,64008,78542,19.59611789288464
41370,2026-06-30,경기도,오산시,253590,34066,12293,3098,15327,18739,13.433495011632951
41390,2026-06-30,경기도,시흥시,514831,74706,25108,6985,35379,39327,14.510781207813828
41410,2026-06-30,경기도,군포시,249462,51815,19157,5680,23265,28550,20.770698543265105
41430,2026-06-30,경기도,의왕시,164221,32901,11412,3180,15222,17679,20.034587537525653
41450,2026-06-30,경기도,하남시,327495,56386,19754,4441,26170,30216,17.217362097131254
41461,2026-06-30,경기도,용인시 처인구,286391,54963,20553,5548,25357,29606,19.191594707934257
41463,2026-06-30,경기도,용인시 기흥구,434590,76321,33940,9241,33812,42509,17.56160979313836
41465,2026-06-30,경기도,용인시 수지구,369230,59970,27759,7130,26922,33048,16.241908837310078
41480,2026-06-30,경기도,파주시,533387,94456,38870,11379,42224,52232,17.70871806024519
41500,2026-06-30,경기도,이천시,224740,43697,16253,4591,20453,23244,19.443356767820593
41550,2026-06-30,경기도,안성시,198785,45277,17890,5403,20698,24579,22.77686948210378
41570,2026-06-30,경기도,김포시,484042,84689,32663,8228,38671,46018,17.496209006656446
41591,2026-06-30,경기도,화성시 만세구,234482,43296,15966,4801,21011,22285,18.464530326421645
41593,2026-06-30,경기도,화성시 효행구,160481,25627,9279,2612,12067,13560,15.968868588804904
41595,2026-06-30,경기도,화성시 병점구,174794,21763,7576,1887,9815,11948,12.450656201013764
41597,2026-06-30,경기도,화성시 동탄구,428989,30404,9407,2194,13980,16424,7.087361214390113
41610,2026-06-30,경기도,광주시,399111,78180,27202,6649,36764,41416,19.58853552019363
41630,2026-06-30,경기도,양주시,297226,56892,22416,6052,25999,30893,19.140990357505736
41650,2026-06-30,경기도,포천시,140468,41261,15819,4887,19938,21323,29.37394993877609
41670,2026-06-30,경기도,여주시,113506,33425,13013,3794,15854,17571,29.4477824960795
41800,2026-06-30,경기도,연천군,42977,14788,6386,1960,6906,7882,34.40910254322079
41820,2026-06-30,경기도,가평군,62041,21597,8526,2458,10310,11287,34.81085088892829
41830,2026-06-30,경기도,양평군,126822,43216,16980,4765,20622,22594,34.07610666918989
43111,2026-06-30,충청북도,청주시 상당구,193079,40798,15557,4469,18227,22571,21.130210949922052
43112,2026-06-30,충청북도,청주시 서원구,187779,39755,14936,4159,17615,22140,21.171163974672353
43113,2026-06-30,충청북도,청주시 흥덕구,292625,43598,15074,4129,19658,23940,14.898932080307562
43114,2026-06-30,충청북도,청주시 청원구,186088,33438,12940,3871,14809,18629,17.96891793130132
43130,2026-06-30,충청북도,충주시,205978,54980,21862,6879,24789,30191,26.69217100855431
43150,2026-06-30,충청북도,제천시,128192,38381,15030,4366,17515,20866,29.940245881178235
43720,2026-06-30,충청북도,보은군,31181,13525,6040,2117,6179,7346,43.37577370834803
43730,2026-06-30,충청북도,옥천군,50547,18901,8024,2510,8756,10145,37.392921439452394
43740,2026-06-30,충청북도,영동군,43011,17768,7907,2438,8115,9653,41.31036246541582
43745,2026-06-30,충청북도,증평군,36741,8781,3437,1017,4004,4777,23.899730546256226
43750,2026-06-30,충청북도,진천군,85569,18464,7278,2457,8499,9965,21.57790788720214
43760,2026-06-30,충청북도,괴산군,37415,16412,6859,2185,7884,8528,43.86476012294535
43770,2026-06-30,충청북도,음성군,95954,26403,10169,3192,12636,13767,27.51630989849303
43800,2026-06-30,충청북도,단양군,26628,11286,4582,1306,5249,6037,42.38395673726904
44131,2026-06-30,충청남도,천안시 동남구,263653,52621,19794,5709,24071,28550,19.95843020940403
44133,2026-06-30,충청남도,천안시 서북구,402529,52430,18559,5215,23984,28446,13.025148498617492
44150,2026-06-30,충청남도,공주시,99757,34013,14950,4871,15496,18517,34.09585292260192
44180,2026-06-30,충청남도,보령시,91260,31418,14017,4166,13954,17464,34.42691211921981
44200,2026-06-30,충청남도,아산시,363678,59018,23699,6956,26799,32219,16.228091883479344
44210,2026-06-30,충청남도,서산시,171136,41975,18609,5961,19180,22795,24.527276551982048
44230,2026-06-30,충청남도,논산시,105977,36530,16482,5319,16245,20285,34.46974343489625
44250,2026-06-30,충청남도,계룡시,45959,7812,2778,802,3469,4343,16.997758872038123
44270,2026-06-30,충청남도,당진시,172400,40186,17520,5599,18745,21441,23.309744779582367
44710,2026-06-30,충청남도,금산군,48939,19220,8672,2741,8783,10437,39.27338114795971
44760,2026-06-30,충청남도,부여군,57762,25613,12293,4226,11449,14164,44.3423011668571
44770,2026-06-30,충청남도,서천군,46761,20945,10411,3506,9225,11720,44.791599837471395
44790,2026-06-30,충청남도,청양군,30051,12963,6170,2203,5927,7036,43.13666766496955
44800,2026-06-30,충청남도,홍성군,101566,29222,13454,4438,12972,16250,28.77143926117008
44810,2026-06-30,충청남도,예산군,78318,29283,13548,4468,13071,16212,37.38987206006282
44825,2026-06-30,충청남도,태안군,59039,24025,11079,3204,10887,13138,40.6934399295381
46110,2026-06-30,전라남도,목포시,199524,47425,19933,4793,20442,26983,23.769070387522305
46130,2026-06-30,전라남도,여수시,260502,68279,28759,7275,30589,37690,26.210547327851607
46150,2026-06-30,전라남도,순천시,274131,58612,24185,7216,26235,32377,21.381018564117156
46170,2026-06-30,전라남도,나주시,116691,30728,14290,4443,13636,17092,26.332793445938417
46230,2026-06-30,전라남도,광양시,155975,28148,10712,3253,13131,15017,18.046481807982047
46710,2026-06-30,전라남도,담양군,44031,16914,8169,2684,7613,9301,38.41384479116986
46720,2026-06-30,전라남도,곡성군,27657,11583,5962,2261,5093,6490,41.88089814513505
46730,2026-06-30,전라남도,구례군,24337,10138,5148,1769,4343,5795,41.656736656120316
46770,2026-06-30,전라남도,고흥군,58976,28413,15132,5222,12145,16268,48.17722463374932
46780,2026-06-30,전라남도,보성군,37559,16869,8935,3223,7195,9674,44.913336350808066
46790,2026-06-30,전라남도,화순군,59909,19853,9720,3287,8727,11126,33.13859353352584
46800,2026-06-30,전라남도,장흥군,33952,13971,7241,2591,5901,8070,41.149269557021675
46810,2026-06-30,전라남도,강진군,31666,13064,6745,2318,5598,7466,41.25560538116592
46820,2026-06-30,전라남도,해남군,62027,24626,12186,3845,10727,13899,39.702065229658054
46830,2026-06-30,전라남도,영암군,50076,16430,8031,2651,7241,9189,32.810128604521125
46840,2026-06-30,전라남도,무안군,95659,20837,9454,2740,9225,11612,21.78258187938406
46860,2026-06-30,전라남도,함평군,29601,12736,6551,2301,5530,7206,43.02557346035607
46870,2026-06-30,전라남도,영광군,53902,17674,8772,2681,7582,10092,32.78913583911543
46880,2026-06-30,전라남도,장성군,43095,15429,7598,2493,6967,8462,35.80229725026105
46890,2026-06-30,전라남도,완도군,44175,17538,9040,2813,7569,9969,39.70118845500849
46900,2026-06-30,전라남도,진도군,27882,11249,5822,1935,4828,6421,40.34502546445736
46910,2026-06-30,전라남도,신안군,42319,16501,7936,2533,7668,8833,38.991942153642576
47111,2026-06-30,경상북도,포항시 남구,212298,54819,19681,4557,25077,29742,25.821722296017864
47113,2026-06-30,경상북도,포항시 북구,274710,65981,23676,5993,29700,36281,24.01841942411998
47130,2026-06-30,경상북도,경주시,243051,72258,30357,8721,31901,40357,29.729562931236654
47150,2026-06-30,경상북도,김천시,132740,39731,17160,5598,17488,22243,29.931444929938223
47170,2026-06-30,경상북도,안동시,151864,46593,20677,6449,20315,26278,30.680740662698202
47190,2026-06-30,경상북도,구미시,402726,60057,19862,5689,27601,32456,14.912620491351438
47210,2026-06-30,경상북도,영주시,96440,33229,14825,4638,14441,18788,34.455620074657816
47230,2026-06-30,경상북도,영천시,94107,34662,15402,4452,15693,18969,36.83254168127769
47250,2026-06-30,경상북도,상주시,89228,35206,16410,5626,15158,20048,39.456224503519074
47280,2026-06-30,경상북도,문경시,64774,25279,11615,3747,10917,14362,39.02646123444592
47290,2026-06-30,경상북도,경산시,263406,59813,24184,6478,26489,33324,22.707531339453162
47730,2026-06-30,경상북도,의성군,47952,24027,11469,3893,10677,13350,50.10635635635635
47750,2026-06-30,경상북도,청송군,24020,10843,5107,1679,4786,6057,45.14154870940882
47760,2026-06-30,경상북도,영양군,15972,7035,3353,1144,3050,3985,44.045830202854994
47770,2026-06-30,경상북도,영덕군,32560,14945,7437,2478,6164,8781,45.89987714987715
47820,2026-06-30,경상북도,청도군,40021,19045,8707,2839,8652,10393,47.58751655380925
47830,2026-06-30,경상북도,고령군,29545,12167,5359,1745,5586,6581,41.18124894229142
47840,2026-06-30,경상북도,성주군,40461,17243,7310,2229,8157,9086,42.616346605373074
47850,2026-06-30,경상북도,칠곡군,103537,23770,9677,2999,10920,12850,22.957976375595198
47900,2026-06-30,경상북도,예천군,53422,18847,9057,3296,8335,10512,35.279472876343085
47920,2026-06-30,경상북도,봉화군,28122,13123,6085,2164,6016,7107,46.664533105753506
47930,2026-06-30,경상북도,울진군,46195,15934,7380,2609,6853,9081,34.49291048814806
47940,2026-06-30,경상북도,울릉군,8768,2900,1152,309,1400,1500,33.074817518248175
48121,2026-06-30,경상남도,창원시 의창구,209377,43425,13917,3361,20331,23094,20.740100393070872
48123,2026-06-30,경상남도,창원시 성산구,245292,37569,9883,2356,18418,19151,15.316031505307958
48125,2026-06-30,경상남도,창원시 마산합포구,174487,49425,19604,4866,21395,28030,28.325892473364778
48127,2026-06-30,경상남도,창원시 마산회원구,174175,45102,16611,3635,19925,25177,25.89464618917755
48129,2026-06-30,경상남도,창원시 진해구,182942,37492,14162,3646,16711,20781,20.4939270369844
48170,2026-06-30,경상남도,진주시,334651,76620,30985,8419,32964,43656,22.89549411177615
48220,2026-06-30,경상남도,통영시,115890,32906,12781,3146,14670,18236,28.394166882388472
48240,2026-06-30,경상남도,사천시,107882,30096,13271,3846,12869,17227,27.897146882705176
48250,2026-06-30,경상남도,김해시,532777,90747,31523,7868,41464,49283,17.03282987065883
48270,2026-06-30,경상남도,밀양시,98591,37055,15496,4419,16350,20705,37.58456654258502
48310,2026-06-30,경상남도,거제시,229029,40573,13259,3380,19182,21391,17.715223836282743
48330,2026-06-30,경상남도,양산시,361389,71786,26027,6409,32283,39503,19.86391395421554
48720,2026-06-30,경상남도,의령군,24531,11216,5372,1959,4899,6317,45.7217398393869
48730,2026-06-30,경상남도,함안군,56867,19771,8367,2675,9030,10741,34.76708811788911
48740,2026-06-30,경상남도,창녕군,54445,22415,9993,3145,9834,12581,41.16998806134632
48820,2026-06-30,경상남도,고성군,46808,18942,8671,2788,8402,10540,40.467441462997776
48840,2026-06-30,경상남도,남해군,41143,18171,9229,3330,7684,10487,44.16547164766789
48850,2026-06-30,경상남도,하동군,39596,17739,8446,2926,7917,9822,44.79997979593898
48860,2026-06-30,경상남도,산청군,32638,15044,7047,2513,6707,8337,46.093510631778905
48870,2026-06-30,경상남도,함양군,35141,14871,7232,2579,6315,8556,42.31808998036482
48880,2026-06-30,경상남도,거창군,58846,20343,9532,3395,8589,11754,34.56989430037726
48890,2026-06-30,경상남도,합천군,38854,18921,9335,3313,8081,10840,48.69768878365162
50110,2026-06-30,제주특별자치도,제주시,484123,92096,38161,11631,40848,51248,19.02326474883449
50130,2026-06-30,제주특별자치도,서귀포시,178669,44626,19711,6127,19906,24720,24.976912614947192
51110,2026-06-30,강원특별자치도,춘천시,285027,66488,27039,8591,29057,37431,23.32691288895438
51130,2026-06-30,강원특별자치도,원주시,364811,76544,28432,9014,34465,42079,20.98182346475298
51150,2026-06-30,강원특별자치도,강릉시,205666,58369,24461,7119,25473,32896,28.3804809740064
51170,2026-06-30,강원특별자치도,동해시,85589,23433,9519,2573,10411,13022,27.37851826753438
51190,2026-06-30,강원특별자치도,태백시,36811,12421,5202,1310,5452,6969,33.74263127869387
51210,2026-06-30,강원특별자치도,속초시,78893,21146,8109,2208,9311,11835,26.8033919359132
51230,2026-06-30,강원특별자치도,삼척시,60294,19952,8733,2675,8860,11092,33.09118651938833
51720,2026-06-30,강원특별자치도,홍천군,65849,24363,9432,3072,11645,12718,36.998283952679614
51730,2026-06-30,강원특별자치도,횡성군,45575,18436,7219,2265,8967,9469,40.45200219418541
51750,2026-06-30,강원특별자치도,영월군,35714,14054,5789,1736,6641,7413,39.3515148121185
51760,2026-06-30,강원특별자치도,평창군,39897,15356,6017,1801,7394,7962,38.489109456851395
51770,2026-06-30,강원특별자치도,정선군,35128,12956,5166,1434,6067,6889,36.882259166476885
51780,2026-06-30,강원특별자치도,철원군,39711,12246,5474,1544,5446,6800,30.837803127596885
51790,2026-06-30,강원특별자치도,화천군,22579,6942,2935,954,3283,3659,30.745382877895388
51800,2026-06-30,강원특별자치도,양구군,20372,5891,2428,770,2763,3128,28.91714117416061
51810,2026-06-30,강원특별자치도,인제군,30771,8679,3266,1044,4233,4446,28.205128205128204
51820,2026-06-30,강원특별자치도,고성군,27204,9753,4272,1315,4360,5393,35.85134539038376
51830,2026-06-30,강원특별자치도,양양군,27326,10299,4516,1330,4751,5548,37.68938007758179
52111,2026-06-30,전북특별자치도,전주시 완산구,313529,69448,28750,7539,29991,39457,22.15042308685959
52113,2026-06-30,전북특별자치도,전주시 덕진구,307345,57541,24451,6361,25299,32242,18.72195740942589
52130,2026-06-30,전북특별자치도,군산시,255591,64219,27084,6918,28796,35423,25.12568908920893
52140,2026-06-30,전북특별자치도,익산시,266758,70191,30008,8377,31024,39167,26.31261293007145
52180,2026-06-30,전북특별자치도,정읍시,100738,34282,16976,5535,14880,19402,34.03085230995255
52190,2026-06-30,전북특별자치도,남원시,73812,26161,12932,4320,11226,14935,35.44274643689373
52210,2026-06-30,전북특별자치도,김제시,81631,30000,14820,4894,13010,16990,36.750744202570104
52710,2026-06-30,전북특별자치도,완주군,100102,27560,12072,3663,12802,14758,27.53191744420691
52720,2026-06-30,전북특별자치도,진안군,24689,10514,5098,1720,4928,5586,42.58576694074284
52730,2026-06-30,전북특별자치도,무주군,23326,9356,4527,1606,4160,5196,40.10974877818743
52740,2026-06-30,전북특별자치도,장수군,21169,8755,4227,1457,3880,4875,41.35764561386934
52750,2026-06-30,전북특별자치도,임실군,25342,11198,5797,2069,5143,6055,44.18751479756926
52770,2026-06-30,전북특별자치도,순창군,27584,10831,5487,1893,4693,6138,39.2655162412993
52790,2026-06-30,전북특별자치도,고창군,50071,20870,10809,3513,8987,11883,41.68081324519183
52800,2026-06-30,전북특별자치도,부안군,46946,19234,9604,2995,8355,10879,40.97047671793124
