"sido_code","sido_name","sigungu_code","sigungu_name","nursing_hospital_count","doctor_count","specialist_count"
"110000","서울","110001","강남구","6","30","22"
"110000","서울","110002","강동구","5","46","40"
"110000","서울","110003","강서구","4","26","19"
"110000","서울","110004","관악구","2","13","9"
"110000","서울","110005","구로구","7","58","45"
"110000","서울","110006","도봉구","6","22","17"
"110000","서울","110007","동대문구","5","33","24"
"110000","서울","110008","동작구","1","5","4"
"110000","서울","110009","마포구","3","14","12"
"110000","서울","110010","서대문구","5","22","17"
"110000","서울","110011","성동구","3","14","11"
"110000","서울","110012","성북구","8","46","36"
"110000","서울","110013","영등포구","9","56","44"
"110000","서울","110015","은평구","5","26","16"
"110000","서울","110016","종로구","1","2","1"
"110000","서울","110018","송파구","7","28","20"
"110000","서울","110019","중랑구","2","10","7"
"110000","서울","110020","양천구","2","20","12"
"110000","서울","110021","서초구","4","19","14"
"110000","서울","110022","노원구","7","33","24"
"110000","서울","110023","광진구","2","12","9"
"110000","서울","110024","강북구","4","22","16"
"110000","서울","110025","금천구","3","13","8"
"210000","부산","210001","부산남구","7","39","27"
"210000","부산","210002","부산동구","5","33","21"
"210000","부산","210003","부산동래구","15","97","65"
"210000","부산","210004","부산진구","12","77","49"
"210000","부산","210005","부산북구","13","57","32"
"210000","부산","210006","부산서구","4","21","14"
"210000","부산","210007","부산영도구","5","31","22"
"210000","부산","210008","부산중구","3","20","13"
"210000","부산","210009","부산해운대구","12","66","42"
"210000","부산","210010","부산사하구","20","110","67"
"210000","부산","210011","부산금정구","15","65","44"
"210000","부산","210013","부산연제구","12","56","37"
"210000","부산","210014","부산수영구","9","56","38"
"210000","부산","210015","부산사상구","13","76","50"
"210000","부산","210100","부산기장군","5","24","13"
"220000","인천","220001","인천미추홀구","13","74","48"
"220000","인천","220003","인천부평구","5","29","18"
"220000","인천","220006","인천남동구","14","80","51"
"220000","인천","220007","인천연수구","3","20","14"
"220000","인천","220008","인천계양구","5","25","19"
"220000","인천","220009","인천영종구","1","2","1"
"220000","인천","220010","인천제물포구","3","11","8"
"220000","인천","220011","인천서해구","8","48","33"
"220000","인천","220012","인천검단구","3","11","8"
"220000","인천","220100","인천강화군","2","3","1"
"230000","대구","230001","대구남구","7","36","22"
"230000","대구","230002","대구동구","7","38","25"
"230000","대구","230003","대구북구","12","73","52"
"230000","대구","230004","대구서구","10","56","38"
"230000","대구","230005","대구수성구","9","49","36"
"230000","대구","230006","대구중구","1","5","3"
"230000","대구","230007","대구달서구","11","49","32"
"230000","대구","230100","대구달성군","8","42","23"
"250000","대전","250001","대전유성구","9","46","32"
"250000","대전","250002","대전대덕구","3","12","8"
"250000","대전","250003","대전서구","6","26","19"
"250000","대전","250004","대전동구","14","58","37"
"250000","대전","250005","대전중구","11","54","37"
"260000","울산","260001","울산남구","15","66","33"
"260000","울산","260002","울산동구","3","12","8"
"260000","울산","260003","울산중구","5","27","18"
"260000","울산","260004","울산북구","6","27","13"
"260000","울산","260100","울산울주군","8","40","26"
"310000","경기","310001","가평군","5","12","5"
"310000","경기","310009","양평군","7","22","15"
"310000","경기","310011","연천군","1","2","2"
"310000","경기","310100","광명시","3","18","12"
"310000","경기","310200","동두천시","7","34","26"
"310000","경기","310301","부천소사구","3","29","21"
"310000","경기","310302","부천오정구","5","36","25"
"310000","경기","310303","부천원미구","8","54","39"
"310000","경기","310401","성남수정구","6","34","24"
"310000","경기","310402","성남중원구","3","17","12"
"310000","경기","310403","성남분당구","5","35","30"
"310000","경기","310601","수원권선구","4","16","12"
"310000","경기","310602","수원장안구","8","39","31"
"310000","경기","310603","수원팔달구","4","22","16"
"310000","경기","310604","수원영통구","4","36","30"
"310000","경기","310701","안양만안구","6","26","21"
"310000","경기","310800","의정부시","8","42","29"
"310000","경기","311000","구리시","4","24","17"
"310000","경기","311101","안산단원구","9","64","39"
"310000","경기","311102","안산상록구","5","33","23"
"310000","경기","311200","평택시","9","28","18"
"310000","경기","311300","하남시","6","31","21"
"310000","경기","311400","군포시","3","12","9"
"310000","경기","311500","남양주시","16","69","52"
"310000","경기","311600","의왕시","4","17","15"
"310000","경기","311700","시흥시","11","50","36"
"310000","경기","311800","오산시","5","19","13"
"310000","경기","311901","고양덕양구","8","38","26"
"310000","경기","311902","고양일산서구","5","25","17"
"310000","경기","311903","고양일산동구","12","54","34"
"310000","경기","312001","용인기흥구","9","44","34"
"310000","경기","312002","용인수지구","3","13","9"
"310000","경기","312003","용인처인구","4","15","12"
"310000","경기","312100","이천시","5","16","9"
"310000","경기","312200","파주시","16","68","42"
"310000","경기","312300","김포시","6","28","20"
"310000","경기","312400","안성시","7","20","15"
"310000","경기","312501","화성만세구","4","4","4"
"310000","경기","312502","화성효행구","1","7","5"
"310000","경기","312503","화성병점구","3","15","11"
"310000","경기","312600","광주시","5","29","23"
"310000","경기","312700","양주시","10","44","28"
"310000","경기","312800","포천시","4","12","10"
"310000","경기","312900","여주시","6","22","14"
"320000","강원","320006","영월군","1","2","0"
"320000","강원","320008","인제군","1","0","0"
"320000","강원","320010","철원군","1","5","3"
"320000","강원","320012","평창군","1","3","2"
"320000","강원","320013","홍천군","2","4","3"
"320000","강원","320015","횡성군","1","1","0"
"320000","강원","320100","강릉시","2","6","5"
"320000","강원","320200","동해시","3","14","11"
"320000","강원","320300","속초시","2","7","5"
"320000","강원","320400","원주시","6","21","17"
"320000","강원","320500","춘천시","8","29","18"
"320000","강원","320600","태백시","1","2","2"
"320000","강원","320700","삼척시","1","1","1"
"330000","충북","330001","괴산군","1","2","2"
"330000","충북","330002","단양군","1","2","1"
"330000","충북","330003","보은군","3","8","5"
"330000","충북","330004","영동군","2","7","4"
"330000","충북","330005","옥천군","3","3","2"
"330000","충북","330006","음성군","2","4","2"
"330000","충북","330009","진천군","1","6","4"
"330000","충북","330011","증평군","1","4","2"
"330000","충북","330101","청주상당구","1","9","5"
"330000","충북","330102","청주흥덕구","1","7","5"
"330000","충북","330103","청주청원구","1","7","6"
"330000","충북","330104","청주서원구","6","32","29"
"330000","충북","330200","충주시","7","24","16"
"330000","충북","330300","제천시","5","14","7"
"340000","충남","340002","금산군","2","8","4"
"340000","충남","340007","부여군","3","11","6"
"340000","충남","340009","서천군","4","17","7"
"340000","충남","340014","청양군","2","6","4"
"340000","충남","340015","홍성군","3","13","7"
"340000","충남","340016","태안군","1","4","3"
"340000","충남","340201","천안서북구","7","26","20"
"340000","충남","340202","천안동남구","10","47","34"
"340000","충남","340300","공주시","7","36","24"
"340000","충남","340400","보령시","2","6","3"
"340000","충남","340500","아산시","6","32","23"
"340000","충남","340600","서산시","1","3","2"
"340000","충남","340700","논산시","10","35","24"
"340000","충남","340800","계룡시","1","4","2"
"340000","충남","340900","당진시","3","16","11"
"350000","전북","350001","고창군","5","17","9"
"350000","전북","350004","무주군","1","4","3"
"350000","전북","350005","부안군","2","5","4"
"350000","전북","350006","순창군","2","8","4"
"350000","전북","350008","완주군","3","13","8"
"350000","전북","350010","임실군","1","3","2"
"350000","전북","350100","군산시","7","63","38"
"350000","전북","350200","남원시","4","14","6"
"350000","전북","350300","익산시","8","61","39"
"350000","전북","350401","전주완산구","17","115","72"
"350000","전북","350402","전주덕진구","15","71","48"
"350000","전북","350500","정읍시","4","26","18"
"350000","전북","350600","김제시","3","27","17"
"360000","전남광주","360001","강진군","1","6","1"
"360000","전남광주","360002","고흥군","1","4","2"
"360000","전남광주","360003","곡성군","1","4","2"
"360000","전남광주","360006","구례군","2","5","3"
"360000","전남광주","360008","담양군","4","14","9"
"360000","전남광주","360009","무안군","4","10","4"
"360000","전남광주","360010","보성군","3","12","8"
"360000","전남광주","360012","신안군","2","9","5"
"360000","전남광주","360014","영광군","1","4","3"
"360000","전남광주","360015","영암군","1","4","2"
"360000","전남광주","360017","장성군","2","10","6"
"360000","전남광주","360018","장흥군","1","5","3"
"360000","전남광주","360019","진도군","1","2","0"
"360000","전남광주","360020","함평군","1","5","3"
"360000","전남광주","360021","해남군","1","5","2"
"360000","전남광주","360022","화순군","13","55","33"
"360000","전남","360200","나주시","1","0","0"
"360000","전남광주","360200","나주시","6","42","27"
"360000","전남광주","360300","목포시","11","74","48"
"360000","전남광주","360400","순천시","7","43","30"
"360000","전남광주","360500","여수시","10","51","32"
"360000","전남광주","360700","광양시","4","19","11"
"360000","전남광주","360801","광주동구","9","40","26"
"360000","전남광주","360802","광주북구","18","92","60"
"360000","전남광주","360803","광주서구","7","29","19"
"360000","전남광주","360804","광주광산구","15","105","76"
"360000","전남광주","360805","광주남구","9","54","34"
"370000","경북","370002","고령군","1","3","2"
"370000","경북","370007","봉화군","1","4","2"
"370000","경북","370010","성주군","4","14","9"
"370000","경북","370012","영덕군","2","6","3"
"370000","경북","370017","예천군","2","15","9"
"370000","경북","370019","울진군","2","4","4"
"370000","경북","370021","의성군","5","12","6"
"370000","경북","370022","청도군","5","10","7"
"370000","경북","370024","칠곡군","4","12","9"
"370000","경북","370100","경주시","10","54","31"
"370000","경북","370200","구미시","10","38","25"
"370000","경북","370300","김천시","3","18","10"
"370000","경북","370400","안동시","7","46","30"
"370000","경북","370500","영주시","4","22","14"
"370000","경북","370600","영천시","4","19","11"
"370000","경북","370701","포항남구","6","28","16"
"370000","경북","370702","포항북구","20","106","65"
"370000","경북","370800","문경시","2","9","4"
"370000","경북","370900","상주시","2","7","5"
"370000","경북","371000","경산시","9","41","27"
"380000","경남","380002","거창군","3","12","7"
"380000","경남","380003","고성군","2","9","5"
"380000","경남","380005","남해군","1","2","1"
"380000","경남","380008","산청군","1","4","1"
"380000","경남","380011","의령군","1","4","2"
"380000","경남","380014","창녕군","7","17","10"
"380000","경남","380016","하동군","2","2","1"
"380000","경남","380017","함안군","2","18","12"
"380000","경남","380019","합천군","2","4","2"
"380000","경남","380100","김해시","27","132","77"
"380000","경남","380300","사천시","5","31","21"
"380000","경남","380500","진주시","5","49","33"
"380000","경남","380701","창원마산회원구","7","44","26"
"380000","경남","380702","창원마산합포구","11","58","36"
"380000","경남","380703","창원진해구","4","20","13"
"380000","경남","380704","창원의창구","10","54","34"
"380000","경남","380705","창원성산구","2","20","14"
"380000","경남","380800","통영시","2","13","8"
"380000","경남","380900","밀양시","5","22","14"
"380000","경남","381000","거제시","2","11","6"
"380000","경남","381100","양산시","12","61","38"
"390000","제주","390200","제주시","10","40","31"
"410000","세종시","410000","세종시","4","10","7"
