지역키,sido_name,sigungu_name,region_code,demand_value,current_resource,total_population,elderly_population,elderly_single_households,aging_rate,elderly_single_household_index,service,resource_type,demand_scenario,current_supply_rate,target_scenario,target_supply_rate,target_resource,continuous_gap,integer_need,provider_missing,eligible_for_allocation,allocation_cap,vulnerability_score
경기도|연천군,경기도,연천군,41800,1694.5,27.0,42977,14788,5073,34.40910254322079,34.3048417635921,visit_care,institution,ltci_midpoint,15.933903806432577,county_median,11.909217437998507,20.18016894868847,0.0,0,False,False,2,-0.8341130156300356
경기도|가평군,경기도,가평군,41820,2497.5,33.0,62041,21597,7681,34.81085088892829,35.56512478584989,visit_care,institution,ltci_midpoint,13.213213213213212,county_median,11.909217437998507,29.74327055140127,0.0,0,False,False,2,-0.6051631039795765
경기도|양평군,경기도,양평군,41830,4810.5,74.0,126822,43216,13464,34.07610666918989,31.155127730470195,visit_care,institution,ltci_midpoint,15.383016318470014,county_median,11.909217437998507,57.28929048549182,0.0,0,False,False,2,-1.354002110776552
충청북도|보은군,충청북도,보은군,43720,1853.5,22.0,31181,13525,4769,43.37577370834803,35.26062846580407,visit_care,institution,ltci_midpoint,11.869436201780417,county_median,11.909217437998507,22.073734521330234,0.07373452133023406,1,False,True,2,0.014673453402190617
충청북도|옥천군,충청북도,옥천군,43730,2494.5,29.0,50547,18901,6548,37.392921439452394,34.64366964710862,visit_care,institution,ltci_midpoint,11.625576267789137,county_median,11.909217437998507,29.707542899087276,0.7075428990872759,1,False,True,2,-0.5484066819200446
충청북도|영동군,충청북도,영동군,43740,2642.5,25.0,43011,17768,6398,41.31036246541582,36.008554705087796,visit_care,institution,ltci_midpoint,9.460737937559129,county_median,11.909217437998507,31.470107079911052,6.4701070799110525,7,False,True,2,-0.02902486989295594
충청북도|증평군,충청북도,증평군,43745,1208.5,13.0,36741,8781,3173,23.899730546256226,36.134836578977335,visit_care,institution,ltci_midpoint,10.757136946628052,county_median,11.909217437998507,14.392289273821195,1.392289273821195,2,False,True,2,-1.366281744361387
충청북도|진천군,충청북도,진천군,43750,1967.5,20.0,85569,18464,5943,21.57790788720214,32.18695840554593,visit_care,institution,ltci_midpoint,10.165184243964422,county_median,11.909217437998507,23.431385309262062,3.431385309262062,4,False,True,2,-2.1663556677033737
충청북도|괴산군,충청북도,괴산군,43760,1594.0,21.0,37415,16412,5875,43.86476012294535,35.79697782110651,visit_care,institution,ltci_midpoint,13.174404015056462,county_median,11.909217437998507,18.98329259616962,0.0,0,False,False,2,0.13689676730574335
충청북도|음성군,충청북도,음성군,43770,2769.5,32.0,95954,26403,9003,27.51630989849303,34.09839790932849,visit_care,institution,ltci_midpoint,11.55443220797978,county_median,11.909217437998507,32.982577694536864,0.9825776945368645,1,False,True,2,-1.4037414449250742
충청북도|단양군,충청북도,단양군,43800,1098.5,13.0,26628,11286,4144,42.38395673726904,36.71805777068935,visit_care,institution,ltci_midpoint,11.834319526627219,county_median,11.909217437998507,13.08227535564136,0.08227535564135913,1,False,True,2,0.16591905189001477
충청남도|금산군,충청남도,금산군,44710,2943.0,44.0,48939,19220,6934,39.27338114795971,36.07700312174818,visit_care,institution,ltci_midpoint,14.950730547060823,county_median,11.909217437998507,35.048826920029605,0.0,0,False,False,2,-0.17706204673266548
충청남도|부여군,충청남도,부여군,44760,3443.0,41.0,57762,25613,8850,44.3423011668571,34.55276617342756,visit_care,institution,ltci_midpoint,11.908219575951204,county_median,11.909217437998507,41.00343563902886,0.0034356390288579064,1,False,True,2,-0.020997220906607217
충청남도|서천군,충청남도,서천군,44770,3164.5,51.0,46761,20945,7437,44.791599837471395,35.50728097397947,visit_care,institution,ltci_midpoint,16.11629009322168,county_median,11.909217437998507,37.68671858254627,0.0,0,False,False,2,0.1637088050125447
충청남도|청양군,충청남도,청양군,44790,1595.0,17.0,30051,12963,4309,43.13666766496955,33.24076216925094,visit_care,institution,ltci_midpoint,10.65830721003135,county_median,11.909217437998507,18.99520181360762,1.9952018136076184,2,False,True,2,-0.3207162465664129
충청남도|홍성군,충청남도,홍성군,44800,4122.0,54.0,101566,29222,9328,28.77143926117008,31.92115529395661,visit_care,institution,ltci_midpoint,13.100436681222707,county_median,11.909217437998507,49.089794279429846,0.0,0,False,False,2,-1.6473434953261967
충청남도|예산군,충청남도,예산군,44810,3516.0,46.0,78318,29283,9243,37.38987206006282,31.564388894580475,visit_care,institution,ltci_midpoint,13.083048919226393,county_median,11.909217437998507,41.87280851200275,0.0,0,False,False,2,-1.0315330619470107
충청남도|태안군,충청남도,태안군,44825,2568.0,35.0,59039,24025,8296,40.6934399295381,34.53069719042664,visit_care,institution,ltci_midpoint,13.629283489096572,county_median,11.909217437998507,30.582870380780165,0.0,0,False,False,2,-0.3088661335074567
전라남도|담양군,전라남도,담양군,46710,2475.5,28.0,44031,16914,5979,38.41384479116986,35.349414686058886,visit_care,institution,ltci_midpoint,11.310846293678045,county_median,11.909217437998507,29.481267767765306,1.4812677677653063,2,False,True,2,-0.3581574890152635
전라남도|곡성군,전라남도,곡성군,46720,1768.5,18.0,27657,11583,4598,41.88089814513505,39.69610636277303,visit_care,institution,ltci_midpoint,10.178117048346056,county_median,11.909217437998507,21.061451039100362,3.061451039100362,4,False,True,2,0.5937220873562147
전라남도|구례군,전라남도,구례군,46730,1776.0,16.0,24337,10138,3929,41.656736656120316,38.75517853620043,visit_care,institution,ltci_midpoint,9.00900900900901,county_median,11.909217437998507,21.150770169885348,5.150770169885348,6,False,True,2,0.42869492179343427
전라남도|고흥군,전라남도,고흥군,46770,3853.5,45.0,58976,28413,11626,48.17722463374932,40.9178896983775,visit_care,institution,ltci_midpoint,11.677695601401323,county_median,11.909217437998507,45.89216939732725,0.8921693973272511,1,False,True,2,1.276083537693859
전라남도|보성군,전라남도,보성군,46780,2159.5,29.0,37559,16869,7049,44.913336350808066,41.7867093485091,visit_care,institution,ltci_midpoint,13.429034498726558,county_median,11.909217437998507,25.717955057357777,0.0,0,False,False,2,1.1579290547954109
전라남도|화순군,전라남도,화순군,46790,2868.0,50.0,59909,19853,7960,33.13859353352584,40.094696015715506,visit_care,institution,ltci_midpoint,17.433751743375176,county_median,11.909217437998507,34.155635612179715,0.0,0,False,False,2,-0.025184786010808924
전라남도|장흥군,전라남도,장흥군,46800,2456.5,29.0,33952,13971,5826,41.149269557021675,41.700665664590936,visit_care,institution,ltci_midpoint,11.805414207205374,county_median,11.909217437998507,29.25499263644333,0.2549926364433297,1,False,True,2,0.8510480938084749
전라남도|강진군,전라남도,강진군,46810,2094.0,20.0,31666,13064,5353,41.25560538116592,40.97519902020821,visit_care,institution,ltci_midpoint,9.551098376313277,county_median,11.909217437998507,24.937901315168872,4.937901315168872,5,False,True,2,0.7455696585330088
전라남도|해남군,전라남도,해남군,46820,3274.0,42.0,62027,24626,9400,39.702065229658054,38.171038739543576,visit_care,institution,ltci_midpoint,12.828344532681736,county_median,11.909217437998507,38.99077789200712,0.0,0,False,False,2,0.18473532245445495
전라남도|영암군,전라남도,영암군,46830,2349.5,29.0,50076,16430,6607,32.810128604521125,40.213024954351795,visit_care,institution,ltci_midpoint,12.343051713130453,county_median,11.909217437998507,27.980706370577494,0.0,0,False,False,2,-0.03223058216610941
전라남도|무안군,전라남도,무안군,46840,2945.0,38.0,95659,20837,7613,21.78258187938406,36.5359696693382,visit_care,institution,ltci_midpoint,12.903225806451612,county_median,11.909217437998507,35.0726453549056,0.0,0,False,False,2,-1.468396345866459
전라남도|함평군,전라남도,함평군,46860,2148.0,27.0,29601,12736,5471,43.02557346035607,42.95697236180904,visit_care,institution,ltci_midpoint,12.569832402234638,county_median,11.909217437998507,25.580999056820794,0.0,0,False,False,2,1.1943077045164685
전라남도|영광군,전라남도,영광군,46870,2678.5,35.0,53902,17674,6755,32.78913583911543,38.21998415751952,visit_care,institution,ltci_midpoint,13.06701512040321,county_median,11.909217437998507,31.898838907679,0.0,0,False,False,2,-0.34641284737767386
전라남도|장성군,전라남도,장성군,46880,2492.5,27.0,43095,15429,5869,35.80229725026105,38.03875818264307,visit_care,institution,ltci_midpoint,10.832497492477431,county_median,11.909217437998507,29.683724464211277,2.683724464211277,3,False,True,2,-0.13997358271849286
전라남도|완도군,전라남도,완도군,46890,2575.0,38.0,44175,17538,6739,39.70118845500849,38.42513399475425,visit_care,institution,ltci_midpoint,14.757281553398059,county_median,11.909217437998507,30.666234902846153,0.0,0,False,False,2,0.22451386165184795
전라남도|진도군,전라남도,진도군,46900,1511.5,22.0,27882,11249,4772,40.34502546445736,42.421548582096186,visit_care,institution,ltci_midpoint,14.555077737347005,county_median,11.909217437998507,18.000782157534744,0.0,0,False,False,2,0.9014097151691349
전라남도|신안군,전라남도,신안군,46910,1939.5,22.0,42319,16501,5513,38.991942153642576,33.4100963577965,visit_care,institution,ltci_midpoint,11.34312967259603,county_median,11.909217437998507,23.097927220998102,1.097927220998102,2,False,True,2,-0.6172193832502889
경상북도|의성군,경상북도,의성군,47730,3596.5,42.0,47952,24027,9445,50.10635635635635,39.30994298081325,visit_care,institution,ltci_midpoint,11.67802029751147,county_median,11.909217437998507,42.83150051576163,0.8315005157616326,1,False,True,2,1.1742923799361131
경상북도|청송군,경상북도,청송군,47750,1085.5,8.0,24020,10843,3986,45.14154870940882,36.761043991515265,visit_care,institution,ltci_midpoint,7.369875633348688,county_median,11.909217437998507,12.927455528947378,4.9274555289473785,5,False,True,2,0.38759878238235385
경상북도|영양군,경상북도,영양군,47760,754.0,9.0,15972,7035,2596,44.045830202854994,36.901208244491826,visit_care,institution,ltci_midpoint,11.936339522546419,county_median,11.909217437998507,8.979549948250876,0.0,0,False,False,2,0.3241740966846919
경상북도|영덕군,경상북도,영덕군,47770,2183.0,26.0,32560,14945,6213,45.89987714987715,41.572432251589156,visit_care,institution,ltci_midpoint,11.910215300045808,county_median,11.909217437998507,25.99782166715074,0.0,0,False,False,2,1.201221678763409
경상북도|청도군,경상북도,청도군,47820,2719.5,42.0,40021,19045,7497,47.58751655380925,39.36466264111315,visit_care,institution,ltci_midpoint,15.444015444015445,county_median,11.909217437998507,32.38711682263694,0.0,0,False,False,2,0.986544135823392
경상북도|고령군,경상북도,고령군,47830,1334.0,20.0,29545,12167,5151,41.18124894229142,42.33582641571464,visit_care,institution,ltci_midpoint,14.992503748125937,county_median,11.909217437998507,15.886896062290008,0.0,0,False,False,2,0.953145767253421
경상북도|성주군,경상북도,성주군,47840,2043.0,19.0,40461,17243,6602,42.616346605373074,38.288000927912776,visit_care,institution,ltci_midpoint,9.30004894762604,county_median,11.909217437998507,24.33053122583095,5.330531225830949,6,False,True,2,0.43022891773836147
경상북도|칠곡군,경상북도,칠곡군,47850,3196.0,49.0,103537,23770,8446,22.957976375595198,35.53218342448464,visit_care,institution,ltci_midpoint,15.331664580725906,county_median,11.909217437998507,38.061858931843226,0.0,0,False,False,2,-1.5341934158905277
경상북도|예천군,경상북도,예천군,47900,2676.5,38.0,53422,18847,6875,35.279472876343085,36.4779540510426,visit_care,institution,ltci_midpoint,14.19764617971231,county_median,11.909217437998507,31.875020472803005,0.0,0,False,False,2,-0.42548800489225674
경상북도|봉화군,경상북도,봉화군,47920,1176.5,10.0,28122,13123,4923,46.664533105753506,37.51428789148823,visit_care,institution,ltci_midpoint,8.499787505312366,county_median,11.909217437998507,14.011194315805243,4.011194315805243,5,False,True,2,0.6244295004927404
경상북도|울진군,경상북도,울진군,47930,2376.5,21.0,46195,15934,6622,34.49291048814806,41.5589305886783,visit_care,institution,ltci_midpoint,8.836524300441827,county_median,11.909217437998507,28.30225524140345,7.302255241403451,8,False,True,2,0.3099958680114145
경상북도|울릉군,경상북도,울릉군,47940,137.5,3.0,8768,2900,1202,33.074817518248175,41.44827586206897,visit_care,institution,ltci_midpoint,21.81818181818182,county_median,11.909217437998507,1.6375173977247945,0.0,0,False,False,2,0.18211081960031728
경상남도|의령군,경상남도,의령군,48720,1658.5,25.0,24531,11216,5012,45.7217398393869,44.686162624821684,visit_care,institution,ltci_midpoint,15.073861923424783,county_median,11.909217437998507,19.751437120920524,0.0,0,False,False,2,1.6756279252139599
경상남도|함안군,경상남도,함안군,48730,3117.5,59.0,56867,19771,7483,34.76708811788911,37.84836376511051,visit_care,institution,ltci_midpoint,18.92542101042502,county_median,11.909217437998507,37.12698536296035,0.0,0,False,False,2,-0.25051967469042014
경상남도|창녕군,경상남도,창녕군,48740,3504.0,49.0,54445,22415,9213,41.16998806134632,41.10194066473344,visit_care,institution,ltci_midpoint,13.984018264840183,county_median,11.909217437998507,41.729897902746764,0.0,0,False,False,2,0.7587717285224828
경상남도|고성군,경상남도,고성군,48820,2806.5,32.0,46808,18942,7481,40.467441462997776,39.49424559180657,visit_care,institution,ltci_midpoint,11.402102262604668,county_median,11.909217437998507,33.42321873974281,1.4232187397428078,2,False,True,2,0.45189560118179994
경상남도|남해군,경상남도,남해군,48840,3037.0,34.0,41143,18171,6564,44.16547164766789,36.12349347861978,visit_care,institution,ltci_midpoint,11.195258478761936,county_median,11.909217437998507,36.16829335920146,2.1682933592014635,3,False,True,2,0.21153927855808963
경상남도|하동군,경상남도,하동군,48850,3168.5,45.0,39596,17739,7003,44.79997979593898,39.47798635774283,visit_care,institution,ltci_midpoint,14.202303929304087,county_median,11.909217437998507,37.73435545229827,0.0,0,False,False,2,0.7870426945327347
경상남도|산청군,경상남도,산청군,48860,2599.0,28.0,32638,15044,6314,46.093510631778905,41.97022068598777,visit_care,institution,ltci_midpoint,10.773374374759522,county_median,11.909217437998507,30.95205612135812,2.952056121358119,3,False,True,2,1.2786949642985335
경상남도|함양군,경상남도,함양군,48870,2274.0,28.0,35141,14871,6012,42.31808998036482,40.427678031067174,visit_care,institution,ltci_midpoint,12.313104661389621,county_median,11.909217437998507,27.081560454008606,0.0,0,False,False,2,0.7425228094989436
경상남도|거창군,경상남도,거창군,48880,3058.5,34.0,58846,20343,7663,34.56989430037726,37.66897704370054,visit_care,institution,ltci_midpoint,11.116560405427496,county_median,11.909217437998507,36.42434153411843,2.424341534118433,3,False,True,2,-0.29402100307493373
경상남도|합천군,경상남도,합천군,48890,2398.0,24.0,38854,18921,8049,48.69768878365162,42.54003488187728,visit_care,institution,ltci_midpoint,10.008340283569641,county_median,11.909217437998507,28.558303416320417,4.558303416320417,5,False,True,2,1.5710334156585803
강원특별자치도|홍천군,강원특별자치도,홍천군,51720,2163.5,25.0,65849,24363,8014,36.998283952679614,32.89414275746008,visit_care,institution,ltci_midpoint,11.555350127108852,county_median,11.909217437998507,25.76559192710977,0.7655919271097709,1,False,True,2,-0.8535249127219697
강원특별자치도|횡성군,강원특별자치도,횡성군,51730,1679.0,19.0,45575,18436,5901,40.45200219418541,32.008027771750925,visit_care,institution,ltci_midpoint,11.316259678379987,county_median,11.909217437998507,19.99557607839949,0.9955760783994911,1,False,True,2,-0.7232864902659932
강원특별자치도|영월군,강원특별자치도,영월군,51750,1378.0,18.0,35714,14054,5502,39.3515148121185,39.14899672691049,visit_care,institution,ltci_midpoint,13.062409288824384,county_median,11.909217437998507,16.410901629561945,0.0,0,False,False,2,0.3107739676569163
강원특별자치도|평창군,강원특별자치도,평창군,51760,1182.5,17.0,39897,15356,5414,38.489109456851395,35.256577233654596,visit_care,institution,ltci_midpoint,14.37632135306554,county_median,11.909217437998507,14.082649620433234,0.0,0,False,False,2,-0.36684967964638276
강원특별자치도|정선군,강원특별자치도,정선군,51770,1063.0,8.0,35128,12956,4985,36.882259166476885,38.47638159925903,visit_care,institution,ltci_midpoint,7.525870178739417,county_median,11.909217437998507,12.659498136592413,4.659498136592413,5,False,True,2,0.012830857190139072
강원특별자치도|철원군,강원특별자치도,철원군,51780,1157.5,19.0,39711,12246,4022,30.837803127596885,32.843377429364686,visit_care,institution,ltci_midpoint,16.414686825053995,county_median,11.909217437998507,13.784919184483272,0.0,0,False,False,2,-1.341660481196371
강원특별자치도|화천군,강원특별자치도,화천군,51790,574.5,4.0,22579,6942,2460,30.745382877895388,35.43647363872083,visit_care,institution,ltci_midpoint,6.962576153176675,county_median,11.909217437998507,6.841845418130142,2.8418454181301422,3,False,True,2,-0.942218229706963
강원특별자치도|양구군,강원특별자치도,양구군,51800,555.0,2.0,20372,5891,1993,28.91714117416061,33.8312680359871,visit_care,institution,ltci_midpoint,3.6036036036036037,county_median,11.909217437998507,6.609615678089171,4.609615678089171,5,False,True,2,-1.3364455246857456
강원특별자치도|인제군,강원특별자치도,인제군,51810,611.0,5.0,30771,8679,3008,28.205128205128204,34.65837078004378,visit_care,institution,ltci_midpoint,8.183306055646481,county_median,11.909217437998507,7.276531854617088,2.2765318546170876,3,False,True,2,-1.2622377577476962
강원특별자치도|고성군,강원특별자치도,고성군,51820,838.0,5.0,27204,9753,3771,35.85134539038376,38.66502614580129,visit_care,institution,ltci_midpoint,5.966587112171838,county_median,11.909217437998507,9.979924213042748,4.979924213042748,5,False,True,2,-0.037940051567619426
강원특별자치도|양양군,강원특별자치도,양양군,51830,1012.0,8.0,27326,10299,3708,37.68938007758179,36.003495484998545,visit_care,institution,ltci_midpoint,7.905138339920948,county_median,11.909217437998507,12.05212804725449,4.05212804725449,5,False,True,2,-0.31205333562650783
전북특별자치도|완주군,전북특별자치도,완주군,52710,3941.0,42.0,100102,27560,9016,27.53191744420691,32.71407837445574,visit_care,institution,ltci_midpoint,10.657193605683837,county_median,11.909217437998507,46.93422592315212,4.93422592315212,5,False,True,2,-1.6196120670779623
전북특별자치도|진안군,전북특별자치도,진안군,52720,1338.5,15.0,24689,10514,4020,42.58576694074284,38.23473463952825,visit_care,institution,ltci_midpoint,11.206574523720583,county_median,11.909217437998507,15.940487540761001,0.9404875407610014,1,False,True,2,0.4194922576761587
전북특별자치도|무주군,전북특별자치도,무주군,52730,1095.0,19.0,23326,9356,3691,40.10974877818743,39.45061992304403,visit_care,institution,ltci_midpoint,17.35159817351598,county_median,11.909217437998507,13.040593094608365,0.0,0,False,False,2,0.41717416146864095
전북특별자치도|장수군,전북특별자치도,장수군,52740,835.0,11.0,21169,8755,3301,41.35764561386934,37.70416904625928,visit_care,institution,ltci_midpoint,13.173652694610778,county_median,11.909217437998507,9.944196560728752,0.0,0,False,False,2,0.24056456205045668
전북특별자치도|임실군,전북특별자치도,임실군,52750,1597.0,21.0,25342,11198,4625,44.18751479756926,41.302018217538844,visit_care,institution,ltci_midpoint,13.149655604257983,county_median,11.909217437998507,19.019020248483617,0.0,0,False,False,2,1.025346755910398
전북특별자치도|순창군,전북특별자치도,순창군,52770,1451.0,19.0,27584,10831,4119,39.2655162412993,38.02972948019573,visit_care,institution,ltci_midpoint,13.094417643004823,county_median,11.909217437998507,17.280274502535836,0.0,0,False,False,2,0.12854886982421446
전북특별자치도|고창군,전북특별자치도,고창군,52790,3457.5,34.0,50071,20870,8300,41.68081324519183,39.77000479156684,visit_care,institution,ltci_midpoint,9.833694866232827,county_median,11.909217437998507,41.17611929187984,7.176119291879843,8,False,True,2,0.5897152546906386
전북특별자치도|부안군,전북특별자치도,부안군,52800,2577.5,35.0,46946,19234,8057,40.97047671793124,41.88936258708537,visit_care,institution,ltci_midpoint,13.579049466537343,county_median,11.909217437998507,30.69600794644115,0.0,0,False,False,2,0.8667034033701545
